ID,Operating_Hours,Voltage_RMS,Irms,Power_Factor,Phase_Angle,I_THD,Vibration_X,Vibration_Y,Vibration_Z,RMS_Vibration,Peak_Acceleration,Kurtosis,Skewness,Variance,Peak_to_Peak,Dominant_Frequency,Spectral_Energy,Belt_Condition
1,0.0083,238.799838,0.705103,0.924536,0.388939,0.016984,0.131156,0.218173,0.192779,0.12263,0.436649,0.09762,0.511249,0.012497,0.670579,99.428272,52199.357562,normal load
2,0.0231,238.862793,0.713223,0.922151,0.397777,0.022707,0.120698,0.218712,0.204699,0.108934,0.413819,-0.6,0.561141,0.014107,0.6508,99.5801,53231.592841,normal load
3,0.0354,238.75498,0.716876,0.923932,0.39338,0.012088,0.128358,0.219849,0.189759,0.120418,0.443127,0.038647,0.357187,0.013301,0.836134,100.686177,47517.104601,normal load
4,0.0384,238.657063,0.718766,0.922132,0.397587,0.022362,0.121942,0.207246,0.175842,0.109015,0.420462,0.352749,0.233022,0.012639,0.578844,101.607824,43529.570548,normal load
5,0.055,238.768095,0.715889,0.920785,0.402156,0.011666,0.140268,0.230265,0.196142,0.122228,0.473307,0.23278,0.424724,0.013583,0.764433,101.139153,59231.319279,normal load
6,0.0683,238.653699,0.707342,0.922939,0.395281,0.024635,0.129635,0.209117,0.18147,0.110606,0.398876,0.810274,0.454974,0.010764,0.658886,100.52472,47939.522435,normal load
7,0.082,238.840332,0.710116,0.920688,0.401545,0.032474,0.118997,0.197201,0.163629,0.111633,0.385954,0.469191,0.167585,0.01277,0.654723,99.831636,47260.311084,normal load
8,0.0855,238.425289,0.712601,0.924968,0.3903,0.016145,0.122519,0.204376,0.167621,0.103475,0.3846,0.523419,0.248531,0.010006,0.694249,99.988747,42269.381997,normal load
9,0.094,238.649659,0.708727,0.92055,0.401174,0.002,0.144928,0.232756,0.184958,0.12773,0.453819,1.150081,0.29811,0.013513,0.809874,99.121843,54810.201731,normal load
10,0.1012,238.401378,0.708785,0.926136,0.385964,0.013163,0.127692,0.214057,0.192662,0.116371,0.421714,0.328276,0.366104,0.012968,0.659984,98.496649,47132.451858,normal load
11,0.1171,238.475741,0.712943,0.920456,0.404873,0.025623,0.125497,0.197719,0.175441,0.106165,0.416106,0.105286,0.273531,0.012476,0.660615,98.785881,51782.730847,normal load
12,0.1285,238.904579,0.707644,0.922301,0.396125,0.020872,0.130283,0.224887,0.181036,0.117538,0.441807,0.415216,0.511311,0.012699,0.589372,99.84482,60576.673652,normal load
13,0.1428,238.834278,0.703624,0.922126,0.396257,0.018742,0.136197,0.223487,0.199063,0.114239,0.453569,-0.150744,0.151774,0.011459,0.688639,99.537207,52026.580303,normal load
14,0.1512,238.592078,0.705513,0.927975,0.382505,0.024061,0.140005,0.232558,0.189221,0.119784,0.449198,0.096311,0.160388,0.013088,0.677243,98.477502,51565.522597,normal load
15,0.1562,238.474624,0.711803,0.924991,0.390163,0.020391,0.107261,0.20942,0.17601,0.104677,0.381027,-0.163029,0.326498,0.010934,0.597739,99.766409,36915.581231,normal load
16,0.1663,238.255321,0.708018,0.923365,0.391935,0.025524,0.123324,0.217222,0.174263,0.111058,0.437368,0.186783,0.361232,0.011716,0.550121,99.513413,42762.236169,normal load
17,0.1688,238.618476,0.710041,0.925496,0.390137,0.023436,0.131021,0.202991,0.193182,0.102657,0.397642,-0.174048,0.169805,0.012987,0.669029,98.744436,52647.005682,normal load
18,0.1831,239.063062,0.71202,0.917678,0.408458,0.027652,0.110676,0.18705,0.171687,0.093981,0.386901,-0.171633,0.283852,0.010296,0.493074,99.466839,40690.800371,normal load
19,0.1944,238.765233,0.705751,0.923871,0.391056,0.019512,0.13326,0.224421,0.18363,0.119215,0.451409,0.205039,0.338474,0.013403,0.703888,99.511142,50200.526758,normal load
20,0.2076,238.616064,0.712537,0.929993,0.378187,0.023337,0.125599,0.201295,0.172272,0.10683,0.398879,0.001777,0.32876,0.012458,0.577487,99.245027,50237.275522,normal load
21,0.2146,238.769762,0.710273,0.924397,0.392283,0.01485,0.122366,0.22593,0.195217,0.116935,0.43442,-0.6,0.420346,0.013731,0.633429,100.634003,55348.027498,normal load
22,0.0165,238.465856,0.700591,0.924204,0.389954,0.01279,0.141695,0.237309,0.202231,0.127891,0.463383,-0.513654,0.307438,0.013868,0.807156,98.087389,53919.165372,normal load
23,0.0319,238.655401,0.716654,0.925644,0.390727,0.028947,0.113447,0.208086,0.178244,0.104545,0.418785,-0.345334,0.60625,0.012912,0.683618,98.012781,46643.151409,normal load
24,0.0455,238.714922,0.704996,0.926687,0.386285,0.018513,0.117635,0.210387,0.190597,0.103604,0.410486,-0.253585,0.458327,0.012099,0.715054,99.802957,48001.574014,normal load
25,0.05,238.687085,0.698069,0.918008,0.407754,0.022634,0.13119,0.223306,0.177348,0.11896,0.408136,0.196205,0.26973,0.012922,0.7575,99.886514,47081.099561,normal load
26,0.0587,238.818621,0.70173,0.918953,0.407764,0.017866,0.132261,0.221563,0.192855,0.118515,0.421064,0.132879,0.414032,0.011915,0.646209,100.163794,49372.662091,normal load
27,0.0609,238.751697,0.701874,0.924631,0.39097,0.012894,0.11866,0.203258,0.186406,0.106761,0.39407,0.410866,0.402772,0.010035,0.731237,99.314924,48735.236594,normal load
28,0.0648,238.800249,0.708313,0.921855,0.397913,0.017077,0.122767,0.213936,0.184509,0.104343,0.40931,0.303591,0.56311,0.012408,0.551248,98.973869,47853.38656,normal load
29,0.0769,238.596744,0.706357,0.927936,0.380969,0.027052,0.130194,0.227873,0.191237,0.115457,0.426598,0.44764,0.307768,0.013506,0.739653,99.793415,58200.6788,normal load
30,0.0899,238.834672,0.705979,0.923054,0.395722,0.020887,0.126423,0.211729,0.183864,0.108951,0.456439,0.267917,0.50986,0.013117,0.642895,99.40258,51128.196163,normal load
31,0.1064,238.944341,0.711718,0.918196,0.408008,0.00502,0.115264,0.188567,0.148641,0.103724,0.392044,0.110773,0.375475,0.010802,0.536706,101.195964,47494.528792,normal load
32,0.113,238.554478,0.710039,0.920196,0.402238,0.015493,0.112038,0.198501,0.162281,0.101655,0.382259,0.408135,0.594636,0.012926,0.65643,99.508195,42381.931444,normal load
33,0.1202,238.566846,0.709896,0.915751,0.412238,0.029476,0.13355,0.228296,0.199602,0.124351,0.444733,0.399702,0.605142,0.01307,0.766238,99.752133,54143.518836,normal load
34,0.129,238.900368,0.710459,0.923298,0.394412,0.015503,0.124618,0.204724,0.185437,0.11224,0.417798,0.185284,0.423742,0.013088,0.72818,102.0,47467.164702,normal load
35,0.1334,238.671298,0.711697,0.923435,0.393755,0.004397,0.109761,0.1912,0.1767,0.103174,0.403633,0.476016,0.343911,0.012499,0.647739,99.624716,48205.692371,normal load
36,0.1369,238.910573,0.695352,0.922727,0.393701,0.030251,0.117421,0.201999,0.190794,0.108944,0.420479,-0.6,0.464001,0.013768,0.662294,100.300541,50587.44715,normal load
37,0.1458,238.63362,0.705813,0.927237,0.381624,0.021777,0.133491,0.203386,0.172435,0.101177,0.404909,-0.051696,0.363053,0.012255,0.692049,100.381678,48991.877782,normal load
38,0.1508,238.918257,0.694919,0.927596,0.38372,0.01651,0.13087,0.213218,0.187606,0.115222,0.437284,-0.059124,0.653749,0.012437,0.702505,100.458261,58298.631708,normal load
39,0.1627,238.719723,0.708216,0.923489,0.389816,0.0144,0.107637,0.200181,0.17227,0.10334,0.395971,0.422645,0.387888,0.010453,0.647659,100.060539,50055.372578,normal load
40,0.171,238.738734,0.707972,0.917596,0.409115,0.024576,0.109544,0.199988,0.168968,0.110206,0.391726,0.57476,0.322159,0.013216,0.644489,99.974457,50515.269167,normal load
41,0.1854,238.934708,0.714273,0.925852,0.386796,0.013206,0.125019,0.214241,0.198381,0.105578,0.446127,-0.463807,0.323241,0.013008,0.719575,99.890301,51911.727857,normal load
42,0.1977,238.645734,0.715126,0.925666,0.389966,0.025038,0.132748,0.200382,0.190264,0.11569,0.413116,0.541193,0.207525,0.0128,0.559073,99.281605,54199.15824,normal load
43,0.2041,238.558832,0.709217,0.924928,0.38921,0.020795,0.126425,0.212773,0.190844,0.118073,0.441943,-0.370299,0.480205,0.015351,0.670995,100.092967,45597.034654,normal load
44,0.2185,238.632715,0.704998,0.926944,0.3856,0.018713,0.124219,0.201201,0.187898,0.109748,0.378942,-0.327944,0.258661,0.011992,0.536395,101.625781,50184.907928,normal load
45,0.2324,238.76785,0.710911,0.920506,0.400829,0.018019,0.128326,0.217915,0.172778,0.113382,0.442956,-0.032571,0.559653,0.011681,0.688387,100.889614,46499.412172,normal load
46,0.24,238.465136,0.704832,0.930026,0.376483,0.015775,0.133595,0.21639,0.192918,0.121747,0.444296,-0.064722,0.201339,0.013026,0.794538,100.073526,49657.57885,normal load
47,0.2459,238.795621,0.707992,0.921122,0.400949,0.024319,0.119004,0.216243,0.190751,0.108431,0.417695,-0.507506,0.414035,0.012024,0.64762,100.570247,51784.293076,normal load
48,0.258,238.619184,0.713917,0.926248,0.38577,0.010943,0.130488,0.226853,0.176042,0.115228,0.424969,0.279387,0.564487,0.01227,0.672226,99.017742,53085.737175,normal load
49,0.2617,238.872172,0.704653,0.918938,0.406912,0.005647,0.121396,0.20887,0.184829,0.10798,0.442635,0.286411,0.067002,0.012118,0.702225,99.565539,44874.598788,normal load
50,0.2663,238.340861,0.712834,0.921209,0.398129,0.021301,0.124002,0.196382,0.165402,0.100336,0.393811,0.401428,0.678127,0.011509,0.508387,100.653065,45122.819579,normal load
51,0.2679,238.582015,0.712064,0.928549,0.380753,0.021419,0.118669,0.208028,0.188556,0.106702,0.408951,-0.101343,0.32562,0.01134,0.626297,101.13845,48936.426066,normal load
52,0.2816,238.44703,0.702271,0.923217,0.39581,0.020362,0.132872,0.223872,0.204047,0.118651,0.439557,0.038423,0.423915,0.014561,0.723441,99.10622,51277.311066,normal load
53,0.2934,238.576066,0.713843,0.92652,0.386731,0.019854,0.125374,0.207692,0.184362,0.107639,0.41515,0.039116,0.4743,0.012665,0.482252,99.364771,51242.47304,normal load
54,0.3058,238.73715,0.712191,0.924711,0.393396,0.014756,0.117559,0.200438,0.158183,0.108139,0.414084,0.612289,0.487695,0.011763,0.572028,101.763238,57623.846637,normal load
55,0.3194,238.673116,0.708612,0.923685,0.392062,0.022512,0.123375,0.194727,0.169795,0.10162,0.413512,-0.6,0.425745,0.012798,0.709807,99.886635,48940.743371,normal load
56,0.328,238.661993,0.703426,0.928092,0.379473,0.016681,0.123647,0.205371,0.18992,0.104212,0.41837,-0.287792,0.54231,0.013002,0.726808,101.441026,46937.446123,normal load
57,0.0037,238.676122,0.702845,0.92329,0.392745,0.01359,0.11779,0.205033,0.179773,0.115005,0.41321,0.050969,0.463471,0.012487,0.670133,99.986172,43739.799189,normal load
58,0.0069,238.730508,0.704774,0.918658,0.407118,0.014817,0.136642,0.213939,0.163195,0.117923,0.459091,-0.337956,0.662021,0.013351,0.728947,100.021562,48943.327487,normal load
59,0.0188,238.54872,0.711256,0.92159,0.399386,0.031144,0.133535,0.211527,0.198969,0.11032,0.436701,-0.041469,0.474431,0.012934,0.69016,99.525058,47066.939141,normal load
60,0.0276,238.806027,0.702266,0.925654,0.38819,0.004855,0.124947,0.218095,0.192364,0.116549,0.433336,0.006135,0.699747,0.013592,0.72266,100.6483,52465.278295,normal load
61,0.0379,238.7994,0.710625,0.925187,0.387585,0.020499,0.136237,0.225374,0.188654,0.123621,0.4425,-0.193016,0.543531,0.013992,0.688038,101.022,53719.954347,normal load
62,0.0512,238.757756,0.700549,0.919299,0.405651,0.005246,0.125718,0.226682,0.201067,0.118834,0.439725,0.076177,0.122068,0.013253,0.699812,98.868498,49747.757033,normal load
63,0.0626,238.78348,0.706776,0.921827,0.396191,0.016242,0.1111,0.199496,0.168354,0.10698,0.41293,0.257247,0.763191,0.01174,0.591228,99.482795,52872.312728,normal load
64,0.0726,238.744463,0.708658,0.922255,0.398662,0.013965,0.124601,0.203307,0.168537,0.110939,0.391241,-0.031216,0.296906,0.01316,0.705992,100.623571,44241.944529,normal load
65,0.0828,239.005261,0.722671,0.922904,0.399528,0.002405,0.113306,0.205413,0.185532,0.108254,0.427217,-0.108207,0.613167,0.01207,0.748793,99.683406,48232.93818,normal load
66,0.089,238.686936,0.699736,0.919872,0.403591,0.019723,0.126764,0.209267,0.194901,0.109207,0.406297,-0.007837,0.389549,0.012531,0.727906,99.355953,49744.452659,normal load
67,0.091,238.653938,0.716832,0.922115,0.39816,0.01434,0.115426,0.200678,0.187197,0.105177,0.394311,0.0447,0.533306,0.01212,0.597949,100.708588,48877.058446,normal load
68,0.0993,238.586971,0.708899,0.921814,0.397322,0.002306,0.119992,0.211423,0.182196,0.108044,0.466654,-0.546764,0.283544,0.011736,0.588198,100.793108,51810.516891,normal load
69,0.1041,238.545161,0.710467,0.926315,0.383571,0.022877,0.123517,0.210012,0.18282,0.107393,0.417277,0.206525,0.478087,0.011557,0.720959,99.395322,49013.377175,normal load
70,0.1119,238.513329,0.70871,0.926427,0.385083,0.027045,0.123322,0.207067,0.183976,0.108143,0.397721,-0.104227,0.346058,0.011797,0.670463,99.99113,50523.612158,normal load
71,0.1267,238.56668,0.710668,0.923563,0.391887,0.027431,0.117084,0.205995,0.168798,0.109976,0.416103,0.483776,0.621882,0.011909,0.669294,98.712373,45901.127503,normal load
72,0.1318,238.689398,0.707078,0.922824,0.393278,0.019513,0.135613,0.224088,0.19958,0.113982,0.45626,0.272004,0.469036,0.01207,0.660871,98.994067,54613.282348,normal load
73,0.1342,238.750144,0.716724,0.92442,0.393868,0.017322,0.125915,0.219537,0.178216,0.115919,0.430955,0.464101,0.533027,0.012103,0.692115,99.911749,52181.274101,normal load
74,0.14,238.707671,0.705261,0.92155,0.399151,0.026297,0.131789,0.231389,0.208483,0.121487,0.451334,-0.341404,0.069311,0.014258,0.676453,99.828266,59672.451505,normal load
75,0.1461,238.58517,0.714793,0.92056,0.401855,0.028777,0.124038,0.207391,0.182513,0.111679,0.419965,-0.080667,0.378768,0.013619,0.703671,98.929812,43877.044799,normal load
76,0.1579,238.835028,0.704134,0.921179,0.399232,0.024935,0.130489,0.208224,0.184857,0.1088,0.417314,-0.379279,0.448296,0.012762,0.733161,99.155623,45189.253542,normal load
77,0.168,238.810912,0.707638,0.922096,0.397076,0.010409,0.134085,0.21295,0.184101,0.113055,0.421902,-0.196858,0.423586,0.010423,0.757999,98.84146,51444.135336,normal load
78,0.1816,238.676053,0.701568,0.92051,0.40286,0.018409,0.129894,0.206924,0.15769,0.104555,0.417027,0.494498,0.537588,0.013173,0.710976,100.209554,40941.474092,normal load
79,0.1934,238.602063,0.71073,0.924486,0.391062,0.020077,0.119557,0.214047,0.188593,0.117592,0.435994,0.58304,0.338741,0.012326,0.591442,98.029125,51436.439412,normal load
80,0.2012,238.782264,0.716671,0.926189,0.387415,0.004333,0.139819,0.231147,0.207781,0.12048,0.47745,-0.388381,0.417437,0.01416,0.740371,98.88958,57258.549795,normal load
81,0.2154,238.728196,0.707536,0.919239,0.40436,0.020286,0.123864,0.185617,0.179279,0.111763,0.386855,-0.105731,0.555068,0.01196,0.760485,98.123353,44893.017273,normal load
82,0.2194,238.482781,0.706819,0.924075,0.391674,0.032911,0.13368,0.217483,0.189937,0.114481,0.420581,0.024334,0.049221,0.012883,0.636232,100.177119,49519.464382,normal load
83,0.2213,238.689803,0.701312,0.92334,0.391996,0.02148,0.129998,0.21108,0.19968,0.112564,0.426434,0.25761,0.480881,0.012548,0.663305,98.17754,45869.671947,normal load
84,0.2242,238.739305,0.706624,0.925025,0.38673,0.027314,0.116439,0.192381,0.171427,0.110488,0.397425,-0.521477,0.326293,0.0115,0.692965,99.828556,43297.570725,normal load
85,0.2369,238.565046,0.698443,0.923961,0.392093,0.01828,0.128344,0.228004,0.193991,0.114791,0.425958,-0.530743,0.257984,0.014057,0.722461,101.275572,49104.285822,normal load
86,0.2455,238.728477,0.702523,0.919639,0.40372,0.016487,0.128209,0.214799,0.203999,0.123629,0.427393,0.2354,0.454226,0.013277,0.850641,101.306091,49707.90941,normal load
87,0.004,238.481777,0.709361,0.920213,0.400243,0.019669,0.107298,0.195227,0.17842,0.106973,0.399619,-0.6,0.56168,0.012833,0.587741,98.174683,44347.919406,normal load
88,0.0133,238.900428,0.715914,0.924088,0.392102,0.011289,0.125982,0.191621,0.174836,0.113212,0.421873,-0.106332,0.54575,0.013246,0.60032,100.068569,47910.986051,normal load
89,0.0171,238.887192,0.724855,0.927086,0.384313,0.010254,0.114419,0.188517,0.145268,0.102252,0.378975,0.097525,0.353425,0.011955,0.676511,98.909926,43684.201791,normal load
90,0.0294,238.662122,0.70448,0.917357,0.406172,0.025864,0.119541,0.194013,0.167188,0.107967,0.408062,0.183179,0.504687,0.010284,0.546707,98.726178,51725.734318,normal load
91,0.0378,238.754518,0.716612,0.925037,0.38829,0.026606,0.122473,0.217434,0.199438,0.114706,0.442073,0.00042,0.533666,0.014048,0.682779,99.697877,50095.799711,normal load
92,0.0452,238.338512,0.709463,0.927569,0.383554,0.010062,0.124978,0.212856,0.175554,0.105061,0.400305,-0.076195,0.372474,0.011842,0.640669,100.905462,48763.224417,normal load
93,0.0514,238.526548,0.707093,0.923541,0.394164,0.023776,0.129453,0.204382,0.180065,0.102859,0.388301,0.32644,0.277996,0.01238,0.685569,100.339693,44248.495248,normal load
94,0.0627,238.655933,0.710596,0.925651,0.386314,0.016391,0.125893,0.212954,0.186438,0.113279,0.421623,0.151541,0.296401,0.011865,0.704428,99.156373,47473.176807,normal load
95,0.0698,238.53918,0.708371,0.921891,0.398101,0.019379,0.120391,0.20192,0.189813,0.107802,0.402331,-0.171847,0.508899,0.011225,0.670184,100.434531,42071.327947,normal load
96,0.0727,238.807159,0.708662,0.923642,0.394853,0.020222,0.122935,0.21224,0.176035,0.111814,0.393753,0.061715,0.379135,0.013787,0.620317,97.780663,42622.823162,normal load
97,0.076,238.999594,0.70555,0.919137,0.406077,0.02396,0.140778,0.217625,0.193973,0.120944,0.434625,0.190915,0.237341,0.012196,0.757298,99.122349,46741.561008,normal load
98,0.0924,238.523508,0.699611,0.916967,0.410243,0.017579,0.110655,0.192074,0.176923,0.101214,0.387469,0.613546,0.133224,0.012691,0.863212,99.058498,46553.200475,normal load
99,0.108,238.57438,0.698738,0.926828,0.384219,0.026871,0.119606,0.18848,0.18823,0.103612,0.394122,0.310491,0.502988,0.012029,0.6716,99.870489,50034.664578,normal load
100,0.1203,238.735317,0.711919,0.921045,0.399097,0.019166,0.120157,0.208529,0.16905,0.106715,0.40993,0.478755,0.309167,0.01226,0.671065,99.617455,43458.628695,normal load
101,0.1259,238.941667,0.70634,0.922633,0.396644,0.021369,0.126728,0.225461,0.187744,0.125131,0.464704,-0.171648,0.450085,0.01307,0.614119,99.672676,49408.314125,normal load
102,0.1425,238.516644,0.704423,0.919841,0.403415,0.011167,0.131379,0.238936,0.201966,0.119728,0.450451,-0.141727,0.593516,0.012233,0.66261,99.642752,47447.060866,normal load
103,0.156,238.737355,0.708051,0.91977,0.404246,0.032111,0.127961,0.203448,0.190828,0.109808,0.439389,-0.031306,0.190414,0.012073,0.62523,99.820167,46331.562701,normal load
104,0.1686,238.973195,0.71277,0.923478,0.393944,0.020289,0.140618,0.214485,0.193738,0.11147,0.432177,-0.000262,0.392107,0.01222,0.658857,100.286118,54529.662179,normal load
105,0.1771,238.452236,0.709082,0.921811,0.399297,0.021991,0.121827,0.193472,0.173191,0.10722,0.41102,-0.290936,0.357181,0.011694,0.633159,99.934398,45456.669119,normal load
106,0.1828,238.50784,0.704064,0.925134,0.38955,0.005743,0.133063,0.233039,0.206524,0.123827,0.456612,0.5381,0.466922,0.014382,0.826946,99.544083,53103.896495,normal load
107,0.1858,238.636459,0.715358,0.925358,0.389996,0.011241,0.131927,0.185743,0.180444,0.104263,0.387275,0.338812,0.559313,0.011995,0.697416,100.161573,50690.329566,normal load
108,0.2013,238.621912,0.717475,0.924963,0.391166,0.025665,0.129671,0.227801,0.191919,0.123316,0.439892,-0.060773,0.19681,0.012145,0.69431,100.543511,53506.771276,normal load
109,0.2099,238.82189,0.710967,0.924716,0.389301,0.019008,0.116503,0.208831,0.179966,0.117184,0.412525,0.265585,0.467601,0.012771,0.565839,99.299577,44765.879961,normal load
110,0.2145,238.736249,0.713842,0.928733,0.377103,0.003604,0.125832,0.234193,0.212046,0.119046,0.447104,0.140901,0.571488,0.013753,0.806679,99.746538,54220.850264,normal load
111,0.2208,238.433756,0.715452,0.920797,0.402992,0.024268,0.136043,0.214671,0.205425,0.110811,0.445286,0.310867,0.367357,0.012436,0.67657,100.845716,47594.665742,normal load
112,0.2312,238.777312,0.714781,0.923835,0.3932,0.013194,0.12351,0.203286,0.180387,0.10242,0.398593,-0.399145,0.359878,0.012462,0.522881,98.807515,47666.462109,normal load
113,0.2355,238.613369,0.711685,0.927398,0.380828,0.026879,0.135269,0.205713,0.178619,0.115111,0.420111,-0.000956,0.446817,0.01204,0.685512,101.424232,49174.826603,normal load
114,0.2503,238.891167,0.71159,0.927794,0.381271,0.016385,0.120506,0.212756,0.189661,0.120128,0.437737,0.030846,0.450267,0.012056,0.74732,98.594761,46331.171099,normal load
115,0.2635,238.605862,0.711118,0.919735,0.40455,0.018433,0.139275,0.234006,0.197648,0.116932,0.424846,0.282395,0.489754,0.014636,0.549183,99.489172,51928.930515,normal load
116,0.2762,238.604508,0.701416,0.923063,0.394408,0.025253,0.123982,0.206796,0.181312,0.111352,0.41515,-0.169352,0.473353,0.012442,0.608193,98.944829,48251.219531,normal load
117,0.2844,238.78117,0.712204,0.928074,0.38082,0.010718,0.129113,0.215899,0.185115,0.108583,0.434839,-0.6,0.242975,0.012463,0.654846,101.769134,50651.933877,normal load
118,0.0106,238.814439,0.699865,0.925524,0.39048,0.01005,0.118815,0.201032,0.180418,0.119392,0.433878,-0.341054,0.548655,0.01265,0.729096,99.346985,53310.691963,normal load
119,0.0221,238.767215,0.703232,0.924586,0.389278,0.015625,0.133626,0.220319,0.195879,0.110816,0.41952,0.028822,0.566876,0.013526,0.633405,99.349243,50649.426895,normal load
120,0.0249,238.44716,0.715821,0.923347,0.392891,0.02279,0.120699,0.2067,0.160903,0.103342,0.392828,0.06768,0.404172,0.011272,0.567386,99.466326,44673.629412,normal load
121,0.0329,238.780705,0.713041,0.922849,0.395701,0.007684,0.118726,0.201673,0.171672,0.109499,0.386642,0.613325,0.16247,0.010756,0.676802,99.886043,49802.999447,normal load
122,0.035,238.544854,0.716924,0.924865,0.390702,0.005324,0.129328,0.21638,0.18603,0.11216,0.441003,0.256947,0.374973,0.012104,0.63966,99.504402,46579.891777,normal load
123,0.0442,238.735291,0.70637,0.923243,0.395104,0.022766,0.126943,0.226672,0.212041,0.117443,0.425758,0.083309,0.43171,0.014321,0.732634,99.680402,47540.106717,normal load
124,0.0508,238.48644,0.701087,0.923872,0.394085,0.012779,0.130542,0.222468,0.193982,0.120659,0.473685,0.041787,0.226958,0.014176,0.646636,96.623711,42518.079724,normal load
125,0.0545,238.766948,0.706557,0.924236,0.392065,0.014254,0.126052,0.222015,0.184139,0.119131,0.428284,0.453476,0.342464,0.012783,0.604584,99.851444,50477.600741,normal load
126,0.0576,238.57901,0.708612,0.921966,0.398404,0.004002,0.114665,0.207356,0.180671,0.119789,0.428959,-0.158787,0.179873,0.013778,0.714797,99.816026,46872.040851,normal load
127,0.0682,238.507605,0.708474,0.925596,0.387799,0.012247,0.133813,0.213601,0.204782,0.11812,0.4176,0.000934,0.490017,0.013566,0.699862,100.734712,51899.920205,normal load
128,0.0724,238.807073,0.714802,0.932743,0.368944,0.016947,0.127016,0.210888,0.151588,0.111093,0.4153,-0.320198,0.407919,0.01187,0.693345,100.978155,40865.200265,normal load
129,0.0882,238.736247,0.705832,0.918669,0.40626,0.023513,0.118842,0.215214,0.172573,0.109946,0.422327,0.542429,0.142583,0.012272,0.622988,99.631063,46355.145094,normal load
130,0.0987,238.607903,0.710112,0.924972,0.390157,0.011601,0.12098,0.196402,0.200041,0.10417,0.407851,0.179654,0.433502,0.012248,0.585097,100.534606,48293.984739,normal load
131,0.1056,238.917677,0.702068,0.921719,0.399465,0.028602,0.114665,0.191753,0.176892,0.107248,0.377512,-0.185294,0.369421,0.011054,0.700435,98.808588,42457.592362,normal load
132,0.1163,238.633902,0.710702,0.925732,0.388662,0.012208,0.128038,0.208983,0.176098,0.114146,0.415527,0.010107,0.471344,0.012712,0.57963,100.490608,50923.481184,normal load
133,0.1181,238.704816,0.708019,0.92414,0.392085,0.012218,0.121385,0.217076,0.18432,0.106945,0.425907,0.230496,0.332803,0.012863,0.74121,99.284772,47470.180164,normal load
134,0.1345,238.740337,0.703501,0.926286,0.38515,0.027762,0.122963,0.21022,0.189899,0.114125,0.449401,-0.03905,0.274377,0.01158,0.761923,98.733772,50372.885471,normal load
135,0.1435,238.60705,0.706585,0.927527,0.383158,0.01848,0.133698,0.218231,0.195612,0.114316,0.418673,-0.140807,0.278094,0.01269,0.729627,99.63297,52037.018488,normal load
136,0.1571,238.77067,0.706895,0.924577,0.39083,0.013136,0.125121,0.217776,0.201776,0.110912,0.412795,-0.181167,0.311145,0.012409,0.626739,101.060425,52441.002496,normal load
137,0.1599,238.619982,0.706379,0.927396,0.383695,0.015914,0.139584,0.215227,0.19159,0.120633,0.432308,0.17333,0.398253,0.01367,0.629377,99.962905,50454.12038,normal load
138,0.1689,238.638254,0.718628,0.916967,0.413695,0.026472,0.124013,0.216622,0.177751,0.113281,0.470344,-0.075158,0.411754,0.010998,0.645988,101.146839,46091.020302,normal load
139,0.178,238.904396,0.707409,0.928771,0.378927,0.027263,0.121003,0.212205,0.193862,0.119397,0.418356,-0.111062,0.365103,0.012453,0.595923,99.126141,48341.730645,normal load
140,0.1941,238.543912,0.706537,0.925125,0.390065,0.011282,0.12686,0.200878,0.170072,0.108602,0.398049,-0.402459,0.32052,0.011661,0.578336,100.743066,49066.464819,normal load
141,0.2044,238.338083,0.695415,0.927234,0.385442,0.016703,0.130077,0.207041,0.177083,0.113989,0.41853,0.078601,0.340393,0.013499,0.710884,99.213056,46434.070991,normal load
142,0.2133,238.941641,0.702635,0.92034,0.401993,0.017631,0.132505,0.224139,0.173277,0.111583,0.428716,-0.013877,0.778856,0.012883,0.721019,100.002796,49861.126043,normal load
143,0.2189,239.082399,0.706422,0.921508,0.402358,0.010096,0.126992,0.197603,0.162786,0.107911,0.424145,-0.060482,0.269758,0.013518,0.574926,99.995015,45931.148201,normal load
144,0.0066,238.63921,0.703885,0.924438,0.390671,0.01661,0.120405,0.212993,0.175406,0.111941,0.417011,0.11988,0.306701,0.013062,0.702278,100.395343,48595.712615,normal load
145,0.0162,238.409474,0.71629,0.923949,0.393004,0.017037,0.11937,0.202953,0.166694,0.102652,0.463139,0.302079,0.870186,0.011782,0.666679,100.025667,44048.705783,normal load
146,0.0245,238.653427,0.70701,0.924849,0.388959,0.024981,0.119707,0.197102,0.181002,0.106504,0.40769,0.287768,0.447148,0.012363,0.733218,99.134734,41589.101733,normal load
147,0.0263,238.657067,0.715731,0.927254,0.383259,0.025452,0.109281,0.193925,0.161912,0.10403,0.417455,0.229761,0.177782,0.011514,0.657026,100.592276,47721.548745,normal load
148,0.0407,238.671511,0.70837,0.918704,0.406382,0.014696,0.130266,0.232971,0.166289,0.120317,0.438641,-0.036401,0.532494,0.013979,0.765285,101.358491,54973.711373,normal load
149,0.056,238.532992,0.708223,0.926921,0.385942,0.015502,0.138626,0.222601,0.183356,0.119392,0.426892,-0.156359,0.26016,0.0121,0.723792,99.274577,45665.311962,normal load
150,0.0597,238.786934,0.707467,0.924025,0.392798,0.02165,0.128756,0.208579,0.183671,0.112274,0.426704,-0.323845,0.533384,0.012177,0.736531,98.148291,51291.902319,normal load
151,0.0698,238.778676,0.708023,0.923389,0.395869,0.012904,0.128151,0.232845,0.195597,0.12448,0.464032,-0.173146,0.375609,0.014097,0.647855,100.249388,57078.34345,normal load
152,0.073,238.475839,0.718313,0.919587,0.403627,0.02112,0.113492,0.20699,0.194944,0.109816,0.405139,0.056339,0.322494,0.013362,0.64645,99.501938,50245.15585,normal load
153,0.0849,238.80488,0.694082,0.925509,0.38792,0.016385,0.152786,0.266012,0.205219,0.117039,0.496487,-0.259338,0.677541,0.012633,0.757709,99.682007,54864.155721,normal load
154,0.0908,239.007903,0.695991,0.916758,0.414966,0.010214,0.122047,0.209607,0.188846,0.108392,0.407031,0.082669,0.472251,0.013457,0.637867,100.30056,45225.639843,normal load
155,0.1025,238.725794,0.704741,0.925945,0.387857,0.010302,0.121698,0.210015,0.185164,0.11734,0.411955,-0.291583,0.539357,0.012547,0.695055,99.389247,49681.801632,normal load
156,0.1153,238.649401,0.708087,0.919524,0.40285,0.027129,0.11989,0.215764,0.17898,0.102653,0.458635,-0.520779,0.450688,0.010744,0.684936,99.558033,48622.334078,normal load
157,0.1287,238.6787,0.712141,0.92416,0.390923,0.015905,0.117445,0.201022,0.178888,0.114128,0.415971,0.343062,0.326329,0.010331,0.695822,99.709892,50015.058402,normal load
158,0.1318,238.792289,0.710839,0.923642,0.391904,0.028482,0.137719,0.219434,0.190117,0.122604,0.428018,-0.120894,0.491663,0.011799,0.676959,101.122779,50262.469608,normal load
159,0.1475,238.440399,0.705695,0.927509,0.384509,0.013405,0.120935,0.222765,0.175072,0.107922,0.425176,-0.241578,0.569753,0.012413,0.612097,99.827063,45057.558484,normal load
160,0.1526,238.724659,0.714114,0.923464,0.393237,0.019038,0.14322,0.227842,0.200787,0.121523,0.448501,-0.362415,0.428044,0.013558,0.784463,98.687894,54487.798959,normal load
161,0.1547,238.64143,0.714181,0.921918,0.397986,0.033749,0.125793,0.200378,0.183062,0.107718,0.411863,0.200431,0.664182,0.013156,0.688876,98.723709,50890.258637,normal load
162,0.1648,238.977174,0.709104,0.92248,0.396244,0.009598,0.134254,0.210069,0.176973,0.119618,0.415819,0.538402,0.521061,0.012229,0.607809,99.925307,50102.615144,normal load
163,0.172,238.673874,0.713776,0.927819,0.383372,0.003715,0.119904,0.210637,0.18361,0.106194,0.436792,-0.086936,0.412101,0.011045,0.618382,98.783515,46937.22529,normal load
164,0.1864,238.950183,0.709636,0.925609,0.386885,0.026006,0.131714,0.217027,0.190671,0.114122,0.433572,-0.02598,0.432175,0.012431,0.569212,98.393927,55194.736103,normal load
165,0.2004,238.534439,0.704631,0.922843,0.393785,0.011212,0.127484,0.202721,0.177741,0.116269,0.426053,0.422223,0.409208,0.012443,0.657699,100.371982,46474.961471,normal load
166,0.2068,238.788089,0.712187,0.923291,0.394571,0.016855,0.123969,0.198817,0.178744,0.110852,0.408274,-0.565906,0.199214,0.012304,0.628025,100.416049,51416.487372,normal load
167,0.2231,238.74791,0.708664,0.919298,0.405404,0.012899,0.121273,0.197929,0.175141,0.103765,0.407463,0.709736,0.369108,0.011383,0.599908,99.468677,44556.524143,normal load
168,0.2291,238.569643,0.708008,0.925165,0.389824,0.018877,0.139168,0.240582,0.199638,0.123919,0.465634,1.026391,0.450558,0.014891,0.843244,100.064293,58867.74448,normal load
169,0.2386,238.726609,0.716838,0.918721,0.404754,0.010346,0.133859,0.216601,0.181224,0.11211,0.413357,-0.6,0.325422,0.011838,0.581936,99.969309,52103.89167,normal load
170,0.2441,238.881878,0.693295,0.926255,0.38746,0.01574,0.109525,0.202069,0.164079,0.100974,0.373096,0.014717,0.424298,0.010894,0.654303,100.342177,44307.191722,normal load
171,0.2601,238.651431,0.699494,0.924386,0.390258,0.020149,0.119697,0.205861,0.168107,0.099235,0.418529,-0.194592,0.386272,0.01163,0.768161,100.344275,52411.421411,normal load
172,0.2641,238.446206,0.700878,0.931161,0.37243,0.009942,0.12377,0.200137,0.167923,0.111099,0.411078,-0.04256,0.505401,0.013328,0.722934,97.45479,50175.089309,normal load
173,0.2663,238.697366,0.70582,0.9207,0.399511,0.012099,0.129804,0.206444,0.184775,0.10873,0.416988,-0.099071,0.496111,0.012735,0.676148,99.583551,47326.595748,normal load
174,0.2746,238.564637,0.706472,0.923692,0.395141,0.014568,0.124863,0.219558,0.193179,0.121161,0.430513,0.343384,0.420791,0.012291,0.610264,100.266114,48956.402411,normal load
175,0.2915,238.648649,0.698956,0.929395,0.378977,0.006998,0.130083,0.207686,0.182939,0.116083,0.428041,0.010959,0.18802,0.013664,0.600605,99.430589,54075.778886,normal load
176,0.0131,238.687762,0.702089,0.927574,0.383837,0.014042,0.118989,0.20165,0.199786,0.104381,0.418818,-0.26015,0.647904,0.013811,0.614027,99.832582,50180.347898,normal load
177,0.0284,238.444152,0.702835,0.921911,0.399681,0.017832,0.116619,0.215704,0.194086,0.110705,0.423032,-0.01044,0.371841,0.012881,0.630014,100.47563,46244.945398,normal load
178,0.0438,238.457651,0.722745,0.924672,0.394842,0.014203,0.118626,0.192838,0.186723,0.099154,0.392701,0.220092,0.369499,0.01294,0.587917,99.872833,46216.791509,normal load
179,0.0533,238.77231,0.71881,0.924006,0.389805,0.0151,0.113555,0.196324,0.184487,0.103745,0.404128,-0.353016,0.333335,0.012942,0.619973,101.157127,47939.344666,normal load
180,0.0597,238.621592,0.70553,0.924846,0.389059,0.016861,0.107904,0.199705,0.191279,0.110544,0.424649,-0.502038,0.309386,0.011442,0.623581,100.814288,44936.455417,normal load
181,0.0732,238.315288,0.705819,0.921904,0.396905,0.01241,0.117453,0.201047,0.165043,0.113896,0.408662,0.703046,0.602858,0.011779,0.649896,99.693292,53445.29031,normal load
182,0.0849,238.817727,0.701105,0.923732,0.391808,0.021837,0.133525,0.228605,0.169691,0.120444,0.446441,-0.184153,0.613608,0.012139,0.620851,99.621758,52144.395132,normal load
183,0.0922,238.740855,0.696551,0.919206,0.403121,0.027052,0.13143,0.22148,0.185286,0.115074,0.447156,0.001993,0.464454,0.012766,0.64179,97.234708,50282.413539,normal load
184,0.0952,238.592919,0.707299,0.924405,0.390873,0.013749,0.133458,0.220771,0.19696,0.115322,0.446053,-0.093586,0.382895,0.012609,0.68265,99.506148,54993.786844,normal load
185,0.1083,238.502475,0.702013,0.92535,0.387013,0.020396,0.112648,0.205189,0.184723,0.107993,0.408779,0.242306,0.483342,0.012202,0.649568,98.582058,47727.24057,normal load
186,0.1138,238.825371,0.707491,0.923318,0.394667,0.015323,0.12065,0.21066,0.192587,0.124174,0.44443,0.696518,0.408784,0.012386,0.79582,99.999107,53919.179139,normal load
187,0.1298,238.752403,0.698399,0.919155,0.404944,0.019558,0.124921,0.18793,0.178772,0.101017,0.400848,0.230699,0.345184,0.01117,0.615812,99.937584,39165.710187,normal load
188,0.1351,239.05739,0.703428,0.926966,0.385276,0.02796,0.123068,0.221932,0.194336,0.124879,0.454698,-0.502204,0.450125,0.013465,0.591666,100.42627,49454.240596,normal load
189,0.1385,238.763028,0.708892,0.925094,0.390276,0.020561,0.128763,0.214216,0.191811,0.118162,0.410086,-0.438291,0.325257,0.012515,0.690936,101.057003,52589.197724,normal load
190,0.1529,238.758155,0.710197,0.921822,0.398946,0.004586,0.123766,0.201885,0.180282,0.108136,0.423875,-0.092448,0.434495,0.0114,0.713434,99.776358,55354.78013,normal load
191,0.1567,238.674961,0.710505,0.923158,0.39402,0.020178,0.126834,0.208491,0.176619,0.111057,0.41759,-0.044715,0.424611,0.012141,0.665033,101.852375,47252.710568,normal load
192,0.161,238.822516,0.700077,0.919498,0.407177,0.02563,0.114081,0.208067,0.188495,0.103416,0.393483,-0.525407,0.468435,0.010668,0.554623,100.009206,43544.156187,normal load
193,0.1718,238.793763,0.713128,0.920924,0.400704,0.015449,0.118081,0.194825,0.170201,0.102922,0.39339,0.311545,0.285785,0.011759,0.716048,98.620805,46960.611525,normal load
194,0.1869,238.887759,0.703199,0.922387,0.393788,0.023969,0.120406,0.192604,0.170876,0.107385,0.40482,-0.318456,0.487602,0.012458,0.572309,99.294135,45068.879371,normal load
195,0.1914,238.621802,0.711797,0.927685,0.381128,0.012169,0.124813,0.232422,0.182576,0.126737,0.430363,0.588831,0.257616,0.013058,0.718289,99.464528,49318.948829,normal load
196,0.1977,238.634689,0.707936,0.922081,0.394761,0.006601,0.121978,0.217043,0.183472,0.111142,0.418807,0.710934,0.309317,0.012301,0.694776,100.332914,53288.319132,normal load
197,0.2113,238.628135,0.699742,0.925921,0.387357,0.017988,0.117125,0.198327,0.164103,0.104883,0.38363,-0.034366,0.299849,0.011843,0.650907,98.947475,43721.093862,normal load
198,0.2278,238.81862,0.706103,0.922385,0.396403,0.004705,0.110641,0.202495,0.162475,0.108591,0.419661,0.193651,0.2235,0.011511,0.730035,99.531822,40116.755138,normal load
199,0.0093,238.924756,0.710192,0.924744,0.389732,0.015322,0.122081,0.199833,0.162879,0.107558,0.421505,-0.367397,0.532453,0.011137,0.669832,99.655064,42871.834732,normal load
200,0.013,238.631174,0.711678,0.923576,0.396508,0.026008,0.137544,0.201155,0.177976,0.110047,0.408871,0.263494,0.242447,0.01287,0.614689,99.396691,47960.033527,normal load
201,0.0147,238.636284,0.707154,0.926619,0.386301,0.003632,0.123656,0.21055,0.165201,0.099821,0.401706,-0.115898,0.275281,0.012303,0.681412,100.530274,39513.641898,normal load
202,0.0198,238.747112,0.717191,0.922396,0.397648,0.008044,0.119493,0.202091,0.179953,0.104091,0.393444,-0.307031,0.557372,0.01237,0.575206,100.377189,44379.280355,normal load
203,0.0233,238.663136,0.714045,0.919282,0.403146,0.009776,0.118391,0.207124,0.178118,0.10906,0.414703,-0.049161,0.298093,0.0115,0.642693,100.84991,42340.013025,normal load
204,0.0353,238.842808,0.70646,0.919854,0.401589,0.016557,0.112902,0.21494,0.186177,0.113392,0.431543,-0.113499,0.362558,0.013497,0.585261,99.502077,54258.264182,normal load
205,0.0387,238.362233,0.712501,0.922404,0.396591,0.01444,0.108747,0.190581,0.165509,0.107293,0.393388,-0.060039,0.231058,0.011367,0.559044,100.882275,52847.806114,normal load
206,0.0481,238.575994,0.719603,0.920253,0.40233,0.026794,0.130979,0.217727,0.180851,0.116604,0.422949,0.380174,0.51345,0.01295,0.659262,98.572403,45131.208708,normal load
207,0.0603,238.582638,0.719763,0.925231,0.386369,0.02368,0.125824,0.215213,0.195935,0.121255,0.444088,-0.236759,0.530516,0.012753,0.717017,98.550454,52204.496648,normal load
208,0.0708,238.351947,0.700632,0.922603,0.395752,0.020467,0.111733,0.198314,0.177534,0.104621,0.391303,0.614478,0.484268,0.011507,0.514898,98.707578,42550.365498,normal load
209,0.0754,238.555454,0.702441,0.931124,0.373335,0.018019,0.121726,0.196357,0.180266,0.105761,0.410531,-0.4095,0.468194,0.010434,0.683025,99.808291,47306.462423,normal load
210,0.0894,238.562727,0.71691,0.918787,0.405477,0.019753,0.123981,0.206474,0.202089,0.114918,0.470637,0.646932,0.411184,0.012899,0.644651,100.88214,57071.50828,normal load
211,0.102,238.669834,0.70165,0.924611,0.389563,0.010966,0.114046,0.207836,0.179245,0.108388,0.40899,-0.299384,0.308071,0.012311,0.722978,99.258072,46286.021775,normal load
212,0.1149,238.866945,0.700065,0.920616,0.400332,0.023,0.12014,0.198313,0.184887,0.109408,0.416262,0.048221,0.263887,0.011813,0.619951,99.370976,46484.926075,normal load
213,0.1185,238.663241,0.705083,0.92252,0.395972,0.009216,0.125864,0.208293,0.189237,0.116179,0.470935,-0.128641,0.600218,0.014632,0.630978,99.605584,48622.836132,normal load
214,0.1219,238.545378,0.710521,0.924424,0.391409,0.022848,0.117655,0.210569,0.163885,0.106148,0.419111,-0.069229,0.500842,0.011379,0.654444,100.315545,51720.672936,normal load
215,0.1377,238.691457,0.707386,0.917024,0.41115,0.025303,0.126161,0.236438,0.195521,0.11301,0.446545,0.348725,0.293796,0.012739,0.641474,99.370137,41052.514413,normal load
216,0.1454,238.857376,0.704097,0.92471,0.392143,0.018476,0.129794,0.224231,0.193453,0.107389,0.42601,0.587271,0.400199,0.012044,0.750293,99.319925,48429.724125,normal load
217,0.1516,238.553606,0.703955,0.929709,0.376734,0.015767,0.120482,0.204599,0.185041,0.108747,0.416351,0.458684,0.342013,0.011835,0.648718,98.589144,47816.623546,normal load
218,0.1606,238.563414,0.703726,0.92264,0.395242,0.019802,0.125903,0.215099,0.191189,0.108398,0.423322,-0.093899,0.2234,0.013625,0.666729,99.285451,47854.997439,normal load
219,0.1724,238.783782,0.702723,0.924779,0.390997,0.002,0.129568,0.219579,0.182795,0.109386,0.488272,0.116324,0.419972,0.013883,0.706083,100.859716,52345.242439,normal load
220,0.1887,238.66677,0.72169,0.927075,0.38518,0.019116,0.129477,0.228574,0.18508,0.115721,0.425539,-0.235147,0.335935,0.012577,0.633392,99.881833,55137.441392,normal load
221,0.1947,238.797123,0.709785,0.923508,0.393017,0.016207,0.118931,0.201838,0.182948,0.103197,0.404402,-0.288899,0.243708,0.011579,0.564555,99.134131,42943.510446,normal load
222,0.2105,238.697953,0.713321,0.922257,0.398103,0.016646,0.127078,0.210672,0.187215,0.113349,0.426348,-0.351929,0.168303,0.0116,0.685861,100.91253,55599.700095,normal load
223,0.2124,238.80525,0.705066,0.917173,0.411339,0.021946,0.127628,0.211458,0.177389,0.114218,0.42324,-0.102833,0.15519,0.013507,0.59199,99.273308,44095.473504,normal load
224,0.2225,238.544738,0.706884,0.925923,0.389262,0.016477,0.127483,0.221271,0.199428,0.113331,0.427792,0.142198,0.34012,0.013837,0.617236,101.07796,54641.739647,normal load
225,0.2338,238.698187,0.703719,0.92366,0.395939,0.009019,0.118128,0.198304,0.165674,0.104131,0.382936,-0.587399,0.36744,0.011774,0.676374,101.063246,46778.011401,normal load
226,0.237,238.668396,0.69209,0.920962,0.398955,0.01601,0.125615,0.219838,0.187054,0.119424,0.426315,0.035494,0.265201,0.012019,0.725064,99.85041,49669.580487,normal load
227,0.2406,238.517616,0.699732,0.92438,0.391411,0.017473,0.121727,0.224555,0.201995,0.111346,0.429366,0.594147,0.493263,0.011746,0.600159,98.451305,48627.868029,normal load
228,0.2486,238.465478,0.697136,0.922249,0.396955,0.017805,0.12045,0.204639,0.178767,0.101121,0.376073,0.413521,0.367439,0.011813,0.579393,101.860551,45479.46189,normal load
229,0.2651,238.802862,0.694501,0.922415,0.396362,0.018133,0.134161,0.226029,0.190834,0.123128,0.450944,-0.164167,0.490716,0.013695,0.645649,100.148548,52415.098452,normal load
230,0.2759,238.647357,0.700828,0.925819,0.386626,0.024276,0.140583,0.245492,0.206028,0.127603,0.482684,-0.487933,0.382277,0.012243,0.840304,99.508502,51306.693193,normal load
231,0.2918,238.546658,0.71595,0.919985,0.400526,0.009398,0.131896,0.217814,0.19356,0.119596,0.450134,0.221507,0.27866,0.012869,0.747421,100.660515,50495.867021,normal load
232,0.3058,238.685573,0.707733,0.927142,0.384223,0.01823,0.133125,0.236344,0.171346,0.123265,0.462746,-0.6,0.421391,0.014687,0.68184,100.432073,49815.689799,normal load
233,0.3145,238.869203,0.715743,0.919807,0.402056,0.02603,0.128708,0.214694,0.175623,0.104167,0.404233,0.440426,0.201027,0.012379,0.697389,100.979845,45120.147684,normal load
234,0.3282,238.357889,0.710466,0.922012,0.39768,0.004858,0.119309,0.215451,0.16734,0.107744,0.380907,-0.022699,0.450931,0.012653,0.523799,99.203887,42130.530548,normal load
235,0.33,238.475504,0.712695,0.929769,0.375821,0.018258,0.118034,0.182289,0.162917,0.102878,0.370568,0.627245,0.23765,0.011867,0.558785,100.086626,40620.427275,normal load
236,0.0144,238.561567,0.702595,0.927382,0.381793,0.012902,0.124977,0.207853,0.187558,0.117066,0.409191,-0.561509,0.53109,0.011792,0.67471,98.732717,48077.904466,normal load
237,0.0282,238.919177,0.711144,0.924293,0.391969,0.014405,0.128652,0.206716,0.187749,0.109845,0.400082,0.36036,0.334173,0.011896,0.667599,100.399701,48739.491407,normal load
238,0.0333,238.742388,0.712372,0.921178,0.399925,0.010666,0.1197,0.203178,0.171738,0.106692,0.428609,0.014144,0.536672,0.011825,0.623971,99.779349,46954.707014,normal load
239,0.043,238.815098,0.70454,0.922412,0.397385,0.015813,0.127405,0.222992,0.172907,0.110149,0.454161,-0.065661,0.221259,0.011699,0.67281,100.052908,54964.801376,normal load
240,0.0539,238.528976,0.711357,0.92422,0.395088,0.029889,0.129509,0.211785,0.191556,0.116504,0.420652,-0.442663,0.292738,0.012109,0.685015,99.668285,43228.578458,normal load
241,0.0689,238.53207,0.711397,0.924113,0.392506,0.008149,0.116475,0.20108,0.166768,0.102247,0.389223,0.239734,0.430594,0.012797,0.602244,99.57411,46757.162678,normal load
242,0.0797,238.767172,0.704703,0.923727,0.393824,0.008813,0.116802,0.213424,0.177488,0.112567,0.414,0.280215,0.559192,0.011438,0.627418,99.018592,47725.28337,normal load
243,0.0876,238.708741,0.701263,0.923908,0.39101,0.007886,0.137569,0.230786,0.194189,0.113679,0.444415,0.725737,0.663709,0.014306,0.68425,100.511387,55094.229562,normal load
244,0.0949,238.782311,0.700895,0.923357,0.392132,0.029092,0.134405,0.191982,0.193338,0.103434,0.418313,0.38116,0.385407,0.011479,0.638432,101.140734,48468.985006,normal load
245,0.103,238.671849,0.708519,0.919674,0.405921,0.013764,0.127144,0.228987,0.170792,0.124633,0.429465,-0.164729,0.679982,0.013023,0.713351,99.298998,50394.243696,normal load
246,0.1146,238.741722,0.709962,0.92245,0.395032,0.016821,0.121421,0.213516,0.17507,0.106391,0.400796,-0.294048,0.342325,0.012647,0.655905,100.298186,48169.741053,normal load
247,0.1296,238.723718,0.703245,0.926744,0.383579,0.014181,0.124707,0.219928,0.187961,0.113691,0.419651,-0.440679,0.562335,0.012362,0.607295,100.188965,47750.715293,normal load
248,0.1381,238.816665,0.70816,0.919895,0.402925,0.010389,0.127875,0.222952,0.18601,0.114193,0.436086,0.596663,0.255404,0.01364,0.636276,99.807288,53441.255052,normal load
249,0.1435,238.821051,0.711423,0.923431,0.393733,0.015354,0.137863,0.219366,0.197881,0.11708,0.415603,-0.230603,0.461349,0.011326,0.708395,98.426064,44596.324145,normal load
250,0.1486,238.457019,0.711709,0.921541,0.397412,0.034208,0.125599,0.218995,0.198638,0.113728,0.432852,0.593904,0.039617,0.01342,0.778303,98.628562,53504.194033,normal load
251,0.1617,238.36291,0.717311,0.924334,0.391052,0.026744,0.114016,0.202394,0.172033,0.104432,0.396082,0.220315,0.215282,0.009805,0.631142,99.097116,45915.956757,normal load
252,0.1758,238.850262,0.715662,0.922834,0.397266,0.011029,0.12138,0.221911,0.190754,0.12121,0.442278,0.17468,0.472635,0.013015,0.672051,97.874896,49958.731163,normal load
253,0.179,238.878159,0.701992,0.928432,0.379417,0.021533,0.114168,0.195107,0.17419,0.104047,0.389992,-0.054957,0.188972,0.01265,0.645322,101.067228,45975.322562,normal load
254,0.1815,238.546907,0.718102,0.92552,0.3863,0.011179,0.115359,0.205385,0.184432,0.116203,0.424918,0.284885,0.456979,0.01316,0.600356,100.130933,48923.853957,normal load
255,0.1922,238.421025,0.704814,0.920065,0.403965,0.004565,0.129392,0.207447,0.184658,0.11633,0.424594,0.045161,0.529354,0.011623,0.747059,99.773035,53581.49273,normal load
256,0.196,238.714855,0.714269,0.926014,0.387823,0.024137,0.143806,0.216649,0.185747,0.118527,0.429448,-0.081146,0.318597,0.011867,0.687205,97.828788,60330.878766,normal load
257,0.2103,238.839626,0.708408,0.921676,0.397487,0.025121,0.123889,0.213349,0.188355,0.114042,0.437234,0.298548,0.246709,0.01216,0.630952,98.158516,53525.760927,normal load
258,0.2166,238.969639,0.705527,0.922269,0.394513,0.024322,0.108768,0.202647,0.182058,0.119857,0.389902,-0.000374,0.312073,0.012122,0.622147,99.797893,44932.061138,normal load
259,0.2203,238.777445,0.697154,0.924941,0.388798,0.013711,0.121031,0.199332,0.159576,0.108286,0.387353,-0.213933,0.236711,0.010031,0.583832,101.573441,47521.625352,normal load
260,0.2361,238.644242,0.706971,0.922525,0.396142,0.015833,0.125047,0.214768,0.181526,0.117767,0.420638,0.271277,0.382905,0.013035,0.767488,99.17122,53083.18411,normal load
261,0.2401,238.56603,0.698644,0.926679,0.387068,0.022248,0.132948,0.222211,0.168964,0.109133,0.432308,0.027862,0.407192,0.012865,0.653998,100.577418,46292.922057,normal load
262,0.2461,238.701718,0.713804,0.921676,0.396862,0.01974,0.129434,0.220194,0.201314,0.117625,0.430775,0.233826,0.353848,0.012992,0.707251,99.368088,47569.921741,normal load
263,0.2499,238.65511,0.717101,0.922143,0.397085,0.014245,0.119932,0.206496,0.184844,0.117056,0.432835,-0.108607,0.640436,0.012892,0.692947,99.849715,48488.352668,normal load
264,0.2532,238.54774,0.703219,0.922031,0.398515,0.005666,0.11422,0.198622,0.17469,0.110597,0.406429,-0.346973,0.271999,0.011801,0.569184,100.893215,47956.063289,normal load
265,0.2551,239.007313,0.709812,0.922303,0.393226,0.017797,0.134537,0.207289,0.178975,0.122904,0.434782,0.689027,0.613005,0.012671,0.703505,99.488644,45999.569965,normal load
266,0.2574,238.967775,0.703648,0.927298,0.385219,0.024553,0.120339,0.200577,0.195676,0.112674,0.407436,0.580364,0.231639,0.01072,0.664244,99.178906,45589.422536,normal load
267,0.2616,238.870407,0.704229,0.925886,0.385648,0.008617,0.12314,0.220459,0.18065,0.108486,0.411522,0.365469,0.40433,0.01282,0.578041,101.076263,51466.973905,normal load
268,0.264,238.561872,0.712647,0.92913,0.379242,0.021471,0.118793,0.19104,0.17859,0.109936,0.404893,-0.082958,0.558205,0.011333,0.653796,99.841002,47353.714557,normal load
269,0.0107,238.828253,0.707769,0.930803,0.374563,0.019321,0.126564,0.235088,0.205735,0.11581,0.4632,-0.059642,0.582257,0.013065,0.711516,100.782085,57344.171759,normal load
270,0.0227,238.795944,0.718438,0.920908,0.40202,0.022251,0.120947,0.211374,0.166097,0.100759,0.404024,0.510418,0.319716,0.012335,0.638871,99.183276,42144.805976,normal load
271,0.0303,238.766382,0.705107,0.924211,0.392658,0.023104,0.111188,0.203871,0.174996,0.110674,0.436276,-0.072595,0.469251,0.013423,0.651003,101.066007,55503.599187,normal load
272,0.0367,238.88745,0.713996,0.920471,0.397945,0.012139,0.122001,0.213171,0.185596,0.114292,0.415216,-0.172315,0.454393,0.012537,0.679096,100.046265,44140.599015,normal load
273,0.0461,238.795306,0.708584,0.921667,0.397263,0.005681,0.121785,0.206366,0.198724,0.109119,0.39121,0.666767,0.300453,0.012261,0.704199,100.191309,39641.751222,normal load
274,0.0611,238.811002,0.712775,0.92211,0.397506,0.013265,0.127868,0.210203,0.188734,0.115433,0.414877,0.033863,0.486362,0.011551,0.600137,99.918466,49417.946755,normal load
275,0.0758,238.795536,0.705317,0.920829,0.400304,0.023224,0.137536,0.232999,0.212206,0.122721,0.494396,0.722863,0.695825,0.013704,0.692664,99.345073,49102.792995,normal load
276,0.078,238.751119,0.707703,0.920844,0.401272,0.013206,0.120569,0.200152,0.189363,0.104925,0.394829,-0.428661,0.45507,0.012146,0.683812,99.798485,47479.254203,normal load
277,0.0823,238.432458,0.707307,0.923567,0.394699,0.012142,0.133468,0.210806,0.189928,0.113385,0.436739,0.235936,0.479622,0.01373,0.701895,99.401669,49528.222466,normal load
278,0.0875,238.712543,0.702984,0.92035,0.402735,0.004251,0.112502,0.175536,0.14894,0.09023,0.375754,0.668355,0.455839,0.010349,0.596833,100.663591,41464.900179,normal load
279,0.0928,238.616571,0.711972,0.926526,0.385402,0.029269,0.126435,0.21199,0.192182,0.103369,0.429076,0.060295,0.170687,0.012282,0.82393,99.617249,46009.297448,normal load
280,0.1032,238.508024,0.711901,0.921247,0.396753,0.02278,0.127624,0.214819,0.166653,0.112816,0.402625,-0.041738,0.455427,0.013151,0.686518,98.453143,49420.676511,normal load
281,0.1111,238.952272,0.711561,0.932429,0.369036,0.022389,0.123428,0.200117,0.189919,0.10402,0.399083,-0.344033,0.232576,0.011915,0.700846,98.288519,45787.387083,normal load
282,0.1134,238.959349,0.717222,0.922646,0.396535,0.023774,0.128068,0.212456,0.194695,0.121124,0.44767,0.452007,0.309562,0.012289,0.677264,98.245954,54970.466732,normal load
283,0.1207,238.903883,0.716696,0.924216,0.390183,0.021037,0.113914,0.198995,0.156163,0.114213,0.404127,-0.215964,0.708441,0.014337,0.589659,100.356174,47426.774209,normal load
284,0.1303,238.738282,0.70575,0.920114,0.403372,0.01529,0.125422,0.210899,0.178312,0.108132,0.410276,0.016668,0.350445,0.011526,0.635284,98.763646,45280.083178,normal load
285,0.1334,238.902594,0.710238,0.929118,0.380138,0.015854,0.124938,0.218948,0.185434,0.111857,0.403264,-0.37487,0.276331,0.012212,0.69027,100.070077,42478.97562,normal load
286,0.1478,238.701808,0.704258,0.927359,0.383696,0.014007,0.118659,0.19263,0.163328,0.09826,0.380419,0.537896,0.535234,0.011579,0.621155,99.922917,43572.219092,normal load
287,0.1501,238.73042,0.70814,0.924891,0.385452,0.035443,0.111364,0.195406,0.179077,0.0979,0.395217,0.428502,0.240732,0.012007,0.64684,99.741762,41976.498458,normal load
288,0.166,238.535979,0.704402,0.91996,0.400902,0.020891,0.12452,0.225455,0.184144,0.117456,0.467366,0.040817,0.330554,0.012949,0.678855,100.194565,46825.190173,normal load
289,0.169,238.759549,0.71772,0.924632,0.393557,0.013753,0.113678,0.186169,0.15194,0.097943,0.384241,-0.316611,0.546054,0.011033,0.567943,99.942473,45339.583811,normal load
290,0.1836,238.709058,0.710182,0.920636,0.400271,0.020258,0.118822,0.199306,0.175345,0.105564,0.390447,0.565054,0.388746,0.011833,0.62392,97.361243,41241.646351,normal load
291,0.0167,238.504602,0.706692,0.928387,0.377771,0.009924,0.110207,0.199094,0.179627,0.117271,0.39823,-0.076516,0.154196,0.011357,0.690278,99.508737,52343.701873,normal load
292,0.0306,238.69232,0.715162,0.926428,0.387839,0.027532,0.137061,0.238167,0.195819,0.115226,0.464062,-0.366186,0.491726,0.01531,0.767983,100.182593,53565.529786,normal load
293,0.0442,238.688041,0.694976,0.924286,0.391655,0.012373,0.117651,0.200296,0.201078,0.11742,0.433086,-0.588521,0.336821,0.012804,0.624989,101.276255,50535.096769,normal load
294,0.0557,238.969634,0.695915,0.916691,0.412735,0.020508,0.114874,0.209735,0.17025,0.104512,0.448634,-0.171182,0.612267,0.012629,0.687354,101.317812,44129.252904,normal load
295,0.0692,238.834132,0.712775,0.92105,0.400444,0.024462,0.140198,0.220451,0.197755,0.122512,0.485757,-0.48907,0.308671,0.013048,0.664006,98.573165,54429.004769,normal load
296,0.0728,238.701717,0.708363,0.926063,0.387641,0.019693,0.130358,0.199352,0.176836,0.108662,0.393414,-0.161767,0.537449,0.011753,0.663698,99.485247,46983.84561,normal load
297,0.0826,238.737318,0.709503,0.927639,0.383301,0.017661,0.122962,0.232442,0.178223,0.118748,0.441974,0.326212,0.672709,0.012766,0.681782,98.390497,49066.694264,normal load
298,0.0921,238.706632,0.700042,0.927328,0.384635,0.017076,0.113599,0.190733,0.158695,0.100238,0.37912,-0.07586,0.253289,0.010411,0.709104,101.167897,46123.778549,normal load
299,0.1069,238.669563,0.707861,0.919224,0.408108,0.016605,0.13091,0.216509,0.192928,0.114526,0.450316,0.183856,0.370578,0.013042,0.670333,100.711571,46033.835652,normal load
300,0.1156,238.537636,0.720021,0.924905,0.391468,0.012963,0.132169,0.204823,0.197115,0.113043,0.444589,-0.199041,0.443719,0.011921,0.657314,100.115529,42575.987084,normal load
301,0.123,238.677342,0.712945,0.927047,0.381968,0.013854,0.114666,0.202098,0.178803,0.112944,0.399084,0.069065,0.254588,0.012794,0.662455,99.949485,42705.854179,normal load
302,0.1344,238.588085,0.709018,0.919025,0.405866,0.027357,0.119792,0.204627,0.165482,0.11231,0.408362,0.714473,0.428201,0.011407,0.600397,101.042568,49388.65684,normal load
303,0.1401,238.512453,0.705366,0.923976,0.394158,0.01624,0.135012,0.201895,0.157543,0.109558,0.428957,-0.072968,0.358724,0.012212,0.664781,100.890193,49466.293169,normal load
304,0.1437,238.776683,0.705633,0.924822,0.392034,0.011499,0.118684,0.198745,0.185071,0.110195,0.42312,0.179985,0.348843,0.011472,0.627678,100.84224,50949.547479,normal load
305,0.1526,238.75869,0.695225,0.923098,0.394097,0.013386,0.131768,0.224786,0.187203,0.124401,0.444245,-0.511726,0.402806,0.014,0.647452,100.211012,47207.679028,normal load
306,0.1606,238.431994,0.709546,0.918444,0.408416,0.024703,0.111523,0.204402,0.187937,0.108757,0.401158,0.565071,0.394807,0.01144,0.614378,99.485695,49216.432013,normal load
307,0.1657,238.681597,0.713073,0.923023,0.396323,0.021729,0.126819,0.219672,0.18075,0.120909,0.42284,-0.120652,0.420963,0.013338,0.747193,100.490412,49949.322874,normal load
308,0.1729,238.849355,0.698546,0.923018,0.398803,0.020922,0.116784,0.212813,0.190198,0.111106,0.429803,0.426922,0.303477,0.013553,0.63868,100.534438,46861.277208,normal load
309,0.1801,238.858884,0.704031,0.923556,0.392419,0.015197,0.11729,0.204744,0.190058,0.111092,0.412287,0.006866,0.306257,0.012345,0.691974,99.628426,49884.332293,normal load
310,0.1867,238.853876,0.701055,0.92231,0.39602,0.021014,0.126299,0.217108,0.174934,0.111615,0.431001,0.258225,0.368082,0.011123,0.66431,99.483876,47511.789211,normal load
311,0.194,238.705837,0.702208,0.922671,0.395386,0.012495,0.12464,0.210274,0.180552,0.114035,0.416409,0.287013,0.384736,0.011503,0.581182,100.819982,47156.57812,normal load
312,0.2062,238.573243,0.708321,0.923881,0.39196,0.015183,0.125497,0.212674,0.188262,0.111605,0.429627,-0.111335,0.328602,0.013532,0.709309,101.297704,50277.016212,normal load
313,0.2123,238.537445,0.695494,0.925327,0.387563,0.023789,0.132291,0.239322,0.20675,0.119867,0.464234,0.476719,0.460644,0.01278,0.643229,99.125544,53416.292698,normal load
314,0.2285,238.751691,0.711686,0.923087,0.390622,0.02312,0.1285,0.214807,0.191467,0.120795,0.423598,-0.225774,0.12052,0.013401,0.728686,99.562961,50600.38401,normal load
315,0.2442,238.756892,0.712523,0.922771,0.394934,0.010127,0.131858,0.216085,0.200696,0.121812,0.430695,0.338004,0.287191,0.013201,0.661776,100.11584,49861.117398,normal load
316,0.2531,238.8931,0.706493,0.924277,0.392213,0.011011,0.149046,0.242501,0.207102,0.134882,0.51984,-0.099941,0.373917,0.014732,0.762423,100.237939,52160.134431,normal load
317,0.2597,238.864997,0.693116,0.918237,0.40645,0.017761,0.111448,0.215419,0.175765,0.121695,0.442391,0.176791,0.264935,0.0132,0.59937,99.32987,50298.188014,normal load
318,0.2695,238.680166,0.702021,0.925431,0.391528,0.029083,0.122014,0.216906,0.205227,0.114843,0.42293,-0.114404,0.64202,0.012056,0.683336,101.495169,47413.844172,normal load
319,0.2842,238.513369,0.715397,0.923998,0.392409,0.003591,0.129319,0.232034,0.184,0.114284,0.443013,0.069867,0.399683,0.01216,0.73885,100.179886,47252.744405,normal load
320,0.2958,238.652134,0.691332,0.924119,0.394009,0.018948,0.117151,0.20176,0.168652,0.111374,0.419212,-0.309689,0.405873,0.012441,0.578286,100.278245,45567.883514,normal load
321,0.3098,238.732585,0.705915,0.926882,0.385169,0.007368,0.123668,0.188693,0.178346,0.111975,0.406024,0.133612,0.313972,0.011719,0.608921,101.382996,50065.764948,normal load
322,0.3195,238.669688,0.70092,0.918142,0.408671,0.01256,0.122467,0.206969,0.178973,0.104846,0.420913,0.063809,0.382697,0.009984,0.670574,99.395845,48158.910214,normal load
323,0.3308,238.613316,0.712827,0.918078,0.40801,0.014449,0.126186,0.217065,0.185446,0.111079,0.441042,-0.143556,0.211048,0.013424,0.710148,99.720411,48680.523038,normal load
324,0.3368,238.737933,0.703949,0.924821,0.392284,0.014056,0.119759,0.208475,0.181249,0.112596,0.402912,0.030473,0.362937,0.011562,0.508201,98.67201,46546.706683,normal load
325,0.3497,238.624406,0.710424,0.923979,0.392524,0.013263,0.123384,0.213173,0.183907,0.111662,0.417731,0.097571,0.250309,0.01296,0.785486,99.644885,51171.867597,normal load
326,0.3543,238.60579,0.711393,0.924511,0.391791,0.01705,0.137635,0.221218,0.194524,0.117562,0.470732,-0.174736,0.357736,0.014294,0.727599,98.459965,43783.834811,normal load
327,0.0123,238.746718,0.719017,0.922614,0.396543,0.013253,0.124959,0.218695,0.16968,0.120707,0.474257,0.005147,0.006141,0.013053,0.730299,100.473064,53457.655768,normal load
328,0.0271,238.639701,0.706782,0.925993,0.386706,0.006763,0.12262,0.212593,0.198448,0.113734,0.429017,-0.299502,0.219905,0.013196,0.646051,100.177997,42408.550273,normal load
329,0.0307,238.736616,0.710256,0.926798,0.385609,0.022459,0.120946,0.19917,0.175544,0.113181,0.397467,0.841828,0.599291,0.012204,0.526569,99.550638,42635.906657,normal load
330,0.0417,238.740981,0.69909,0.925452,0.391921,0.02227,0.140401,0.215287,0.198613,0.110209,0.424414,0.444572,0.528962,0.014479,0.737947,99.709619,49924.419685,normal load
331,0.0447,238.529086,0.715142,0.923218,0.39402,0.022902,0.126996,0.239292,0.177678,0.116932,0.425158,0.151216,0.599121,0.012134,0.651627,100.48532,57632.691739,normal load
332,0.0574,238.627814,0.703437,0.917677,0.409232,0.006215,0.119794,0.188123,0.164064,0.105416,0.373478,0.423276,0.573636,0.01149,0.639629,98.777784,50248.475315,normal load
333,0.0602,238.915667,0.704635,0.926308,0.388191,0.019092,0.12945,0.207413,0.174084,0.103746,0.44511,-0.6,0.487089,0.012843,0.636538,99.983751,50296.665208,normal load
334,0.0762,238.525688,0.707867,0.927665,0.384396,0.021732,0.124644,0.201268,0.197742,0.109904,0.406416,-0.6,0.3234,0.012451,0.679744,100.429559,50344.793338,normal load
335,0.0799,238.382502,0.698623,0.925934,0.387314,0.009782,0.127564,0.218993,0.184854,0.112584,0.422139,-0.093247,0.238933,0.013909,0.639202,98.195953,44741.058212,normal load
336,0.0962,238.420723,0.709373,0.921361,0.395654,0.017064,0.127668,0.213023,0.19815,0.116765,0.438849,-0.452178,0.574657,0.012723,0.741897,100.416444,51522.273769,normal load
337,0.1101,238.704366,0.713805,0.926021,0.387839,0.016186,0.124225,0.209884,0.179744,0.119696,0.423299,-0.033278,0.402512,0.014333,0.598066,98.293344,47735.221783,normal load
338,0.1208,238.704638,0.709758,0.926582,0.382248,0.029895,0.132754,0.223461,0.184281,0.122956,0.459104,0.125549,0.775203,0.014564,0.814047,99.694165,47614.662109,normal load
339,0.1345,238.682358,0.698467,0.928676,0.382173,0.030471,0.125784,0.213978,0.181377,0.108701,0.428179,0.373338,0.335772,0.012766,0.796393,98.752948,49451.863686,normal load
340,0.1483,238.882128,0.707257,0.921372,0.399456,0.00535,0.121234,0.206903,0.188389,0.109946,0.402342,-0.336654,0.67428,0.012521,0.735725,101.088122,45648.249851,normal load
341,0.1644,238.299075,0.712452,0.923321,0.395656,0.034457,0.115629,0.194858,0.163601,0.112377,0.435093,0.18739,0.36408,0.01329,0.727907,98.758591,50944.273433,normal load
342,0.1699,238.75939,0.696732,0.926242,0.385126,0.010593,0.118313,0.223058,0.171333,0.113256,0.413319,0.055089,0.590688,0.011562,0.655554,98.314829,42651.283239,normal load
343,0.1805,238.934216,0.701551,0.924172,0.389605,0.023865,0.136646,0.201293,0.165157,0.113002,0.44926,0.171331,0.643945,0.011429,0.728848,99.920017,48955.419181,normal load
344,0.1835,238.530833,0.713259,0.920648,0.40145,0.023793,0.111242,0.200901,0.155959,0.102293,0.370878,-0.119483,0.22513,0.012327,0.592006,99.427667,41386.090998,normal load
345,0.1945,238.643029,0.709621,0.925244,0.389068,0.01003,0.116887,0.212977,0.172059,0.116132,0.409192,0.523483,0.314082,0.012471,0.553672,98.445855,46519.30601,normal load
346,0.1987,238.587066,0.710472,0.925736,0.387082,0.020453,0.132935,0.214631,0.168984,0.116323,0.403192,0.013811,0.235383,0.012354,0.752047,100.273234,49911.946336,normal load
347,0.209,238.565848,0.719157,0.924264,0.39182,0.016247,0.123946,0.201061,0.173818,0.105789,0.427768,0.661524,0.204058,0.012333,0.718444,98.007651,44538.072059,normal load
348,0.2193,238.651061,0.710811,0.924659,0.394809,0.02088,0.125939,0.208469,0.162609,0.113406,0.414867,-0.223839,0.487027,0.010437,0.649974,98.867383,48723.292785,normal load
349,0.2281,238.914123,0.711947,0.923224,0.395661,0.018615,0.126197,0.211827,0.178303,0.117892,0.459802,0.317553,0.364877,0.012653,0.602593,99.282304,49311.216688,normal load
350,0.2377,238.975608,0.724264,0.928435,0.382193,0.025374,0.115398,0.198874,0.183931,0.106839,0.392969,0.027545,0.386974,0.011223,0.589222,100.522,44053.466495,normal load
351,0.251,238.649609,0.706717,0.921298,0.400657,0.017528,0.112889,0.191156,0.171736,0.107041,0.372177,-0.059442,0.453758,0.012217,0.497006,100.965922,43321.745043,normal load
352,0.2649,238.985759,0.703213,0.922238,0.399186,0.015825,0.113545,0.192074,0.181501,0.11041,0.417564,0.266587,0.110418,0.013078,0.705215,100.792504,47455.899659,normal load
353,0.274,238.705336,0.710567,0.924033,0.392013,0.024672,0.12821,0.225876,0.180967,0.116666,0.426731,-0.056801,0.594048,0.013439,0.589017,99.662054,48207.362309,normal load
354,0.2848,238.963054,0.710634,0.926637,0.382348,0.021063,0.136239,0.227152,0.184616,0.121502,0.463945,-0.6,0.351592,0.013871,0.732899,97.615423,52940.331737,normal load
355,0.3007,238.686005,0.70484,0.919508,0.403687,0.022123,0.139952,0.214819,0.179904,0.107891,0.424392,-0.6,0.478959,0.011791,0.635189,100.151768,49818.227714,normal load
356,0.3041,238.719659,0.701806,0.920069,0.403757,0.012348,0.115413,0.190661,0.169176,0.103085,0.414897,0.458983,0.465036,0.012055,0.525945,101.123516,43261.332307,normal load
357,0.3074,238.754821,0.721859,0.917887,0.406619,0.009683,0.108554,0.210069,0.188687,0.10763,0.413965,0.475007,0.592149,0.012858,0.666633,100.910411,53320.519084,normal load
358,0.3103,239.176828,0.709961,0.924098,0.391863,0.013026,0.125027,0.206438,0.19347,0.108286,0.420999,0.719687,0.376665,0.013657,0.648441,100.216654,50754.955642,normal load
359,0.322,238.827693,0.703606,0.920645,0.400029,0.012654,0.141538,0.196078,0.1903,0.118327,0.445871,0.044255,0.071771,0.014306,0.716152,98.729448,48008.643181,normal load
360,0.33,238.59391,0.713496,0.922846,0.397643,0.022503,0.132542,0.218513,0.181297,0.116626,0.444519,-0.413274,0.403907,0.011483,0.601741,99.327224,50582.656488,normal load
361,0.3435,238.84535,0.707345,0.925984,0.388287,0.023832,0.113449,0.204005,0.17483,0.106364,0.391484,-0.092413,0.410362,0.011616,0.584299,101.540433,43276.576133,normal load
362,0.3554,238.645725,0.706483,0.922075,0.398364,0.015914,0.127949,0.209284,0.180702,0.109703,0.434371,0.054174,0.235242,0.011947,0.518885,98.524943,47560.791992,normal load
363,0.362,238.626537,0.711374,0.924694,0.391498,0.027016,0.122154,0.206378,0.185035,0.11513,0.436957,-0.30882,0.416432,0.012901,0.54281,98.766943,48801.339863,normal load
364,0.3775,238.83629,0.700249,0.923102,0.39467,0.026579,0.120996,0.219292,0.208889,0.120173,0.433072,0.652886,0.34271,0.013027,0.795139,100.648296,46824.896614,normal load
365,0.0057,238.704663,0.710116,0.926016,0.387373,0.018704,0.116914,0.191288,0.15977,0.103796,0.41516,0.800235,0.184749,0.011809,0.758427,99.411957,48073.580627,normal load
366,0.0128,238.741786,0.719478,0.925425,0.386862,0.011247,0.122409,0.199185,0.17773,0.109655,0.437229,0.213646,0.48647,0.013106,0.654173,98.73642,46339.856596,normal load
367,0.0192,238.702098,0.710797,0.921924,0.394498,0.028028,0.096003,0.176355,0.169166,0.099985,0.362856,0.039952,0.284045,0.009929,0.521344,101.175174,41065.191525,normal load
368,0.0232,238.750487,0.705743,0.923494,0.39393,0.016573,0.113252,0.209382,0.164121,0.100388,0.404547,-0.390709,0.323891,0.011279,0.621585,100.21495,45463.72925,normal load
369,0.0269,238.763745,0.704957,0.927131,0.384599,0.017883,0.120811,0.201955,0.172408,0.108443,0.405794,0.575749,0.316382,0.011353,0.695109,99.456379,56989.517551,normal load
370,0.043,238.409455,0.705538,0.92518,0.3911,0.014623,0.11523,0.196159,0.168909,0.104194,0.389099,0.072797,0.560465,0.011574,0.59549,98.768803,44191.84532,normal load
371,0.0512,238.799986,0.706476,0.919809,0.40556,0.010771,0.127396,0.225422,0.182506,0.111989,0.420112,-0.051632,0.385449,0.011621,0.679723,101.642666,42584.327394,normal load
372,0.0587,238.552697,0.705733,0.925967,0.389563,0.00672,0.116365,0.21188,0.168124,0.109281,0.414292,0.2178,0.401303,0.012426,0.657388,99.777993,43543.710839,normal load
373,0.0715,238.483655,0.713498,0.920746,0.399311,0.02143,0.114278,0.188651,0.167686,0.099544,0.369542,-0.13749,0.305062,0.010956,0.551317,101.057595,45717.286531,normal load
374,0.0816,238.691238,0.697601,0.928238,0.380621,0.011516,0.118234,0.209675,0.190968,0.120497,0.418865,0.102499,0.461899,0.012005,0.63554,100.60427,53602.488058,normal load
375,0.0976,238.712597,0.713172,0.927072,0.384991,0.038417,0.128101,0.196078,0.179081,0.105124,0.387979,-0.43375,0.578486,0.012619,0.646965,99.331189,44353.138108,normal load
376,0.1112,238.595974,0.705722,0.92487,0.393901,0.009397,0.116717,0.199795,0.179611,0.115477,0.445765,0.440934,0.493059,0.012756,0.617414,99.338353,54077.720003,normal load
377,0.1201,238.824655,0.710262,0.924472,0.393369,0.008198,0.109497,0.203322,0.17205,0.112426,0.385523,0.012594,0.476969,0.012549,0.644803,101.101683,48045.370955,normal load
378,0.1274,238.498674,0.701238,0.923373,0.3957,0.020571,0.12669,0.213453,0.17518,0.109567,0.446384,0.456264,0.481295,0.012363,0.632695,101.116266,48266.879535,normal load
379,0.1442,238.638958,0.715972,0.926036,0.386445,0.027705,0.13223,0.205773,0.177416,0.117279,0.402238,-0.020109,0.181664,0.012304,0.658298,98.110776,47275.653369,normal load
380,0.1569,238.612269,0.715474,0.922888,0.393958,0.017452,0.127769,0.212222,0.205155,0.113313,0.458821,0.002365,0.260534,0.012239,0.75304,100.294802,50118.353324,normal load
381,0.1731,238.693012,0.713758,0.924707,0.391715,0.021006,0.12815,0.216462,0.185002,0.119423,0.415939,-0.376645,0.36037,0.012572,0.654023,99.690907,51912.119988,normal load
382,0.1764,238.74183,0.698911,0.926616,0.383835,0.004095,0.122523,0.196438,0.169978,0.113177,0.428243,0.311884,0.279321,0.01291,0.706768,98.870009,49448.742023,normal load
383,0.1911,238.548816,0.712975,0.922315,0.396411,0.012257,0.108317,0.18974,0.170566,0.104256,0.388938,-0.236838,0.221297,0.011211,0.501781,100.035571,42885.708988,normal load
384,0.2025,238.808642,0.710429,0.922151,0.397018,0.009485,0.1119,0.186535,0.157317,0.103095,0.376183,-0.111366,0.105065,0.011991,0.58303,98.585363,44638.150019,normal load
385,0.2059,238.70945,0.698368,0.920417,0.40404,0.003735,0.113108,0.21627,0.166866,0.105846,0.394345,0.048896,0.185256,0.011485,0.642393,99.38019,53715.358924,normal load
386,0.2165,238.416208,0.707854,0.920807,0.400121,0.017819,0.116276,0.216043,0.173554,0.111857,0.410237,0.09239,0.351448,0.013102,0.775127,99.081374,49583.681235,normal load
387,0.2286,238.406211,0.710187,0.918515,0.40283,0.002,0.122639,0.188195,0.173436,0.111795,0.40068,-0.530494,0.373769,0.011656,0.522331,99.350188,50097.716375,normal load
388,0.2303,238.698152,0.711336,0.926189,0.387375,0.007745,0.121137,0.205968,0.197153,0.115036,0.429845,-0.031744,0.275246,0.013572,0.674859,99.735669,52053.14907,normal load
389,0.2389,238.666855,0.709064,0.929427,0.376892,0.01324,0.124186,0.206142,0.185651,0.108775,0.417254,0.323747,0.399024,0.012374,0.738187,98.88599,48993.445738,normal load
390,0.2532,238.684487,0.709747,0.928276,0.38111,0.011181,0.110206,0.19656,0.178877,0.105212,0.396365,-0.078442,0.316989,0.013114,0.581053,101.215861,46793.205432,normal load
391,0.2592,238.695803,0.716842,0.919122,0.404821,0.019775,0.124054,0.197809,0.170565,0.114018,0.416406,-0.028258,0.549724,0.011403,0.638052,100.243955,50993.095046,normal load
392,0.2678,238.733834,0.715356,0.926175,0.386247,0.019139,0.122468,0.225985,0.180195,0.117761,0.429119,0.108049,0.367816,0.01146,0.687358,101.415107,51650.753154,normal load
393,0.2762,238.842147,0.690798,0.928266,0.382258,0.023257,0.134454,0.215599,0.188421,0.110744,0.42163,0.00601,0.498449,0.01221,0.681792,99.655928,50437.177844,normal load
394,0.2824,238.533334,0.706095,0.92263,0.393653,0.022267,0.137588,0.233047,0.194532,0.119407,0.465795,-0.339859,0.439785,0.012566,0.815933,99.306089,51163.205,normal load
395,0.2981,238.524204,0.707012,0.924304,0.390812,0.024986,0.127267,0.198132,0.174374,0.109385,0.41931,0.036032,0.176659,0.010976,0.664834,101.382574,48401.649388,normal load
396,0.3117,238.536001,0.697487,0.917976,0.408875,0.016987,0.119011,0.214284,0.1863,0.1173,0.42358,0.396464,0.375709,0.012951,0.737242,99.279746,48406.286669,normal load
397,0.3149,238.743338,0.708565,0.9248,0.389365,0.019124,0.126979,0.211811,0.18376,0.118562,0.434585,-0.324685,0.206825,0.012763,0.652462,99.639537,48853.323514,normal load
398,0.3319,238.886742,0.715493,0.920809,0.398233,0.020581,0.117968,0.207771,0.18482,0.106462,0.420108,-0.080974,0.373563,0.012102,0.614796,100.448043,57314.931099,normal load
399,0.347,238.635299,0.701481,0.924599,0.391818,0.017992,0.118415,0.209021,0.192754,0.10775,0.428173,-0.422718,0.274726,0.011878,0.629936,98.686047,42653.527539,normal load
400,0.3529,238.324745,0.710018,0.919316,0.406141,0.01422,0.112822,0.18233,0.167278,0.099233,0.386658,0.350088,0.429621,0.011054,0.539328,100.440165,48087.053639,normal load
401,0.0145,238.444401,0.702505,0.925629,0.388036,0.014673,0.116478,0.215815,0.18894,0.107679,0.400344,0.017223,0.186222,0.013501,0.672153,100.325012,44793.016654,normal load
402,0.0176,238.575044,0.703969,0.927074,0.381326,0.011277,0.11005,0.200003,0.17821,0.112026,0.396564,-0.234279,0.381532,0.011241,0.601415,100.942393,46599.991679,normal load
403,0.0346,238.616341,0.716864,0.92165,0.399543,0.019951,0.104814,0.200837,0.153996,0.096275,0.371291,0.075189,0.454858,0.010363,0.562715,100.60104,52806.559759,normal load
404,0.0464,238.638742,0.704745,0.920589,0.39872,0.016342,0.105028,0.194117,0.1658,0.100685,0.389256,-0.35649,0.515567,0.01264,0.663662,100.969981,43778.962843,normal load
405,0.058,238.705787,0.710773,0.917532,0.409431,0.012358,0.11117,0.192543,0.165917,0.102443,0.411853,-0.295403,0.268069,0.011673,0.556823,99.70062,43928.703706,normal load
406,0.0609,238.653238,0.696773,0.923201,0.393138,0.012364,0.131384,0.207996,0.180648,0.116007,0.457951,-0.474504,0.398352,0.014496,0.725495,99.023597,50168.395212,normal load
407,0.0763,238.857401,0.719174,0.922255,0.395182,0.008527,0.118136,0.218064,0.187687,0.117437,0.425801,-0.333092,0.423851,0.012455,0.651136,101.698987,47555.569819,normal load
408,0.0783,238.598597,0.711616,0.919347,0.403716,0.023852,0.110187,0.200971,0.180261,0.108306,0.414931,0.501338,0.60785,0.012612,0.699718,98.425974,49423.514856,normal load
409,0.0835,238.570652,0.706905,0.925359,0.38854,0.01755,0.133132,0.204017,0.191915,0.114851,0.397495,-0.203903,0.166705,0.013203,0.627848,98.516138,46454.547946,normal load
410,0.0872,238.771831,0.711453,0.92265,0.394933,0.01096,0.10866,0.18339,0.168771,0.094179,0.38794,0.193372,0.241279,0.010922,0.636593,100.308615,46358.718753,normal load
411,0.1007,238.469654,0.699541,0.920773,0.401622,0.02266,0.122861,0.195943,0.174466,0.113595,0.40781,-0.236707,0.800588,0.011597,0.654461,101.262487,43340.4053,normal load
412,0.1053,238.758454,0.715095,0.922336,0.396043,0.013077,0.130328,0.21385,0.167911,0.112578,0.459282,0.322137,0.3525,0.013342,0.717801,99.970596,43991.655031,normal load
413,0.1209,238.715383,0.706056,0.927214,0.385362,0.007154,0.13309,0.215403,0.191183,0.119129,0.432378,-0.321879,0.108522,0.013475,0.69382,100.699373,50080.096518,normal load
414,0.1326,238.677884,0.706776,0.925809,0.388048,0.024149,0.110445,0.197714,0.176708,0.102327,0.393127,0.061458,0.297174,0.010926,0.536666,98.003778,42040.940039,normal load
415,0.1347,238.938241,0.70505,0.92361,0.392357,0.01324,0.129135,0.231874,0.194271,0.117489,0.425526,0.0721,-0.025989,0.012255,0.755239,99.35041,56224.986381,normal load
416,0.1363,238.606669,0.704516,0.925857,0.386199,0.014138,0.104893,0.193509,0.188088,0.104088,0.387714,0.799199,0.409673,0.009524,0.604721,98.113447,40206.340542,normal load
417,0.1386,239.009045,0.712168,0.920517,0.398923,0.017288,0.130943,0.20579,0.18275,0.109261,0.395594,0.253765,0.495258,0.012197,0.666199,100.50237,42435.19077,normal load
418,0.1494,238.666185,0.709535,0.924097,0.392566,0.024998,0.118831,0.213719,0.196559,0.109219,0.429339,-0.163106,0.257705,0.012734,0.724834,98.407492,51855.158586,normal load
419,0.1634,238.508448,0.71191,0.924442,0.390695,0.01714,0.128074,0.22926,0.189632,0.121048,0.466934,0.313979,0.332467,0.013415,0.668749,98.649963,51001.171157,normal load
420,0.1686,238.710488,0.707947,0.92259,0.392496,0.008606,0.120816,0.214793,0.182898,0.110012,0.452878,0.818058,0.535028,0.011455,0.621396,100.262623,45145.132548,normal load
421,0.1832,238.538563,0.711079,0.925306,0.38815,0.020807,0.11477,0.197693,0.181777,0.113397,0.412854,-0.519323,0.127339,0.011596,0.69799,100.755642,55229.449889,normal load
422,0.1856,238.587237,0.705487,0.921659,0.397111,0.013605,0.118505,0.196949,0.155935,0.10246,0.359378,-0.217992,0.180935,0.010746,0.569364,99.656929,40238.523488,normal load
423,0.1995,238.759555,0.721378,0.925529,0.390728,0.030215,0.125996,0.187818,0.168999,0.105463,0.38161,-0.029586,0.337315,0.010698,0.649445,100.313155,43237.204199,normal load
424,0.2154,238.783337,0.698592,0.925656,0.385478,0.016992,0.121948,0.216584,0.187396,0.110182,0.441287,-0.096602,0.278045,0.012675,0.653578,100.284009,48446.343206,normal load
425,0.2289,238.606675,0.715566,0.915249,0.41251,0.002,0.113857,0.200976,0.169929,0.113311,0.406548,-0.065275,0.342809,0.012743,0.709589,99.606116,50199.316373,normal load
426,0.2412,238.848111,0.716207,0.927571,0.384603,0.019502,0.103722,0.197235,0.183653,0.110873,0.403943,-0.384006,0.194817,0.013625,0.648906,98.814765,47581.29003,normal load
427,0.2557,238.873626,0.702887,0.914857,0.417678,0.030612,0.122942,0.20462,0.18452,0.105393,0.408218,0.543159,0.422838,0.012525,0.679441,100.308402,46314.136176,normal load
428,0.2578,238.915445,0.721376,0.922152,0.396072,0.028031,0.122816,0.219861,0.168492,0.114692,0.423979,-0.450491,0.368672,0.013464,0.641359,100.351786,48038.273441,normal load
429,0.2624,238.779412,0.713973,0.927076,0.383312,0.029817,0.125948,0.222096,0.191179,0.120704,0.445283,-0.021022,0.483403,0.012426,0.705111,100.604622,50378.222932,normal load
430,0.2659,238.904514,0.713827,0.923048,0.39579,0.009862,0.126175,0.214004,0.186781,0.111327,0.424849,0.418882,0.421492,0.011245,0.736079,100.08086,51529.979965,normal load
431,0.2752,238.41788,0.708168,0.919601,0.400241,0.023385,0.133987,0.232405,0.202995,0.113611,0.484798,0.041857,0.43374,0.012986,0.697284,98.74835,48058.652131,normal load
432,0.2882,238.652314,0.706697,0.920719,0.398086,0.011946,0.125988,0.218178,0.180036,0.115416,0.446066,-0.292905,0.173088,0.011227,0.692134,100.421306,55277.459214,normal load
433,0.2995,238.569949,0.706744,0.927081,0.383827,0.01857,0.121388,0.214146,0.189396,0.106158,0.427102,-0.419603,0.462549,0.01244,0.658976,99.798757,46089.195773,normal load
434,0.3142,238.717884,0.710343,0.918235,0.409519,0.008089,0.123989,0.211223,0.194423,0.116825,0.457576,-0.032123,0.349309,0.012541,0.702599,99.365536,51368.923665,normal load
435,0.3181,238.614283,0.716407,0.927387,0.382776,0.012489,0.121929,0.194857,0.162212,0.10598,0.402,-0.204444,0.35597,0.010325,0.731116,99.534828,42700.638046,normal load
436,0.0045,238.675076,0.709088,0.923835,0.392968,0.012266,0.141525,0.232524,0.196016,0.130167,0.473408,0.138975,0.584477,0.015648,0.824981,99.178769,51513.142949,normal load
437,0.0102,238.982326,0.702531,0.920423,0.403336,0.02329,0.131657,0.219033,0.196537,0.111187,0.420087,-0.448773,0.284719,0.012304,0.677148,100.599959,46917.457338,normal load
438,0.0227,238.674542,0.712947,0.922251,0.400094,0.022605,0.131102,0.215193,0.197248,0.110987,0.41439,0.340933,0.598294,0.011428,0.685435,98.523697,46623.54908,normal load
439,0.0394,238.762069,0.713527,0.920948,0.399424,0.018938,0.118725,0.20578,0.190711,0.114926,0.457815,0.092817,0.614584,0.013547,0.635216,98.905863,48755.611699,normal load
440,0.0504,238.66516,0.711928,0.926599,0.385506,0.007547,0.127033,0.228389,0.213637,0.1261,0.499305,0.127372,0.52599,0.01309,0.711567,99.504104,50247.524908,normal load
441,0.0527,238.711357,0.712473,0.926197,0.389331,0.014819,0.12438,0.207863,0.199761,0.125172,0.434201,0.576344,0.247673,0.013867,0.704717,101.252376,52959.485833,normal load
442,0.0638,238.700903,0.706374,0.918843,0.403376,0.011777,0.107711,0.192775,0.174466,0.096614,0.386485,-0.094944,0.059514,0.01091,0.65807,100.748852,42378.114946,normal load
443,0.0659,238.767249,0.702426,0.922789,0.39708,0.023088,0.137233,0.213149,0.18764,0.120693,0.455235,-0.218354,0.570859,0.012944,0.751268,98.323243,49364.25816,normal load
444,0.0811,238.874796,0.702791,0.92141,0.397574,0.025247,0.123994,0.210122,0.195464,0.105352,0.409117,-0.139302,0.403227,0.012563,0.582195,101.016212,46710.711981,normal load
445,0.0936,238.947109,0.698187,0.927881,0.382262,0.024395,0.131259,0.213771,0.188807,0.116273,0.409722,-0.017477,0.278965,0.013042,0.722155,101.014478,52238.54279,normal load
446,0.0978,238.746443,0.709422,0.91995,0.40248,0.011713,0.118448,0.209923,0.167822,0.100708,0.380074,0.017001,0.547633,0.012315,0.612458,98.743393,46366.224063,normal load
447,0.1007,238.788432,0.707499,0.928813,0.378164,0.002,0.128514,0.22146,0.1818,0.111838,0.470877,-0.247078,0.264174,0.012757,0.618145,97.530688,49764.926429,normal load
448,0.1051,238.52737,0.70536,0.9239,0.391171,0.004631,0.12716,0.2002,0.179351,0.105608,0.390781,-0.6,0.321018,0.012516,0.718688,99.735001,42624.903468,normal load
449,0.1218,238.686818,0.690266,0.920514,0.401816,0.026951,0.127439,0.216778,0.168877,0.111854,0.424725,-0.147058,0.469906,0.013159,0.751102,100.810182,45387.746845,normal load
450,0.1304,238.841043,0.700516,0.921968,0.399157,0.014191,0.122647,0.197233,0.186698,0.111308,0.39866,0.17344,0.22137,0.012483,0.66645,101.232136,44015.886619,normal load
451,0.144,238.829895,0.714725,0.921595,0.398432,0.011745,0.144818,0.223475,0.192032,0.124276,0.455038,0.107093,0.391143,0.013589,0.766053,99.016255,57678.955152,normal load
452,0.1554,238.731741,0.704012,0.920176,0.402371,0.028499,0.136981,0.233146,0.204473,0.122638,0.453252,0.516412,0.580146,0.012583,0.771462,101.376781,55334.517126,normal load
453,0.1658,238.832959,0.710164,0.924284,0.392496,0.025856,0.122462,0.195381,0.178731,0.10654,0.406007,0.736128,0.422157,0.013008,0.745281,97.794861,46156.306507,normal load
454,0.1695,238.773615,0.699656,0.920316,0.400451,0.017171,0.11937,0.210412,0.181206,0.114868,0.429107,0.316777,0.578036,0.012574,0.705795,99.468754,47150.116355,normal load
455,0.1857,238.880046,0.716632,0.917459,0.410261,0.014946,0.125903,0.198937,0.172771,0.109304,0.399641,0.523913,0.554787,0.011936,0.568015,99.42451,45247.870598,normal load
456,0.1918,238.743404,0.707136,0.922861,0.396581,0.016075,0.13828,0.222322,0.191669,0.122418,0.426557,0.335977,0.401831,0.014213,0.817087,100.837103,48663.899459,normal load
457,0.2023,238.646645,0.70974,0.918591,0.4102,0.01859,0.121657,0.199002,0.196995,0.106934,0.423396,0.6378,0.039163,0.011152,0.713085,100.968472,49470.398816,normal load
458,0.2146,238.750376,0.721955,0.921744,0.39768,0.0282,0.129235,0.208546,0.19161,0.10284,0.405227,0.683098,0.221761,0.013552,0.615524,100.658801,46851.821143,normal load
459,0.2262,238.260411,0.717099,0.921273,0.398769,0.019957,0.118247,0.220411,0.195144,0.116924,0.429191,0.401643,0.516695,0.013094,0.630516,98.584505,57847.503369,normal load
460,0.2423,238.757433,0.706161,0.921386,0.400317,0.022082,0.12033,0.21415,0.177847,0.11378,0.420482,0.289233,0.155329,0.012418,0.672525,100.576357,51487.701646,normal load
461,0.2461,238.152738,0.704441,0.930003,0.377604,0.025185,0.123525,0.209651,0.190252,0.112033,0.406032,-0.02179,0.340674,0.01216,0.642058,100.258138,52898.214805,normal load
462,0.2555,238.44148,0.706047,0.924169,0.391139,0.008812,0.109834,0.188016,0.178701,0.101978,0.371754,0.032723,0.422988,0.010178,0.627616,98.295889,47089.944013,normal load
463,0.2632,238.767765,0.711059,0.924736,0.38985,0.022284,0.142669,0.215666,0.181975,0.112048,0.455203,-0.070646,0.621089,0.012828,0.727843,97.939688,49165.715416,normal load
464,0.2721,238.771629,0.707369,0.918671,0.406906,0.014938,0.135636,0.220969,0.200062,0.129461,0.493749,0.293391,0.318144,0.013981,0.690062,100.73419,55448.646162,normal load
465,0.2754,238.525636,0.705629,0.922038,0.396242,0.002,0.126025,0.220416,0.173202,0.111506,0.430631,-0.209411,0.298722,0.013492,0.616834,99.637911,49443.525287,normal load
466,0.279,238.593185,0.716803,0.924646,0.390076,0.002103,0.133219,0.229478,0.206483,0.116855,0.445278,-0.018121,0.395852,0.013255,0.731388,98.643336,57583.673331,normal load
467,0.2848,238.905581,0.707315,0.920926,0.40048,0.009873,0.106737,0.2184,0.193843,0.109159,0.415558,-0.6,0.433173,0.010217,0.600075,99.612645,48029.204813,normal load
468,0.291,238.627395,0.721798,0.926724,0.386692,0.020719,0.120906,0.208129,0.185883,0.105495,0.443122,0.660798,0.369024,0.011414,0.676564,100.127637,50216.184396,normal load
469,0.2992,239.036438,0.708544,0.920392,0.400808,0.017797,0.124052,0.198222,0.155245,0.111436,0.388642,-0.025885,0.534327,0.013552,0.548276,99.725434,46905.322304,normal load
470,0.3101,238.699712,0.718712,0.923141,0.391861,0.018291,0.118814,0.203578,0.186396,0.112826,0.409628,0.207068,0.268586,0.011484,0.637353,98.403212,53813.104636,normal load
471,0.3215,238.761205,0.710144,0.922242,0.394082,0.030657,0.123814,0.219593,0.181929,0.119506,0.436906,0.581856,0.415827,0.014124,0.72838,101.497001,46096.194936,normal load
472,0.0079,238.942531,0.713778,0.924493,0.389204,0.008116,0.132488,0.213741,0.177962,0.114401,0.433244,0.155892,0.457943,0.011816,0.699716,100.703796,54930.963345,normal load
473,0.0157,238.719654,0.703652,0.922079,0.395409,0.016808,0.123283,0.194794,0.175714,0.103073,0.400715,0.516283,0.318099,0.011471,0.566081,99.49816,44757.463721,normal load
474,0.0206,238.549648,0.702877,0.923187,0.394272,0.019131,0.118949,0.203796,0.173258,0.10001,0.399524,-0.35932,0.498706,0.012178,0.546508,99.534415,41091.65226,normal load
475,0.0312,238.683541,0.710758,0.923292,0.392449,0.011846,0.112706,0.191179,0.165969,0.103333,0.410705,0.827683,0.397851,0.010981,0.615367,100.123539,43022.888866,normal load
476,0.0376,238.694658,0.713931,0.921797,0.397052,0.017198,0.12561,0.222063,0.18165,0.110441,0.426929,0.441067,0.514534,0.014081,0.70988,98.783341,44716.561079,normal load
477,0.0397,238.495289,0.708242,0.925455,0.3874,0.0058,0.131971,0.23544,0.203017,0.125061,0.488876,0.135937,0.44021,0.013851,0.752419,100.090409,55927.604253,normal load
478,0.0477,238.661625,0.700282,0.924715,0.389849,0.026869,0.126479,0.224222,0.191781,0.12243,0.438719,0.586162,0.461417,0.01372,0.674232,98.602341,48801.860674,normal load
479,0.0565,238.588671,0.699838,0.923734,0.395063,0.012229,0.105978,0.187888,0.155669,0.106928,0.391363,-0.324987,0.280803,0.011101,0.615302,99.736519,44713.532646,normal load
480,0.0615,238.838654,0.699437,0.922709,0.396741,0.03122,0.129102,0.241908,0.19301,0.121017,0.441269,-0.05464,0.305698,0.013915,0.797037,98.748286,55896.919785,normal load
481,0.0719,238.705192,0.697394,0.92639,0.386111,0.016773,0.123597,0.214113,0.194624,0.120523,0.435116,0.581496,0.586935,0.014348,0.70321,98.793724,48934.362846,normal load
482,0.0822,238.657581,0.708657,0.923292,0.393539,0.024196,0.105037,0.19586,0.167258,0.101789,0.387483,-0.556844,0.4662,0.011429,0.511016,101.28115,44171.536315,normal load
483,0.0945,238.684073,0.71475,0.92308,0.394134,0.016627,0.123437,0.201565,0.167504,0.107995,0.406211,0.242428,0.234755,0.013694,0.662186,99.853303,43889.414903,normal load
484,0.1061,238.733468,0.70792,0.924314,0.392054,0.016785,0.1322,0.234002,0.201926,0.119608,0.461367,0.249203,0.428402,0.012695,0.81879,99.986666,50230.331935,normal load
485,0.1177,238.792522,0.694438,0.92909,0.379728,0.012912,0.137617,0.221987,0.163387,0.113126,0.424357,0.759574,0.034397,0.013455,0.600921,97.989758,58379.933368,normal load
486,0.1241,238.550043,0.706855,0.919979,0.401408,0.017834,0.111874,0.191506,0.167004,0.105372,0.391512,-0.471043,0.293795,0.012073,0.618583,99.262698,48095.194197,normal load
487,0.1378,238.543762,0.707023,0.92631,0.386354,0.019226,0.129563,0.220001,0.183007,0.110763,0.439162,0.632101,0.542249,0.012027,0.666574,100.215091,49443.07352,normal load
488,0.1478,238.865702,0.720576,0.91832,0.403932,0.01151,0.112624,0.18936,0.164775,0.096146,0.434826,-0.130231,0.35083,0.011335,0.595215,99.974723,41627.09683,normal load
489,0.156,238.638149,0.699257,0.924652,0.390994,0.016125,0.121095,0.204044,0.186016,0.112898,0.42318,-0.105267,0.405409,0.012367,0.664302,97.861373,48119.887025,normal load
490,0.1672,238.487474,0.705656,0.928725,0.38098,0.012729,0.135521,0.227256,0.203553,0.121497,0.44163,-0.399192,-0.064209,0.012529,0.765951,99.986424,51992.776924,normal load
491,0.1743,238.766572,0.718235,0.925466,0.388112,0.033098,0.128765,0.212918,0.176757,0.10776,0.403156,-0.331052,0.331314,0.012798,0.665694,100.129903,47503.858823,normal load
492,0.1837,238.769505,0.7107,0.924512,0.393768,0.016372,0.122871,0.206271,0.183714,0.111498,0.406079,0.186462,0.435209,0.012305,0.720171,100.955386,49278.781805,normal load
493,0.1967,238.470393,0.71138,0.922319,0.395436,0.027817,0.12798,0.219045,0.1929,0.114432,0.428368,-0.354405,0.469905,0.012998,0.682289,99.210292,47918.972891,normal load
494,0.2119,238.734422,0.708688,0.924093,0.392467,0.015631,0.127898,0.223252,0.176515,0.117105,0.433532,0.324164,0.54722,0.013054,0.671159,97.782138,48111.553869,normal load
495,0.2277,238.810337,0.70998,0.923244,0.394303,0.018815,0.123916,0.225361,0.212092,0.124578,0.438836,-0.193962,0.370015,0.013247,0.66308,98.902906,53181.122313,normal load
496,0.237,238.756158,0.712666,0.921642,0.398355,0.00775,0.124585,0.219594,0.178051,0.119709,0.444247,-0.390937,0.373048,0.012752,0.579828,98.812641,47193.741914,normal load
497,0.2465,238.794797,0.703143,0.92313,0.394481,0.01387,0.126972,0.216867,0.19667,0.120818,0.437427,-0.142018,0.195256,0.013288,0.712232,100.463038,53771.409706,normal load
498,0.2604,238.48936,0.713268,0.924595,0.390986,0.018474,0.1218,0.229552,0.193216,0.123325,0.423246,0.173998,0.365846,0.012443,0.807426,97.354937,50542.59892,normal load
499,0.2668,238.749656,0.699762,0.921698,0.399632,0.028102,0.128286,0.205435,0.18791,0.110266,0.438723,-0.047699,0.202092,0.014791,0.696257,99.396479,43598.580404,normal load
500,0.2813,238.654607,0.70997,0.921581,0.400729,0.018554,0.131735,0.213933,0.179368,0.108156,0.407943,0.062251,0.113072,0.011428,0.704159,101.083216,49368.799161,normal load
501,0.0146,235.197679,1.353601,0.972077,0.237431,0.032489,0.181408,0.279436,0.268324,0.183144,0.548247,0.090988,0.493411,0.018971,0.874642,97.805242,83453.575196,overload
502,0.0162,235.98288,1.257423,0.945766,0.33111,0.055476,0.185407,0.323034,0.265154,0.187494,0.640216,-0.6,0.215366,0.020124,1.238359,100.383655,85184.26986,overload
503,0.0291,236.717822,1.335162,0.961711,0.276862,0.040989,0.193283,0.310614,0.246561,0.154671,0.614309,-0.355008,0.45846,0.022722,0.922193,101.090771,96693.833918,overload
504,0.0459,235.923742,1.397001,0.962312,0.276635,0.040938,0.172143,0.277253,0.254245,0.183786,0.530553,0.818538,0.70185,0.021613,1.05799,102.411432,87550.085135,overload
505,0.0548,237.272064,1.310078,0.962221,0.277289,0.049392,0.190832,0.274447,0.274349,0.189486,0.581055,0.094946,0.670949,0.021614,1.109994,99.263692,83297.057845,overload
506,0.0621,236.262092,1.324013,0.971143,0.240726,0.044453,0.159846,0.294473,0.253164,0.162024,0.595615,0.20698,0.43733,0.022568,0.957865,99.436366,85769.298429,overload
507,0.073,236.351149,1.336131,0.974288,0.227081,0.05605,0.166255,0.283661,0.256212,0.157162,0.581018,0.362756,0.737894,0.019745,0.723395,99.907587,78693.718644,overload
508,0.087,236.974847,1.518922,0.956132,0.299683,0.034799,0.143494,0.261831,0.214556,0.127099,0.572902,-0.275364,0.22223,0.01783,0.795285,100.607702,60546.304809,overload
509,0.0922,236.19029,1.203276,0.963385,0.271411,0.029231,0.181128,0.306492,0.261328,0.203558,0.594099,0.432116,0.294734,0.021885,0.896209,100.335825,83007.159794,overload
510,0.0976,236.405766,1.390131,0.958674,0.288606,0.042283,0.200243,0.321758,0.279743,0.179654,0.651338,0.06725,0.840882,0.023606,1.037423,101.046031,95509.488224,overload
511,0.1085,236.839474,1.329733,0.952943,0.308722,0.046723,0.177506,0.317068,0.282898,0.160842,0.572794,0.384581,0.575681,0.025154,0.849159,98.624739,92676.616617,overload
512,0.1246,235.416638,1.298748,0.960167,0.283052,0.031111,0.204604,0.335788,0.332922,0.197299,0.686472,-0.011344,0.440202,0.024214,1.129224,100.755595,98792.307739,overload
513,0.1307,236.128821,1.32777,0.963372,0.270261,0.029347,0.178396,0.319864,0.278682,0.165501,0.585814,-0.487216,0.473203,0.021459,1.10363,99.160898,100368.278445,overload
514,0.138,236.797492,1.40339,0.959735,0.285304,0.048188,0.184583,0.296142,0.25832,0.162179,0.586479,0.057305,0.323838,0.022195,1.061346,99.999333,79626.707133,overload
515,0.1549,236.33936,1.407962,0.950951,0.314444,0.036907,0.176201,0.306416,0.248791,0.175951,0.568417,0.501284,0.503203,0.022203,0.852129,102.591219,79460.66803,overload
516,0.1591,237.1804,1.364881,0.954292,0.306279,0.02857,0.17462,0.274713,0.234199,0.172061,0.566618,0.404526,0.493086,0.021914,0.797862,98.24246,96875.812919,overload
517,0.1618,235.354446,1.437419,0.954353,0.304494,0.057584,0.150876,0.251045,0.237066,0.14463,0.503641,0.221557,0.437375,0.019709,0.84547,99.808746,59610.867406,overload
518,0.1725,235.285999,1.451507,0.95126,0.312605,0.038418,0.178886,0.273428,0.261879,0.170546,0.567048,0.634967,0.257732,0.016694,1.100235,98.415496,82034.07132,overload
519,0.1744,236.761812,1.41531,0.960508,0.283067,0.059798,0.166827,0.315281,0.255387,0.172245,0.593597,0.160928,0.521421,0.015075,0.970809,100.414295,80712.837493,overload
520,0.1787,236.819484,1.306305,0.961345,0.279412,0.046342,0.2074,0.34273,0.322642,0.204276,0.659175,0.327701,0.405554,0.027791,1.158195,101.667526,101532.518427,overload
521,0.1898,236.18405,1.389555,0.965836,0.26411,0.049537,0.187852,0.308799,0.274116,0.175104,0.622265,0.036092,0.300152,0.023207,0.976698,100.437517,89173.638945,overload
522,0.2015,236.540237,1.389936,0.951139,0.313105,0.043462,0.143911,0.2663,0.218113,0.152902,0.52225,0.616029,0.667147,0.01913,0.817492,100.036598,85206.52848,overload
523,0.2109,236.747124,1.284749,0.95338,0.306834,0.014138,0.155506,0.25776,0.229609,0.142483,0.493718,0.321289,0.796212,0.019713,0.879088,102.059763,77377.724451,overload
524,0.2184,235.811682,1.224445,0.970437,0.243615,0.032359,0.1564,0.275042,0.259369,0.162675,0.552037,-0.000617,0.811162,0.025385,0.919771,100.662703,75737.401057,overload
525,0.2288,235.875891,1.188178,0.956684,0.295494,0.044491,0.184071,0.290704,0.300314,0.201733,0.776466,-0.457721,0.610383,0.026239,1.06747,101.347392,90438.230547,overload
526,0.2403,236.413836,1.355588,0.958241,0.288682,0.050377,0.171616,0.300247,0.270895,0.180381,0.578968,0.729119,0.417512,0.022942,0.979792,101.20136,86057.639844,overload
527,0.2542,236.842453,1.373843,0.956599,0.296561,0.024524,0.175716,0.284556,0.271907,0.173296,0.590829,-0.0899,0.469566,0.019921,1.03624,96.173263,98684.507812,overload
528,0.268,235.600426,1.255457,0.967064,0.257991,0.045357,0.172821,0.307378,0.245849,0.157498,0.578161,0.276807,0.538068,0.018728,0.988579,100.092664,105869.746324,overload
529,0.2798,236.181231,1.433683,0.967374,0.25807,0.032533,0.188346,0.344888,0.278677,0.18566,0.665369,1.412247,0.408248,0.01654,0.932814,98.690696,99931.970137,overload
530,0.2952,236.153458,1.362177,0.966906,0.257971,0.048815,0.137206,0.249619,0.225737,0.172911,0.505022,0.504285,0.648436,0.01923,0.706858,99.038956,65844.130036,overload
531,0.3097,236.550775,1.457956,0.958213,0.289492,0.045767,0.209889,0.367618,0.311384,0.190741,0.672087,1.148387,0.111567,0.02714,1.098135,102.264421,101366.040614,overload
532,0.3132,236.294781,1.379643,0.951021,0.31546,0.054922,0.146362,0.266262,0.237104,0.153597,0.507323,0.006889,0.392904,0.021639,0.842458,99.675272,79657.955216,overload
533,0.0163,235.97247,1.264693,0.973402,0.229967,0.058802,0.216346,0.347801,0.278822,0.189955,0.636576,0.796093,0.638103,0.024355,0.973172,102.849595,90829.717539,overload
534,0.0317,237.049139,1.386662,0.96485,0.26755,0.051508,0.168923,0.284991,0.27286,0.168933,0.593671,0.254167,0.313515,0.020043,0.948243,98.229236,89366.843294,overload
535,0.0381,235.976446,1.403609,0.954347,0.304956,0.056325,0.158917,0.261052,0.243502,0.167474,0.6027,0.409427,0.424294,0.019346,1.029818,98.682861,68809.69777,overload
536,0.0399,236.124742,1.30619,0.969391,0.249946,0.041796,0.158969,0.291568,0.303319,0.184642,0.576862,1.128668,0.569859,0.01843,1.045847,101.267291,90303.500198,overload
537,0.0508,235.345101,1.234633,0.953715,0.306004,0.079877,0.193244,0.333288,0.281907,0.184927,0.604093,0.128117,0.752728,0.021128,1.115509,99.72208,86438.220969,overload
538,0.0591,235.871824,1.358024,0.969286,0.247757,0.031374,0.178097,0.32175,0.249346,0.193156,0.6594,0.271712,0.242454,0.019516,0.861985,100.630258,91148.574127,overload
539,0.0722,236.609646,1.269932,0.969826,0.246443,0.039667,0.177156,0.324021,0.291222,0.200594,0.686742,-0.174754,0.235289,0.027612,0.934244,100.04277,109039.364816,overload
540,0.0818,236.492361,1.439671,0.950628,0.316113,0.056816,0.209884,0.347172,0.31206,0.210366,0.657854,0.75113,0.320119,0.020701,1.054791,100.000393,90297.812762,overload
541,0.0845,236.65971,1.317426,0.962654,0.273316,0.055033,0.17582,0.324522,0.26164,0.19982,0.676265,-0.002366,0.196424,0.021204,0.989552,99.77407,93101.78384,overload
542,0.0898,236.630589,1.487968,0.964258,0.270169,0.051849,0.21283,0.350126,0.274653,0.220962,0.655456,0.845192,0.223009,0.019758,1.088957,100.451291,109431.705937,overload
543,0.105,237.552628,1.180067,0.978919,0.206565,0.054104,0.187854,0.342185,0.241636,0.204525,0.596515,-0.4975,0.296289,0.021937,0.903568,101.098294,90180.850043,overload
544,0.1071,235.851285,1.360784,0.952062,0.309552,0.020997,0.197149,0.324562,0.298855,0.208463,0.653633,0.556085,0.728356,0.023257,1.021915,102.460191,84567.936744,overload
545,0.12,235.328346,1.464351,0.96946,0.2506,0.065072,0.211253,0.327899,0.236054,0.174469,0.591207,-0.041536,0.422604,0.021008,1.03906,99.916482,102575.90614,overload
546,0.126,235.669668,1.278776,0.958139,0.290513,0.043553,0.144692,0.294953,0.216734,0.175557,0.528893,0.543868,0.462402,0.017515,0.764863,99.648906,81476.16684,overload
547,0.1345,235.877809,1.337264,0.948069,0.322046,0.060951,0.168356,0.29494,0.275449,0.186697,0.577924,0.248765,0.300705,0.021387,1.201553,99.468554,85374.533758,overload
548,0.1443,235.715404,1.317757,0.95704,0.292935,0.021598,0.180734,0.308729,0.268631,0.206849,0.644311,0.009602,0.59855,0.020696,0.999901,102.257697,89944.049465,overload
549,0.1497,236.356197,1.295299,0.95802,0.293015,0.049079,0.201571,0.314306,0.245247,0.162831,0.616169,0.075779,0.806336,0.02059,1.052026,101.166455,84659.485316,overload
550,0.1613,237.051593,1.36957,0.949529,0.321803,0.039238,0.203801,0.314558,0.26084,0.18892,0.62921,-0.138712,0.316566,0.026761,0.931221,97.541353,82111.699976,overload
551,0.1735,237.223795,1.246366,0.960497,0.283527,0.052865,0.205608,0.331032,0.253083,0.181971,0.617697,0.686941,0.813523,0.023248,1.089644,97.479631,96934.798731,overload
552,0.1763,236.602585,1.341122,0.965662,0.264794,0.049805,0.165061,0.274759,0.269081,0.180742,0.617218,-0.221316,0.53497,0.022283,0.957789,99.037919,83016.452287,overload
553,0.1836,237.584763,1.39128,0.959906,0.285956,0.050393,0.115352,0.221523,0.167328,0.120905,0.409336,0.08846,0.397353,0.013657,0.756012,100.522204,67460.894693,overload
554,0.0127,236.086176,1.332793,0.953665,0.30644,0.033293,0.194427,0.354658,0.29292,0.210123,0.685499,0.480789,0.585742,0.022563,1.089571,100.153142,106909.541282,overload
555,0.0226,235.320489,1.269984,0.956812,0.295459,0.045316,0.160391,0.290114,0.259198,0.152868,0.56904,0.944169,0.532195,0.020318,1.076885,100.92069,98386.550708,overload
556,0.0362,236.931907,1.432415,0.957964,0.291788,0.043838,0.178505,0.280715,0.233462,0.170111,0.531178,0.223648,0.77046,0.025531,0.722583,99.954379,79062.06891,overload
557,0.0393,235.196843,1.408421,0.959739,0.28583,0.051944,0.152403,0.260138,0.21668,0.157801,0.542801,0.123553,0.531016,0.017921,0.938147,102.156386,71681.83139,overload
558,0.0427,235.846998,1.266705,0.966879,0.25698,0.057872,0.167774,0.281028,0.211464,0.170939,0.593607,0.35935,0.557773,0.021197,0.92991,101.280956,73281.337378,overload
559,0.0544,236.612067,1.246471,0.960176,0.284265,0.047806,0.174445,0.279489,0.252717,0.188555,0.538184,-0.6,0.38288,0.017747,0.794706,100.308607,100594.566173,overload
560,0.0666,236.238571,1.273846,0.946778,0.329909,0.030686,0.14214,0.270927,0.242418,0.157513,0.546405,-0.266018,0.597711,0.012564,1.075191,101.803475,86811.18069,overload
561,0.0807,236.185428,1.393622,0.953501,0.305839,0.047291,0.163695,0.312244,0.231917,0.16717,0.57244,0.075022,0.287432,0.017593,1.070068,97.891531,76457.929456,overload
562,0.0851,235.591526,1.372046,0.959328,0.285714,0.077333,0.171108,0.32957,0.253025,0.185474,0.581203,-0.074975,0.502422,0.028064,0.792938,100.080895,106206.977566,overload
563,0.0946,236.293519,1.413207,0.966993,0.258359,0.065752,0.206998,0.346384,0.313045,0.212908,0.708941,-0.576436,1.084755,0.026752,1.160563,100.392517,116716.497352,overload
564,0.1063,236.902197,1.323908,0.968383,0.251157,0.010307,0.182323,0.355162,0.290944,0.216022,0.655931,0.693638,0.02002,0.026826,1.098521,101.042851,84410.810043,overload
565,0.1113,236.311981,1.276021,0.972197,0.234382,0.04676,0.18699,0.327185,0.291143,0.195411,0.660492,0.412442,0.539939,0.022488,1.100817,97.798768,91851.065025,overload
566,0.1208,235.801864,1.423508,0.959045,0.288907,0.057185,0.171102,0.28912,0.282949,0.161588,0.579611,0.300145,0.509006,0.014315,1.065699,99.83543,83620.192962,overload
567,0.1322,235.551477,1.305724,0.964106,0.268063,0.043812,0.179486,0.316601,0.276817,0.199282,0.589316,-0.063014,0.431183,0.018448,1.090706,100.760645,80360.374449,overload
568,0.137,235.814243,1.364924,0.946364,0.329033,0.040479,0.179826,0.283245,0.268943,0.178771,0.631482,0.299159,0.442327,0.022888,1.017035,100.868027,90980.409454,overload
569,0.1443,236.5354,1.226006,0.961439,0.277693,0.042796,0.167906,0.276658,0.257617,0.144196,0.526372,0.446686,0.470138,0.020209,1.115052,101.860582,87891.586107,overload
570,0.1492,236.506161,1.304415,0.949398,0.321398,0.052626,0.157126,0.278628,0.249904,0.15866,0.544625,0.124685,0.415502,0.02008,1.00324,101.266107,73267.488513,overload
571,0.1647,235.819696,1.430752,0.9575,0.293871,0.032218,0.198134,0.328713,0.283122,0.174996,0.646775,0.49254,0.531299,0.021469,0.996041,100.114816,97864.061617,overload
572,0.1698,234.973544,1.292698,0.982239,0.188393,0.060264,0.191606,0.33826,0.314275,0.172481,0.668119,-0.121276,0.402528,0.025639,0.998343,101.144963,106942.560048,overload
573,0.1732,236.552008,1.41516,0.960428,0.28049,0.045328,0.170376,0.300863,0.243792,0.171823,0.629964,0.296048,0.836837,0.019888,1.080738,99.918091,91794.972286,overload
574,0.1753,235.761376,1.163518,0.951089,0.313532,0.03478,0.144548,0.262291,0.229392,0.153242,0.582129,0.66429,0.398455,0.01926,0.757165,100.405484,76877.685971,overload
575,0.1775,236.713437,1.305249,0.961262,0.280106,0.059492,0.16693,0.307109,0.276109,0.183993,0.55407,0.778292,0.564005,0.020868,0.880945,101.312723,80053.976471,overload
576,0.1819,235.846334,1.336292,0.953863,0.305228,0.027458,0.172224,0.261282,0.228705,0.15733,0.485321,0.714074,0.323401,0.017052,0.789116,100.136579,81963.020993,overload
577,0.1929,235.70726,1.489403,0.950314,0.316717,0.039337,0.175556,0.302877,0.254574,0.183322,0.61976,0.381638,0.64036,0.018955,0.99271,100.706786,79246.42031,overload
578,0.1946,236.391903,1.256475,0.974825,0.225179,0.03914,0.165737,0.30988,0.232517,0.168751,0.589622,0.271659,0.609664,0.020468,0.954917,101.545832,92189.881868,overload
579,0.2006,237.71462,1.403679,0.966534,0.260575,0.071727,0.181288,0.319417,0.207555,0.180882,0.569669,0.046616,0.538033,0.025116,0.792585,101.197031,85821.874159,overload
580,0.203,236.749418,1.434555,0.960764,0.280989,0.03778,0.173567,0.309841,0.307808,0.195925,0.624557,-0.578365,0.288504,0.024289,1.089171,101.926861,99131.946967,overload
581,0.2107,236.381732,1.292281,0.954865,0.302265,0.02014,0.185701,0.30479,0.27701,0.187031,0.614274,-0.371528,0.34147,0.024426,0.949166,103.459828,87006.740815,overload
582,0.213,236.515311,1.320118,0.955514,0.297919,0.039018,0.172227,0.279071,0.254997,0.184565,0.62093,0.179308,0.783382,0.019573,1.176395,101.184099,86278.499482,overload
583,0.2239,235.24933,1.36133,0.97034,0.247994,0.051467,0.169342,0.242445,0.235749,0.138797,0.502705,0.174835,0.311956,0.014883,0.866254,99.55419,67491.614463,overload
584,0.2361,235.626596,1.231481,0.960453,0.281747,0.055409,0.163479,0.285397,0.234462,0.183221,0.580826,0.860863,0.577902,0.023209,1.052661,100.916552,89269.548132,overload
585,0.0128,234.793443,1.313592,0.933338,0.367502,0.073318,0.198947,0.31067,0.264032,0.203542,0.616648,0.879681,0.306044,0.024123,1.052021,100.856346,88216.091464,overload
586,0.0178,237.337924,1.452089,0.977368,0.214009,0.062883,0.190036,0.339027,0.282228,0.206503,0.712211,-0.069228,0.701052,0.024658,1.231483,101.058915,94996.071769,overload
587,0.0328,237.216432,1.391812,0.959464,0.285084,0.048255,0.166726,0.297109,0.224664,0.163109,0.621548,0.599779,0.341706,0.019503,0.981201,102.293023,79472.523264,overload
588,0.045,236.535691,1.33746,0.960747,0.281126,0.035303,0.20144,0.307998,0.232222,0.182696,0.605436,0.037465,0.304686,0.018497,1.025847,97.842244,97144.237736,overload
589,0.0474,236.381069,1.359046,0.966694,0.25881,0.065488,0.192386,0.312627,0.250879,0.185323,0.61441,0.611229,0.356469,0.025013,1.142748,102.319373,86904.052827,overload
590,0.0557,235.369046,1.396472,0.961723,0.276202,0.041577,0.198817,0.303291,0.275313,0.167234,0.598257,0.599469,0.366657,0.023552,1.179918,102.790584,78156.348534,overload
591,0.0691,236.16842,1.411793,0.963975,0.269891,0.038102,0.191867,0.354993,0.270121,0.202873,0.621444,0.911699,0.573164,0.021714,1.032119,100.995299,105276.879582,overload
592,0.0754,237.375435,1.305487,0.95461,0.299974,0.040995,0.199123,0.319458,0.301954,0.199392,0.677986,0.032076,0.510668,0.021618,1.143699,101.028989,97250.16511,overload
593,0.0828,236.37885,1.472778,0.948162,0.326025,0.030973,0.222019,0.345067,0.315023,0.211204,0.691012,0.814415,0.291097,0.027001,1.080612,99.861697,107790.946348,overload
594,0.0941,235.961212,1.455308,0.960242,0.284118,0.04042,0.164855,0.285178,0.272251,0.187473,0.598823,-0.6,0.475508,0.020358,1.044157,100.208854,89159.356565,overload
595,0.0964,235.245158,1.404181,0.969453,0.248765,0.043203,0.196649,0.348686,0.315392,0.205933,0.68255,1.052024,0.293694,0.030404,1.178429,101.177133,108760.200602,overload
596,0.1129,237.128183,1.282563,0.952818,0.305804,0.054768,0.154686,0.27271,0.246663,0.158224,0.585862,0.222635,0.567531,0.019435,0.675774,101.086973,83835.902783,overload
597,0.1171,236.25795,1.268382,0.952176,0.309328,0.041343,0.221932,0.380746,0.306894,0.205417,0.757271,0.306923,0.681404,0.024494,1.131769,101.208994,117790.172896,overload
598,0.119,235.24596,1.323872,0.967768,0.256668,0.03079,0.169127,0.311368,0.304054,0.186208,0.678745,-0.6,0.483248,0.022726,1.122944,101.077336,105208.01811,overload
599,0.1206,235.745441,1.354861,0.954342,0.309574,0.026755,0.205621,0.32797,0.332381,0.219993,0.71204,0.086245,0.552581,0.022848,1.000816,101.457746,109021.304836,overload
600,0.1283,235.533477,1.208521,0.954716,0.303886,0.048515,0.17572,0.29094,0.280675,0.192858,0.5442,0.82974,0.772713,0.023143,1.011691,101.301308,80153.116801,overload
601,0.1435,236.220954,1.389575,0.955015,0.302642,0.046872,0.213951,0.32589,0.238925,0.199818,0.634186,0.063393,0.459901,0.024988,1.048586,98.765912,87536.740831,overload
602,0.1577,236.424403,1.452997,0.95748,0.293446,0.039348,0.212518,0.331032,0.288361,0.201397,0.672394,0.66131,0.320727,0.026717,1.066413,101.365175,106643.704345,overload
603,0.1734,235.99807,1.396118,0.945411,0.330672,0.040391,0.16034,0.297173,0.231812,0.139631,0.529573,0.233966,0.542136,0.019178,0.937282,102.802021,89445.321554,overload
604,0.1831,236.766228,1.295916,0.953685,0.307031,0.050662,0.188451,0.29112,0.265015,0.174782,0.598217,0.715129,0.26394,0.019516,1.002587,100.162723,95865.278577,overload
605,0.1916,236.347281,1.286448,0.959843,0.282703,0.062687,0.143995,0.237466,0.169781,0.128048,0.44748,0.257902,0.383053,0.016481,0.788636,102.299272,69261.370402,overload
606,0.1991,236.937387,1.373988,0.959786,0.282742,0.036638,0.166358,0.288623,0.220494,0.191445,0.548241,-0.165997,0.358938,0.019561,1.034648,98.915787,92253.138163,overload
607,0.2013,236.085684,1.337736,0.967264,0.254668,0.047067,0.146985,0.282119,0.26492,0.141447,0.510799,0.250786,0.329352,0.022953,0.892789,100.158332,86782.229122,overload
608,0.2169,238.127195,1.385443,0.972715,0.2356,0.057499,0.164357,0.311991,0.243156,0.175803,0.608707,0.947324,0.420331,0.023048,0.764845,99.302379,87275.186677,overload
609,0.2261,235.961307,1.398138,0.9701,0.245068,0.036687,0.225683,0.412664,0.306267,0.215673,0.722478,0.628416,0.718449,0.026911,1.189934,102.13091,115267.050545,overload
610,0.2346,235.758002,1.437351,0.965317,0.264292,0.045812,0.207162,0.3401,0.28259,0.204947,0.683674,0.235243,0.724207,0.022291,0.932751,102.496667,103902.233554,overload
611,0.2441,235.68422,1.25943,0.95681,0.294949,0.045544,0.124187,0.273329,0.230384,0.157802,0.493578,1.066281,0.589111,0.021829,0.878989,100.061125,69028.089411,overload
612,0.2579,236.173436,1.36773,0.953015,0.306068,0.030264,0.182091,0.324917,0.257998,0.196989,0.604149,0.818948,0.545087,0.022509,1.092415,101.839486,87402.077554,overload
613,0.2629,235.268278,1.320922,0.958143,0.289346,0.048022,0.189324,0.338586,0.285605,0.188253,0.625093,0.672012,0.440208,0.022352,1.120069,102.510877,89418.670674,overload
614,0.2754,236.476738,1.342109,0.962685,0.273112,0.046379,0.175657,0.288485,0.23164,0.178221,0.555818,0.378229,0.044815,0.024165,0.966809,100.153914,72232.611423,overload
615,0.2879,235.156818,1.419153,0.964576,0.264859,0.052661,0.197642,0.302544,0.229752,0.170171,0.567875,0.589982,0.540938,0.0201,1.063732,100.381652,90711.986327,overload
616,0.3026,236.397003,1.42785,0.962985,0.272176,0.031757,0.182058,0.322315,0.295663,0.182776,0.596348,0.611263,0.060539,0.020782,0.818558,101.227062,90104.056443,overload
617,0.3042,235.489249,1.461875,0.957031,0.292591,0.04612,0.14052,0.273922,0.232952,0.163461,0.495063,-0.6,0.115158,0.017595,0.811315,99.020447,82245.533004,overload
618,0.3084,236.071224,1.384047,0.964295,0.268895,0.062581,0.135135,0.292546,0.22651,0.160937,0.511622,0.379456,0.417546,0.015543,0.710532,100.354137,89010.039948,overload
619,0.0147,236.662724,1.341199,0.968087,0.254306,0.07093,0.186259,0.308147,0.254052,0.171663,0.666795,0.181007,0.522064,0.022151,0.930535,103.199902,100110.566041,overload
620,0.0311,237.682423,1.32977,0.965041,0.263255,0.061362,0.16631,0.301378,0.291882,0.173391,0.565503,0.025375,0.390732,0.019303,1.121068,99.499981,100222.465913,overload
621,0.0419,235.6532,1.21122,0.957744,0.291298,0.031875,0.173002,0.241845,0.253408,0.174788,0.541094,0.149468,0.719466,0.018085,0.99201,101.395357,75707.999886,overload
622,0.0467,236.20981,1.457179,0.951329,0.31606,0.051413,0.177867,0.252,0.262282,0.147996,0.547952,-0.410959,0.530752,0.017571,0.940763,100.933326,69553.815745,overload
623,0.051,235.865745,1.324248,0.951139,0.31242,0.040202,0.1549,0.291393,0.245992,0.162097,0.652457,-0.556526,0.423194,0.019344,0.923309,99.970728,94655.891227,overload
624,0.0624,235.778078,1.390472,0.95255,0.309929,0.049407,0.197154,0.310069,0.284053,0.197727,0.612609,0.890314,0.75074,0.020764,0.934825,100.510317,106855.195892,overload
625,0.0672,235.871016,1.40432,0.960057,0.28375,0.036733,0.189173,0.309917,0.266055,0.168392,0.629366,0.454119,0.74884,0.021457,0.961437,102.653668,99774.864793,overload
626,0.0773,236.79444,1.250375,0.962158,0.27762,0.025438,0.215626,0.329032,0.29119,0.185961,0.670247,-0.6,0.606166,0.024019,1.215227,100.975036,106160.000987,overload
627,0.0917,236.007166,1.276132,0.946684,0.328458,0.041866,0.137667,0.271606,0.239998,0.179033,0.543587,-0.008658,0.31875,0.019659,0.924884,101.193746,65903.1476,overload
628,0.0992,237.649588,1.473762,0.953968,0.30395,0.054671,0.168136,0.298863,0.253349,0.165184,0.615565,0.659989,0.374516,0.02729,0.809776,102.441207,92624.24196,overload
629,0.1066,236.549588,1.373235,0.959946,0.284086,0.049456,0.153438,0.307442,0.25877,0.166407,0.622693,0.11917,0.205841,0.019867,0.926803,99.794825,89325.727167,overload
630,0.1087,235.693994,1.303553,0.950803,0.315102,0.050835,0.191571,0.308515,0.248859,0.177855,0.606591,0.862807,0.475763,0.023747,0.814523,98.734319,103190.656499,overload
631,0.1141,236.079977,1.339892,0.961471,0.278354,0.048596,0.166282,0.283339,0.251118,0.15775,0.550873,0.66053,0.269788,0.021156,0.956168,102.675686,92559.056188,overload
632,0.1264,235.818892,1.436899,0.955541,0.29733,0.050854,0.176355,0.360758,0.316327,0.198114,0.695722,-0.437653,0.448609,0.02489,1.063802,100.39113,112238.167462,overload
633,0.1335,236.780041,1.424745,0.952213,0.312261,0.052354,0.141804,0.262831,0.211978,0.153986,0.495374,0.151314,0.471192,0.018134,0.66708,101.451041,68424.379667,overload
634,0.1375,235.316732,1.232713,0.958426,0.290963,0.042704,0.21463,0.364218,0.313593,0.206351,0.705802,0.05756,0.122236,0.024654,1.194764,99.132739,94863.287593,overload
635,0.1406,235.495429,1.480743,0.961138,0.278134,0.046995,0.178351,0.302198,0.255041,0.188379,0.575195,-0.378872,0.243615,0.021695,1.014487,100.743937,93063.587743,overload
636,0.1436,235.945072,1.427292,0.951212,0.313205,0.066919,0.186423,0.291128,0.26096,0.177357,0.607319,-0.429066,0.389089,0.020694,1.02572,98.664294,86522.015436,overload
637,0.1553,236.709768,1.337802,0.956059,0.297207,0.047704,0.193974,0.33656,0.305572,0.22395,0.631696,-0.129361,0.490313,0.022567,1.295951,100.289236,111544.916002,overload
638,0.1663,237.039836,1.254662,0.961741,0.275772,0.046511,0.177302,0.325431,0.294039,0.167153,0.649194,-0.042056,0.397106,0.022843,1.094978,99.292908,81910.949659,overload
639,0.1758,237.128325,1.434321,0.951903,0.308607,0.047235,0.16202,0.282389,0.230874,0.143203,0.546938,0.347256,0.405637,0.014537,0.816152,98.971284,86110.856287,overload
640,0.1851,236.617881,1.388114,0.944738,0.332996,0.043385,0.186127,0.306939,0.263741,0.206539,0.673696,0.767556,0.353025,0.026,1.058929,99.775628,95837.067884,overload
641,0.189,236.250266,1.233376,0.945707,0.330497,0.040776,0.215064,0.373138,0.304895,0.213369,0.666309,0.580852,0.227798,0.030324,1.098802,96.989253,102779.637619,overload
642,0.1982,236.776775,1.331434,0.954656,0.300134,0.048504,0.16783,0.273586,0.22589,0.163569,0.617276,0.530571,0.356779,0.019563,0.992383,98.576137,72790.902739,overload
643,0.2006,235.6133,1.600094,0.947453,0.325885,0.039931,0.213103,0.349745,0.345582,0.217248,0.724579,0.160623,0.475154,0.027112,1.179348,101.29538,90147.960479,overload
644,0.2165,235.193206,1.35132,0.955218,0.302144,0.044254,0.194889,0.304698,0.276358,0.188604,0.627582,0.543512,0.422041,0.024513,1.024634,100.686733,87142.752388,overload
645,0.2189,236.561983,1.290642,0.97132,0.241341,0.036514,0.162919,0.315931,0.249028,0.171016,0.548481,0.174519,0.479389,0.016779,0.764607,98.696138,80076.530157,overload
646,0.227,235.696593,1.26932,0.946971,0.326931,0.047296,0.142039,0.283167,0.21812,0.147777,0.529925,0.046316,0.520471,0.021445,0.871273,100.967023,89032.946686,overload
647,0.0015,236.260816,1.491768,0.955739,0.295874,0.05301,0.176817,0.309028,0.268974,0.180911,0.563184,1.076617,0.586056,0.019465,0.923161,98.970502,79772.228639,overload
648,0.0152,236.371776,1.417821,0.975058,0.224886,0.043457,0.142299,0.225718,0.196931,0.148711,0.5227,-0.6,0.31927,0.022621,0.661827,101.210749,74415.715595,overload
649,0.0193,236.448872,1.462595,0.961265,0.27946,0.021899,0.173696,0.27721,0.236149,0.184874,0.534195,-0.565958,0.182446,0.019657,0.888402,100.038105,74007.930245,overload
650,0.0351,236.862675,1.369855,0.955058,0.301577,0.053084,0.155225,0.281891,0.268616,0.19157,0.567867,0.41002,0.689638,0.022718,0.968597,99.744828,89528.225807,overload
651,0.0373,236.799245,1.450322,0.956745,0.298101,0.047442,0.177687,0.270533,0.239812,0.160163,0.525283,0.11539,0.509581,0.018298,0.847496,100.072511,60643.55707,overload
652,0.0515,236.417,1.282134,0.961435,0.277386,0.034081,0.196613,0.319825,0.229375,0.173357,0.615898,-0.429391,0.309109,0.028062,0.879835,103.78334,111343.407139,overload
653,0.0632,236.034791,1.363007,0.971566,0.234726,0.055279,0.167716,0.286095,0.251157,0.192442,0.554697,-0.219177,0.514268,0.01926,0.901896,99.137678,84946.316453,overload
654,0.0686,236.364657,1.372964,0.953753,0.303732,0.029219,0.152648,0.275465,0.24598,0.151656,0.518657,-0.154412,0.640841,0.022578,0.842797,100.517182,60049.002212,overload
655,0.0732,235.942274,1.460596,0.951939,0.31202,0.058545,0.182232,0.278329,0.244749,0.173362,0.564832,0.628273,0.768438,0.021883,0.938445,101.293916,79395.065567,overload
656,0.0802,236.182143,1.375507,0.94697,0.327167,0.045312,0.167993,0.307956,0.27244,0.178134,0.62146,0.826716,0.524176,0.022757,0.992288,98.852622,84119.6479,overload
657,0.0946,237.870904,1.299959,0.958825,0.286138,0.018774,0.203418,0.318895,0.22571,0.171114,0.591148,0.995762,0.663155,0.021726,0.915795,97.968039,83397.801597,overload
658,0.1094,236.409314,1.355126,0.946755,0.325666,0.04814,0.155374,0.256274,0.185154,0.171905,0.528191,-0.429324,0.243269,0.01786,0.838341,99.358463,78914.288058,overload
659,0.1137,236.570147,1.215887,0.95429,0.30299,0.041126,0.197845,0.308967,0.243758,0.180132,0.591549,-0.370257,0.466441,0.014799,0.968659,101.263248,83804.813345,overload
660,0.1206,235.876712,1.164323,0.950731,0.313343,0.039318,0.171899,0.319181,0.264327,0.180272,0.638614,-0.393825,0.408658,0.02358,1.041483,99.721195,81022.754957,overload
661,0.1258,236.912044,1.416507,0.966593,0.25999,0.037147,0.174028,0.263068,0.165875,0.145271,0.508308,0.726569,0.500456,0.017385,0.869615,99.876452,68703.25122,overload
662,0.1292,236.756163,1.32002,0.953933,0.304097,0.044473,0.161133,0.283412,0.235628,0.167862,0.575219,0.423879,0.748971,0.023318,1.064899,101.475078,92035.474089,overload
663,0.1407,236.760412,1.329087,0.961175,0.278625,0.040178,0.185364,0.331244,0.236608,0.175904,0.627126,0.304373,0.529687,0.023096,1.118356,99.07112,102707.261702,overload
664,0.1476,236.428935,1.416476,0.945167,0.331553,0.02372,0.194669,0.302401,0.270023,0.182624,0.592236,0.375633,0.309713,0.025202,1.154021,100.075743,90998.226101,overload
665,0.1526,236.920514,1.461761,0.959052,0.287555,0.061265,0.178921,0.292761,0.293179,0.16955,0.565379,0.218779,0.239776,0.022522,1.065016,98.080623,85835.220675,overload
666,0.1675,237.063011,1.392759,0.948375,0.322789,0.043068,0.200053,0.304706,0.273253,0.208975,0.615504,-0.273524,0.791744,0.016259,1.170588,100.649007,84944.953713,overload
667,0.1806,236.469859,1.504246,0.954595,0.302803,0.037217,0.152001,0.24255,0.232371,0.154738,0.532169,0.429348,0.534212,0.020479,0.74159,100.52131,79944.557213,overload
668,0.1941,236.231233,1.390215,0.97569,0.221221,0.032459,0.15941,0.269251,0.252111,0.132886,0.57629,0.148969,0.523875,0.018148,0.924589,101.313751,81488.617121,overload
669,0.1962,236.836743,1.374177,0.965457,0.263495,0.055249,0.185584,0.273511,0.253894,0.187344,0.549339,-0.282136,0.402969,0.023385,1.047963,98.596641,84033.767445,overload
670,0.2119,235.757525,1.369231,0.956973,0.292863,0.030419,0.192744,0.344752,0.294637,0.206599,0.714071,0.592784,0.555665,0.025623,1.232172,99.931357,104347.18182,overload
671,0.2223,235.869224,1.24716,0.983592,0.180307,0.047608,0.184727,0.321623,0.282777,0.176285,0.613601,0.059445,0.294724,0.02285,0.888437,98.410141,91906.28457,overload
672,0.2316,236.26802,1.42648,0.950679,0.314788,0.038996,0.167551,0.319553,0.262278,0.164935,0.652995,0.341709,0.532213,0.019741,0.989578,99.855451,77143.665762,overload
673,0.2333,235.255186,1.154363,0.967322,0.259448,0.039695,0.204493,0.347727,0.30592,0.190659,0.63998,0.226914,0.277767,0.021961,1.104213,102.274503,111132.79452,overload
674,0.2487,236.796557,1.3031,0.945739,0.328913,0.032757,0.170993,0.30668,0.249764,0.193235,0.53666,0.630599,0.399471,0.019315,1.107447,99.750946,83813.771692,overload
675,0.2586,235.722252,1.351834,0.956049,0.296952,0.038556,0.204648,0.373026,0.311182,0.21473,0.832876,0.435783,0.391871,0.021193,1.02357,98.287712,121070.225303,overload
676,0.0117,236.017105,1.286819,0.947218,0.326501,0.046106,0.162924,0.278915,0.26505,0.1452,0.532211,-0.139382,-0.113313,0.01845,0.824499,99.248169,86864.073227,overload
677,0.0255,236.172032,1.31386,0.960058,0.283131,0.048824,0.159034,0.240776,0.226966,0.161228,0.512137,0.351182,0.386414,0.015215,0.672822,97.944667,94864.252226,overload
678,0.0377,236.323572,1.49715,0.958448,0.290897,0.036573,0.170856,0.319407,0.2803,0.186563,0.55877,0.40212,0.30563,0.017056,0.948657,98.385918,95938.167976,overload
679,0.0535,236.093808,1.438322,0.955539,0.298852,0.044909,0.189514,0.276791,0.232581,0.172518,0.589155,0.466962,0.426714,0.020768,1.152721,101.139382,87625.57553,overload
680,0.0585,236.259577,1.295134,0.966736,0.258297,0.056661,0.172984,0.29651,0.267675,0.150046,0.535462,0.652778,0.450916,0.020639,0.868832,98.175203,75107.209275,overload
681,0.0632,236.264223,1.312435,0.953463,0.307497,0.026048,0.224014,0.386111,0.337092,0.208642,0.713271,-0.035069,0.884853,0.026385,1.207291,100.63726,105284.83209,overload
682,0.0757,236.031781,1.24784,0.960615,0.284306,0.045925,0.171418,0.294919,0.248914,0.169568,0.67206,0.569898,0.533144,0.020422,1.035293,100.23604,95068.188077,overload
683,0.085,235.836083,1.4064,0.964564,0.26912,0.034591,0.173236,0.318607,0.28225,0.201384,0.579675,-0.553099,0.542307,0.019606,0.982475,99.45586,93230.404919,overload
684,0.0958,236.948884,1.330021,0.946134,0.329511,0.033368,0.190603,0.318137,0.234985,0.166057,0.593451,0.186072,0.546143,0.019237,0.942724,100.51829,79223.252561,overload
685,0.1082,235.037357,1.192683,0.952013,0.310976,0.049132,0.152772,0.305705,0.245649,0.144746,0.552016,0.118395,0.608548,0.017731,0.934343,98.887274,89580.988995,overload
686,0.1182,236.176571,1.358063,0.958431,0.289415,0.039457,0.194314,0.323076,0.276932,0.197557,0.626275,1.003739,0.579373,0.022997,0.962872,101.377182,97335.084173,overload
687,0.1319,236.01866,1.385118,0.963041,0.272943,0.031398,0.150004,0.239045,0.21377,0.147365,0.479724,0.146825,0.475078,0.013677,0.78139,99.222324,79964.670924,overload
688,0.1384,236.551275,1.427051,0.96937,0.246873,0.061891,0.151264,0.267217,0.249114,0.149613,0.514775,0.458161,0.562815,0.020353,0.915621,99.659086,70139.032106,overload
689,0.1532,235.427424,1.344132,0.956273,0.29822,0.057041,0.158646,0.290098,0.26394,0.158427,0.55452,-0.528052,0.032793,0.019063,1.019363,99.492509,93819.458495,overload
690,0.1564,236.000129,1.320186,0.955468,0.299864,0.022812,0.189225,0.358527,0.27262,0.185877,0.686038,0.105427,0.901371,0.024778,1.2082,101.165263,103897.180844,overload
691,0.1677,236.238584,1.508901,0.951019,0.314213,0.028307,0.161888,0.299858,0.228901,0.181486,0.555274,-0.125481,0.741857,0.022432,0.947964,100.962221,94284.807954,overload
692,0.183,236.942044,1.350527,0.96064,0.279593,0.053121,0.173769,0.287101,0.276235,0.185253,0.628752,1.426547,0.519569,0.022694,1.025113,96.529618,99481.57771,overload
693,0.1884,236.499311,1.407565,0.955623,0.299122,0.042582,0.191418,0.307712,0.267585,0.181229,0.573705,-0.050211,0.215958,0.023056,1.027653,100.55594,87564.385173,overload
694,0.195,235.589907,1.306837,0.955808,0.295561,0.064007,0.197575,0.336201,0.280214,0.200622,0.66187,0.323577,0.731087,0.018556,1.013668,97.75757,98084.077709,overload
695,0.2012,236.007514,1.405193,0.957249,0.292587,0.053396,0.140982,0.253015,0.250624,0.1512,0.503404,0.253896,0.316579,0.01644,0.735873,99.72215,88318.68538,overload
696,0.2114,236.831631,1.23355,0.962413,0.2742,0.049594,0.189163,0.325813,0.295405,0.182259,0.626284,-0.503067,0.586553,0.025303,1.007437,100.048556,92151.928438,overload
697,0.2193,235.579535,1.313035,0.95349,0.306616,0.033738,0.179535,0.312014,0.242317,0.169049,0.622461,0.012994,0.236687,0.021855,0.803603,99.707118,92237.159009,overload
698,0.2225,236.252813,1.253338,0.951823,0.31449,0.051897,0.18705,0.342413,0.269602,0.205164,0.689774,0.476308,0.91013,0.027563,1.078554,100.901147,93087.884969,overload
699,0.2378,236.294528,1.301602,0.961454,0.279413,0.030691,0.171486,0.264175,0.234142,0.177638,0.564492,0.262678,0.201598,0.02354,0.977076,101.208107,65895.252825,overload
700,0.2425,236.06853,1.450038,0.933794,0.368095,0.061663,0.160173,0.299853,0.253997,0.160762,0.624017,-0.6,0.483006,0.0218,0.881313,99.117148,78395.946232,overload
701,0.2523,237.917451,1.301014,0.953171,0.308212,0.051066,0.187262,0.290197,0.282458,0.170707,0.601735,-0.005088,0.087554,0.020155,0.983777,99.066284,90345.308023,overload
702,0.263,236.052361,1.40746,0.94879,0.323102,0.036102,0.15735,0.244699,0.253627,0.167529,0.519309,0.631553,0.438782,0.016499,0.791856,100.149643,84787.621449,overload
703,0.2651,236.569859,1.471381,0.967626,0.257933,0.055656,0.152017,0.259947,0.227411,0.175178,0.51135,0.44269,0.367397,0.017122,0.726703,98.038775,80006.07276,overload
704,0.2681,235.840219,1.347794,0.954473,0.301812,0.072898,0.156527,0.310259,0.258467,0.186226,0.523171,0.74731,0.65482,0.018761,1.100417,99.532231,92059.976027,overload
705,0.2847,236.616649,1.429501,0.953514,0.30491,0.043389,0.16254,0.278217,0.279838,0.167725,0.572876,-0.196309,0.395979,0.01979,0.86212,102.087309,92273.475177,overload
706,0.2965,236.822473,1.392487,0.957611,0.293208,0.052605,0.141754,0.276932,0.241485,0.177055,0.51877,0.757877,0.648906,0.017115,0.750161,98.091179,75137.294775,overload
707,0.2985,235.947222,1.359315,0.953237,0.307019,0.040818,0.16007,0.289256,0.25947,0.169927,0.551568,0.22168,0.280904,0.021311,0.940115,99.723836,89849.770097,overload
708,0.3123,236.267179,1.410025,0.954779,0.302212,0.047024,0.149051,0.247742,0.222853,0.154532,0.489181,0.76802,0.377653,0.021281,0.797701,99.370779,72761.846968,overload
709,0.3217,235.762832,1.497195,0.958777,0.287757,0.027913,0.156978,0.27444,0.260115,0.177973,0.553354,0.241253,0.414945,0.022555,0.981511,103.007375,80133.81666,overload
710,0.3244,235.613358,1.299018,0.954624,0.301508,0.045994,0.174331,0.309331,0.271037,0.177745,0.670035,-0.6,0.587129,0.022343,1.247364,99.446994,100787.716902,overload
711,0.3364,236.922077,1.273264,0.954566,0.305027,0.046523,0.176432,0.300476,0.26478,0.19394,0.605055,0.681371,0.554895,0.025016,0.939279,99.528265,94840.548197,overload
712,0.3456,235.967599,1.268567,0.949919,0.316171,0.067588,0.168861,0.317356,0.251968,0.185547,0.599311,0.049937,0.597387,0.021684,0.883899,98.756929,82395.082547,overload
713,0.3503,234.851833,1.429554,0.94877,0.322507,0.02446,0.175118,0.292569,0.252202,0.179022,0.578445,0.082862,0.524302,0.02141,1.134028,100.213051,88721.217792,overload
714,0.0151,237.359214,1.440349,0.958485,0.289942,0.042629,0.158959,0.267659,0.209003,0.15755,0.584005,-0.367252,0.564116,0.019003,0.965228,100.578234,92019.845603,overload
715,0.0211,235.818743,1.307037,0.960453,0.279804,0.061457,0.215819,0.380303,0.315754,0.184568,0.655585,1.15646,0.33249,0.023911,1.18433,98.959852,113342.162942,overload
716,0.027,236.152176,1.179119,0.946575,0.327107,0.043099,0.226177,0.351019,0.32069,0.219389,0.712472,0.019065,0.59319,0.02697,1.087451,101.584212,107701.463171,overload
717,0.0328,237.284544,1.296019,0.96408,0.267846,0.043944,0.20195,0.310081,0.237498,0.180389,0.579258,0.976163,0.76571,0.021695,1.078247,100.579489,89908.585213,overload
718,0.0462,236.214955,1.393828,0.964112,0.269564,0.036001,0.200838,0.393678,0.322539,0.209271,0.790181,0.072074,0.188062,0.024619,1.276433,101.392659,99333.667459,overload
719,0.0586,236.201998,1.344662,0.965798,0.261744,0.034809,0.152826,0.29483,0.23863,0.159187,0.607656,-0.154998,0.538709,0.017629,0.904336,99.74061,95769.316037,overload
720,0.0741,235.563096,1.364428,0.960399,0.282237,0.02409,0.161488,0.242494,0.231111,0.15496,0.528792,0.728422,0.553563,0.019137,0.772655,100.540458,85281.237786,overload
721,0.0792,235.3191,1.308132,0.963097,0.27033,0.038449,0.157133,0.268011,0.219911,0.155878,0.557918,0.200122,0.706527,0.020581,0.893255,99.901665,87770.92353,overload
722,0.0928,236.200168,1.431127,0.97548,0.225393,0.034128,0.181488,0.297951,0.227213,0.171191,0.598525,0.216053,0.59406,0.019756,1.093997,102.240754,67870.639931,overload
723,0.1032,236.517686,1.377455,0.955588,0.299255,0.047416,0.217947,0.398297,0.330508,0.194462,0.730632,-0.410729,0.541547,0.023025,1.06025,100.36277,108673.566856,overload
724,0.1095,236.483315,1.396917,0.949634,0.319477,0.036548,0.18903,0.280143,0.222011,0.186273,0.600691,0.042708,0.539663,0.023537,0.84331,100.212256,84508.770012,overload
725,0.1116,236.011243,1.362725,0.945728,0.330159,0.040245,0.172469,0.266806,0.232996,0.160147,0.518641,0.401215,0.322852,0.021791,0.805552,99.558461,85897.552354,overload
726,0.1258,236.312155,1.391949,0.972045,0.236027,0.040574,0.172009,0.27934,0.230119,0.146085,0.536397,-0.301712,0.381766,0.014145,0.823564,99.477651,76485.315527,overload
727,0.131,235.197674,1.386686,0.97215,0.239427,0.045422,0.190008,0.343496,0.287175,0.165434,0.634141,0.008345,0.242306,0.026743,1.056728,100.532811,96178.512854,overload
728,0.1423,236.5761,1.275754,0.950603,0.312748,0.039658,0.191283,0.340123,0.290984,0.204802,0.69897,0.067501,0.773575,0.022572,1.140601,101.347422,101731.558897,overload
729,0.1523,236.396844,1.379845,0.952181,0.310916,0.033259,0.162841,0.27274,0.279349,0.173201,0.535357,0.264988,0.537486,0.020455,0.950021,99.241619,77539.165023,overload
730,0.1539,237.484197,1.413321,0.955408,0.29794,0.047029,0.124103,0.235746,0.17924,0.144702,0.551829,0.728721,0.275,0.019906,0.777885,100.377211,66900.758311,overload
731,0.1708,236.304488,1.442411,0.967794,0.253874,0.05881,0.172911,0.269375,0.248188,0.165613,0.524213,0.100825,0.48869,0.022761,0.870483,100.457837,79614.989925,overload
732,0.1849,235.734398,1.383289,0.947702,0.323884,0.047542,0.214066,0.370572,0.254509,0.215453,0.711509,-0.072317,0.734774,0.027122,1.175917,100.701709,113854.831397,overload
733,0.1939,236.269566,1.27278,0.942267,0.33998,0.038682,0.182914,0.317087,0.305783,0.189387,0.611459,1.598829,0.670672,0.023049,0.847266,97.809505,100529.267282,overload
734,0.206,236.10332,1.285095,0.97534,0.222593,0.044522,0.191801,0.301629,0.220845,0.173095,0.564729,0.055463,0.304015,0.017698,1.063377,98.905374,97179.292656,overload
735,0.2149,236.560825,1.315188,0.960499,0.278154,0.021392,0.20014,0.340676,0.357318,0.202699,0.744485,0.198259,-0.102507,0.019859,1.044898,98.287818,104952.266373,overload
736,0.2279,236.316135,1.365157,0.961635,0.277421,0.044327,0.187213,0.386698,0.303121,0.214322,0.708317,0.108312,0.591791,0.027308,1.09169,100.246038,117193.895391,overload
737,0.2315,235.544032,1.340221,0.956359,0.296384,0.041196,0.186459,0.301236,0.284873,0.191135,0.561118,0.124958,0.309805,0.02428,0.980629,98.938637,73754.272107,overload
738,0.2399,235.318554,1.260101,0.961726,0.275523,0.034798,0.15935,0.315639,0.281226,0.173458,0.581869,0.284439,0.581507,0.018926,0.94079,99.505262,104023.282255,overload
739,0.2466,236.457745,1.259622,0.945886,0.332751,0.036975,0.162465,0.282987,0.236137,0.182532,0.548987,0.621949,0.622113,0.019103,0.943399,98.528007,100092.060999,overload
740,0.2552,237.129869,1.182118,0.951273,0.312567,0.041077,0.172493,0.292741,0.245405,0.174497,0.583739,0.418296,0.660844,0.019009,0.937145,99.635469,89148.421866,overload
741,0.2637,236.347609,1.100442,0.958841,0.287547,0.057909,0.153615,0.232906,0.204612,0.153558,0.484112,0.615509,0.723443,0.016419,0.779866,98.626255,81578.441312,overload
742,0.2674,236.787978,1.339457,0.939833,0.347767,0.059105,0.159099,0.223027,0.236997,0.17778,0.480853,0.602727,0.638855,0.020558,0.961289,101.261072,74580.600978,overload
743,0.2841,236.907685,1.535618,0.95558,0.299053,0.034862,0.151824,0.267099,0.206742,0.164686,0.494675,0.279285,0.714118,0.017928,0.857154,100.870919,71164.055049,overload
744,0.2858,236.460075,1.493742,0.955087,0.302806,0.039783,0.200575,0.333701,0.271813,0.214119,0.626319,0.469621,0.756169,0.022704,1.083224,100.410321,92655.202658,overload
745,0.2875,235.811305,1.271741,0.955578,0.30289,0.040089,0.138186,0.256254,0.230149,0.138104,0.557702,0.621354,0.674192,0.024365,0.870919,99.777281,73867.564308,overload
746,0.2948,236.417185,1.361992,0.953591,0.306969,0.055715,0.212655,0.339763,0.292755,0.235431,0.719838,-0.304173,0.505743,0.021509,1.064713,97.347239,109607.136033,overload
747,0.3059,237.024244,1.232834,0.950033,0.319087,0.047746,0.144152,0.264543,0.234431,0.161232,0.571181,1.264202,0.229068,0.020836,1.098091,99.558511,84931.745335,overload
748,0.3102,236.617934,1.245031,0.943424,0.340563,0.047113,0.224149,0.368055,0.307313,0.202674,0.650515,0.023063,0.993262,0.022026,1.006285,99.133961,119181.503753,overload
749,0.3199,236.748947,1.254202,0.959158,0.287159,0.052435,0.151781,0.315151,0.23766,0.142701,0.554264,0.088376,0.472464,0.01984,0.926637,100.546184,85589.718149,overload
750,0.003,236.022472,1.33196,0.955599,0.301466,0.038843,0.143434,0.243695,0.209448,0.151507,0.49231,-0.24489,0.634739,0.018083,0.77257,101.06759,62306.927925,overload
751,0.0197,236.178588,1.335403,0.946998,0.328227,0.062367,0.18164,0.348586,0.324078,0.184466,0.635064,-0.322032,0.394043,0.025807,1.039518,100.654486,112451.739273,overload
752,0.0264,236.228764,1.370216,0.9585,0.289318,0.045979,0.190771,0.344906,0.292364,0.204432,0.680707,0.795172,0.687133,0.023291,1.037752,101.968254,90568.783297,overload
753,0.0379,236.269197,1.403057,0.95564,0.299495,0.035729,0.159305,0.271011,0.22925,0.145205,0.548903,1.145444,0.02852,0.01818,0.786754,99.40436,75551.623794,overload
754,0.0411,237.000775,1.32305,0.954312,0.300716,0.043244,0.162851,0.31783,0.247875,0.190768,0.591437,-0.005067,0.389496,0.019606,1.037327,99.346314,87255.405185,overload
755,0.0536,234.891696,1.352896,0.940745,0.346414,0.060783,0.17288,0.266028,0.245538,0.165767,0.571898,0.365999,0.431316,0.016398,0.743479,101.65303,83366.396416,overload
756,0.0681,236.318323,1.262495,0.963462,0.26884,0.040898,0.175614,0.314995,0.236189,0.200249,0.612685,0.34445,0.549925,0.022328,1.036906,100.432703,75375.858537,overload
757,0.0713,236.252302,1.24244,0.948136,0.32104,0.057395,0.171332,0.308956,0.271348,0.164611,0.724553,0.708419,0.666529,0.02193,1.025098,99.854202,82977.118606,overload
758,0.0747,235.477099,1.230082,0.958506,0.289371,0.038496,0.167248,0.289205,0.25598,0.187441,0.565634,1.200253,0.268214,0.02135,0.878529,102.78513,73061.56939,overload
759,0.0806,236.70306,1.40194,0.951534,0.31094,0.036812,0.157806,0.266014,0.176936,0.121537,0.480604,0.74928,0.532561,0.017006,0.830466,101.008823,76967.460227,overload
760,0.0823,235.8653,1.322967,0.95489,0.301496,0.053915,0.175741,0.286926,0.280782,0.167332,0.571176,0.133518,0.670436,0.019298,0.879027,99.933238,92355.301105,overload
761,0.099,236.08578,1.20031,0.967218,0.256966,0.035512,0.173646,0.319659,0.307508,0.179732,0.668997,0.525836,0.923117,0.025416,0.906734,99.239677,84416.260765,overload
762,0.1098,237.409269,1.344953,0.962253,0.275908,0.05587,0.163176,0.314425,0.238557,0.165969,0.546643,0.5204,0.590922,0.023116,0.821111,102.057118,94126.96365,overload
763,0.1207,236.905984,1.250094,0.96704,0.256102,0.05022,0.174967,0.308916,0.229038,0.163072,0.550709,0.232295,0.380895,0.023849,0.984437,100.489796,92564.752432,overload
764,0.1371,236.644692,1.48283,0.960643,0.282836,0.035517,0.162952,0.290106,0.240361,0.147735,0.521298,-0.218393,0.229589,0.019977,0.921933,100.234324,74536.600084,overload
765,0.1515,236.528466,1.303694,0.961169,0.279454,0.045143,0.15172,0.223381,0.215621,0.149208,0.554058,-0.102127,0.774493,0.023101,0.916246,101.146787,66770.915664,overload
766,0.1656,236.201192,1.40452,0.943751,0.337662,0.039415,0.208646,0.348871,0.323918,0.194347,0.651946,0.886294,0.643783,0.022919,1.044698,101.432123,91828.695184,overload
767,0.1724,237.499626,1.437117,0.95546,0.297788,0.050188,0.144363,0.268988,0.220997,0.156446,0.559784,0.711749,0.438682,0.018104,0.822678,100.969818,73207.899445,overload
768,0.1791,236.781301,1.273606,0.956201,0.296794,0.068654,0.20326,0.321102,0.311178,0.201579,0.631164,0.169055,0.184752,0.025501,0.985923,101.437566,106676.610025,overload
769,0.1851,235.85027,1.356084,0.967789,0.256146,0.041552,0.182177,0.310558,0.244735,0.179368,0.585136,0.369377,0.303097,0.023207,0.779776,100.831924,87467.665344,overload
770,0.192,235.459939,1.394277,0.95395,0.306111,0.052405,0.165701,0.311253,0.264121,0.193283,0.612508,0.810035,0.590738,0.020788,0.979382,100.976847,82099.710028,overload
771,0.1992,236.640103,1.359244,0.960119,0.282173,0.046293,0.155835,0.288196,0.266303,0.144446,0.515573,-0.475434,0.513776,0.016846,0.932672,99.175707,82738.053167,overload
772,0.2029,236.266479,1.378888,0.959806,0.283668,0.046289,0.162286,0.285427,0.244389,0.163648,0.578042,0.047243,0.117537,0.019751,0.923342,102.734495,74541.577812,overload
773,0.2099,235.442637,1.24363,0.967261,0.255105,0.044018,0.176818,0.322301,0.265293,0.183432,0.566787,1.157313,0.583703,0.019276,1.126372,98.472853,92064.382816,overload
774,0.2183,236.557152,1.394323,0.95693,0.293575,0.035711,0.163441,0.296064,0.268316,0.170007,0.585348,0.362714,0.18273,0.024218,0.80008,100.633129,75596.818237,overload
775,0.2246,236.138584,1.311107,0.964622,0.264691,0.050022,0.167054,0.318081,0.257496,0.170466,0.57521,-0.267574,0.725453,0.023596,0.915376,98.328526,84256.412594,overload
776,0.2287,236.618399,1.377956,0.944361,0.334942,0.042535,0.166274,0.321129,0.246659,0.194214,0.626491,0.318047,0.519019,0.020046,1.006759,100.06262,95029.399729,overload
777,0.2359,236.565044,1.423599,0.945088,0.333883,0.035142,0.219611,0.38254,0.287316,0.206647,0.687003,0.880983,0.426518,0.02295,1.180784,99.400189,121121.68775,overload
778,0.2449,235.935042,1.403505,0.939733,0.347769,0.05817,0.183303,0.323671,0.278902,0.17054,0.646675,-0.6,0.657182,0.019638,0.786307,100.390058,108030.37274,overload
779,0.2576,236.679707,1.377898,0.964288,0.267919,0.047188,0.142802,0.240941,0.218057,0.147379,0.453657,0.26076,0.479904,0.015587,0.828607,100.678461,62853.340585,overload
780,0.2701,236.001257,1.40137,0.963389,0.271096,0.043263,0.198602,0.349745,0.311472,0.195427,0.650576,0.093016,0.748553,0.023026,1.085318,98.861133,93461.717298,overload
781,0.2747,236.040271,1.405073,0.965175,0.266269,0.062081,0.164005,0.296495,0.249218,0.165157,0.596584,-0.477946,0.479522,0.023358,0.718693,100.15882,90330.196634,overload
782,0.2768,235.980637,1.46964,0.952581,0.30827,0.023967,0.212417,0.389112,0.283695,0.203526,0.706136,0.350958,0.542501,0.022809,1.129462,102.151144,115055.25798,overload
783,0.283,236.978585,1.347276,0.953492,0.305318,0.061274,0.231203,0.360594,0.251189,0.187904,0.676174,0.219312,0.448389,0.029813,1.008884,98.362829,83631.465665,overload
784,0.287,236.131657,1.363117,0.957032,0.292941,0.035438,0.180253,0.275458,0.304222,0.161409,0.534179,0.225901,0.504095,0.017581,0.856667,99.004325,84252.341575,overload
785,0.2946,237.123466,1.424565,0.96955,0.245705,0.048538,0.184172,0.356618,0.289308,0.200833,0.600954,0.100716,0.80314,0.018993,0.884771,101.405057,90455.600686,overload
786,0.3113,237.370091,1.310769,0.971551,0.239898,0.038943,0.158325,0.250651,0.247293,0.16754,0.561379,-0.195949,0.36806,0.023973,0.935193,100.308577,67381.025108,overload
787,0.0043,235.856769,1.243179,0.96435,0.267616,0.034924,0.140722,0.309641,0.265643,0.18655,0.5895,-0.404781,0.586711,0.024309,1.126433,100.411617,77326.337033,overload
788,0.0107,234.547403,1.389458,0.960648,0.281552,0.061767,0.199654,0.309836,0.248949,0.193023,0.602255,-0.065347,0.321877,0.021964,1.040721,101.631223,89406.470689,overload
789,0.0235,236.926706,1.333518,0.968683,0.252837,0.068275,0.203917,0.361623,0.273041,0.187131,0.625538,0.71503,0.103297,0.024291,0.839797,99.088304,98264.921973,overload
790,0.0329,236.094817,1.253398,0.955953,0.299904,0.043345,0.18414,0.330648,0.318142,0.170876,0.632164,0.38998,0.529565,0.023896,1.063604,99.472931,103942.634176,overload
791,0.0351,235.780288,1.390043,0.954872,0.299097,0.050026,0.159132,0.290343,0.275117,0.16519,0.580603,0.220678,0.538681,0.021499,0.93766,99.300301,91494.693681,overload
792,0.0391,235.946769,1.464491,0.956968,0.295401,0.046684,0.204597,0.370505,0.309297,0.210405,0.802074,-0.278109,0.502995,0.022974,1.075824,99.712516,117434.445818,overload
793,0.0551,236.051112,1.219621,0.95017,0.317353,0.066766,0.173945,0.27834,0.225973,0.159629,0.614504,0.078462,0.197025,0.014029,0.950685,102.075331,85001.615109,overload
794,0.0582,237.078316,1.431786,0.9566,0.295002,0.020642,0.145802,0.247197,0.207899,0.158646,0.524017,0.479747,0.480757,0.015513,0.885292,97.818488,68217.066866,overload
795,0.0695,236.395947,1.147035,0.949061,0.321046,0.050525,0.158542,0.252629,0.216909,0.16189,0.563664,0.403449,0.479904,0.02257,0.748754,98.528094,74080.646571,overload
796,0.0833,237.070159,1.317977,0.9662,0.258148,0.037274,0.201832,0.332953,0.339307,0.227338,0.652248,0.041018,0.332083,0.028734,0.925657,98.288044,106535.406805,overload
797,0.0889,236.596532,1.497241,0.962349,0.277473,0.017728,0.18526,0.301751,0.254242,0.164494,0.569604,-0.6,0.225502,0.020184,0.741551,102.162372,95585.95166,overload
798,0.1016,236.114462,1.323734,0.969436,0.248645,0.041674,0.182218,0.31064,0.240344,0.196953,0.635368,-0.054621,0.427933,0.018939,0.898542,99.33984,88216.708507,overload
799,0.1058,236.065786,1.357195,0.944966,0.332009,0.068177,0.175451,0.26878,0.244722,0.184601,0.55669,0.030836,0.571368,0.020556,0.88291,99.742657,75792.867758,overload
800,0.1117,236.636965,1.411029,0.973214,0.2311,0.038127,0.142002,0.261545,0.253517,0.164291,0.563283,-0.150338,0.532519,0.021147,0.855393,97.939512,86701.483458,overload
801,0.118,236.792255,1.212682,0.94542,0.32936,0.055489,0.146414,0.281051,0.213925,0.166908,0.520184,0.058546,0.298941,0.020849,0.806898,99.83266,84897.404134,overload
802,0.135,236.898076,1.355768,0.948414,0.322132,0.060384,0.178873,0.322113,0.280293,0.198134,0.650217,0.649522,0.506165,0.015672,1.051549,101.41313,102007.879846,overload
803,0.1398,236.143077,1.355137,0.953033,0.306973,0.045848,0.186251,0.308032,0.281646,0.172589,0.597689,0.23072,0.626609,0.02869,0.987032,100.55414,81712.953742,overload
804,0.1433,236.405124,1.498986,0.968462,0.249827,0.047445,0.205179,0.321318,0.274084,0.180976,0.602818,0.728708,0.264492,0.024745,1.011285,100.04899,86485.669291,overload
805,0.1591,236.650424,1.251141,0.959805,0.285656,0.025404,0.178969,0.333774,0.252884,0.173412,0.592631,-0.444804,0.48947,0.021218,1.063895,98.00916,97036.339371,overload
806,0.1632,236.069621,1.319477,0.956049,0.299493,0.037406,0.160208,0.30218,0.23835,0.139227,0.60889,0.107452,0.695828,0.018309,0.843911,99.740867,80992.798576,overload
807,0.1783,235.619036,1.275732,0.951659,0.312163,0.056884,0.126013,0.296436,0.188896,0.150318,0.491161,-0.523427,0.222279,0.020405,0.701965,100.405681,71565.697036,overload
808,0.1899,235.816237,1.267247,0.946993,0.326597,0.046728,0.158311,0.300136,0.217133,0.13943,0.474864,0.048251,0.623394,0.018992,0.750916,98.811445,84430.082516,overload
809,0.2003,236.155379,1.440192,0.967061,0.258029,0.050408,0.221364,0.364428,0.344909,0.215062,0.801848,-0.294995,0.86908,0.027586,1.178402,101.116848,103666.489157,overload
810,0.2135,236.697324,1.352132,0.964389,0.267643,0.047598,0.236368,0.311388,0.2805,0.205934,0.717814,0.961914,0.460689,0.02525,0.885298,101.439096,117457.551429,overload
811,0.2262,237.055386,1.305555,0.96882,0.248752,0.072304,0.18958,0.340095,0.333639,0.181037,0.645032,0.498818,0.434756,0.023533,1.02276,99.459892,94892.523284,overload
812,0.2294,235.486372,1.308572,0.961175,0.27859,0.040834,0.188458,0.287325,0.258306,0.172867,0.642913,0.654414,0.633445,0.020588,0.996397,101.216165,88997.287321,overload
813,0.2464,235.941593,1.304942,0.936863,0.356802,0.065265,0.184147,0.299147,0.224392,0.18097,0.584059,0.056853,0.436704,0.022836,1.030989,100.046365,87213.288362,overload
814,0.2625,236.085283,1.312096,0.948043,0.32414,0.047602,0.148392,0.286093,0.203355,0.155929,0.526673,-0.190218,0.044504,0.020146,0.925059,101.805993,82995.705706,overload
815,0.2779,236.77683,1.248844,0.961719,0.277603,0.06633,0.154824,0.256584,0.206205,0.151279,0.529695,-0.191209,0.421507,0.018972,0.838514,103.047811,74351.385564,overload
816,0.2891,235.983134,1.329302,0.955042,0.30131,0.0313,0.173953,0.271928,0.276156,0.150414,0.529306,0.345592,0.538096,0.023246,1.038956,98.668868,89671.406237,overload
817,0.2987,236.042161,1.321263,0.953529,0.303769,0.048216,0.195505,0.331642,0.312299,0.207212,0.639523,1.220864,0.641969,0.019792,0.969971,101.277278,96891.836686,overload
818,0.3085,235.452804,1.289376,0.949174,0.321192,0.041276,0.199769,0.32222,0.314334,0.191961,0.640486,0.47602,0.324317,0.020771,0.933388,102.02695,90814.987454,overload
819,0.3102,236.590044,1.362404,0.965581,0.263135,0.047674,0.167816,0.283551,0.234983,0.161166,0.535457,0.072717,0.400474,0.019029,0.970275,98.841048,93970.312193,overload
820,0.3194,236.203161,1.369191,0.96165,0.281671,0.060669,0.176647,0.283254,0.247625,0.175513,0.599338,0.159346,0.635596,0.018514,0.922853,99.394831,85464.680335,overload
821,0.0117,235.907573,1.305468,0.96201,0.275945,0.050546,0.187912,0.318139,0.254527,0.180401,0.60454,0.255426,0.47609,0.021583,0.954049,99.379072,89186.719425,overload
822,0.0184,236.144292,1.338469,0.952931,0.30852,0.060645,0.150909,0.291424,0.252148,0.146779,0.634601,1.08922,0.189183,0.02302,0.95095,100.014106,71053.159003,overload
823,0.0272,236.976197,1.52269,0.95941,0.290136,0.037957,0.175471,0.299406,0.258146,0.187881,0.580459,0.812175,0.695526,0.020795,0.913714,99.701088,103624.983203,overload
824,0.0385,235.697068,1.519635,0.947298,0.326394,0.036126,0.184145,0.328806,0.265755,0.190297,0.609904,0.383236,0.440044,0.017271,0.904423,99.922402,87120.854523,overload
825,0.0467,235.795004,1.265673,0.956961,0.29435,0.046193,0.159329,0.297935,0.302525,0.175417,0.59666,0.312278,0.679321,0.020763,0.900603,101.373184,107934.894764,overload
826,0.0631,237.051351,1.276844,0.937777,0.353145,0.045536,0.181478,0.290579,0.264081,0.184357,0.575577,0.395478,0.221581,0.021679,1.006299,97.545864,93427.314575,overload
827,0.0755,236.345465,1.265248,0.945455,0.3341,0.04377,0.162399,0.284959,0.269624,0.178656,0.54892,0.438567,0.433325,0.019726,0.90848,98.836549,83390.546473,overload
828,0.077,236.701852,1.434564,0.955422,0.297974,0.034496,0.149798,0.289535,0.213913,0.179022,0.576961,0.060189,0.546058,0.021233,1.049332,101.137899,84510.174128,overload
829,0.0789,236.541051,1.318118,0.977001,0.215526,0.060384,0.151165,0.253016,0.284287,0.148386,0.51875,-0.11374,0.427788,0.019805,0.813294,100.973887,95751.488821,overload
830,0.0911,236.278799,1.369174,0.943594,0.336764,0.041646,0.143934,0.273314,0.21194,0.129811,0.482315,0.592793,0.23614,0.017374,0.770958,98.718041,56722.489422,overload
831,0.099,236.091021,1.509757,0.948051,0.323459,0.063113,0.196153,0.325432,0.27116,0.157185,0.611833,0.256614,0.040143,0.017776,1.083062,100.983583,88704.943229,overload
832,0.1135,236.798935,1.349163,0.959734,0.282606,0.046153,0.191926,0.31507,0.298548,0.185544,0.664772,0.73795,0.773965,0.021611,1.126109,102.057614,93061.455748,overload
833,0.1177,236.997402,1.4065,0.972155,0.238551,0.053781,0.163278,0.280901,0.214166,0.168393,0.503974,0.841426,0.477811,0.016544,0.833363,100.131363,74148.767851,overload
834,0.1194,236.950513,1.391634,0.959617,0.284741,0.052693,0.178363,0.272457,0.283478,0.171036,0.61121,0.498838,0.689243,0.02086,0.819831,98.788855,91596.659365,overload
835,0.1269,235.588717,1.302943,0.963617,0.268753,0.036109,0.166244,0.339681,0.29782,0.181575,0.660965,0.446986,0.661685,0.024376,0.943354,101.424936,92774.721482,overload
836,0.1398,237.082947,1.434733,0.955299,0.302005,0.050406,0.150925,0.232032,0.197982,0.135454,0.505806,1.351964,0.521715,0.018153,0.670101,102.612264,73341.788172,overload
837,0.1564,236.085239,1.282024,0.953915,0.304017,0.06914,0.162367,0.306524,0.238939,0.163884,0.580405,0.332959,0.406545,0.022492,0.92794,98.959404,85430.266622,overload
838,0.1716,235.846982,1.45719,0.958657,0.289052,0.049019,0.199781,0.334967,0.303708,0.203674,0.695784,-0.284683,0.602351,0.023497,1.055556,100.254953,91978.184339,overload
839,0.1806,236.198403,1.303004,0.952734,0.309948,0.056815,0.172023,0.315531,0.272041,0.169298,0.628791,0.130964,0.747674,0.02593,1.162725,101.726218,95908.009259,overload
840,0.1947,236.798677,1.311763,0.963794,0.270624,0.054319,0.14314,0.231735,0.239231,0.155279,0.483476,0.755091,0.437243,0.018754,0.615163,100.361502,77268.412702,overload
841,0.1973,236.624279,1.262921,0.94515,0.329448,0.049685,0.199303,0.316542,0.29117,0.184783,0.599303,-0.356523,0.838619,0.022663,0.896408,97.753785,89456.862329,overload
842,0.2076,236.146768,1.276059,0.96512,0.265938,0.048238,0.173107,0.305017,0.23915,0.191664,0.524877,-0.081347,0.192477,0.020938,0.903428,100.820785,96363.084837,overload
843,0.2235,236.8026,1.315859,0.958315,0.289602,0.052568,0.206132,0.31912,0.290096,0.173015,0.637916,0.804957,0.1869,0.020762,1.067818,98.829668,104768.07495,overload
844,0.2311,236.383916,1.155492,0.956282,0.296289,0.055159,0.183659,0.310952,0.201125,0.182002,0.537006,0.118106,0.6251,0.014279,0.625729,98.420988,88678.898847,overload
845,0.2475,235.956217,1.331333,0.944856,0.333478,0.029774,0.149521,0.292622,0.246315,0.190768,0.595739,0.199221,0.32177,0.019372,0.771421,97.781153,94187.880441,overload
846,0.2524,235.875179,1.309362,0.950162,0.314627,0.048968,0.15127,0.30625,0.25178,0.160653,0.533222,0.689793,0.814972,0.02174,0.872573,101.86657,83510.399258,overload
847,0.0031,236.546141,1.413201,0.967589,0.255582,0.043791,0.153357,0.275709,0.282389,0.170315,0.569788,-0.072595,0.710834,0.021207,1.085904,99.031404,97158.764798,overload
848,0.0128,236.250489,1.383838,0.956331,0.294569,0.041302,0.172656,0.278684,0.249246,0.154017,0.5499,-0.385306,0.734013,0.019467,1.084884,100.666671,95573.971366,overload
849,0.0283,235.474697,1.293389,0.960227,0.282553,0.061552,0.162771,0.285252,0.283353,0.16017,0.541615,-0.365788,0.622126,0.018411,0.887314,101.010536,92497.055577,overload
850,0.0347,236.808297,1.313316,0.950964,0.314694,0.037202,0.148557,0.287797,0.246793,0.15442,0.502897,0.44602,0.28568,0.013642,0.821253,100.426547,73092.409192,overload
851,0.0486,236.011835,1.331231,0.957768,0.293272,0.029263,0.180987,0.317499,0.262991,0.183835,0.598727,0.386444,0.175471,0.025592,0.912926,100.615199,92000.352933,overload
852,0.0527,237.255272,1.468877,0.947023,0.325731,0.055549,0.182658,0.273937,0.261757,0.158839,0.600484,-0.062845,0.745603,0.020848,1.029973,100.733467,94131.8701,overload
853,0.0657,235.458206,1.284216,0.958799,0.29023,0.028955,0.128887,0.231852,0.226139,0.174233,0.490786,-0.223597,0.183194,0.016531,0.949282,100.393337,80476.4761,overload
854,0.0759,236.191575,1.292419,0.960965,0.281747,0.022865,0.17727,0.314598,0.276843,0.189262,0.647012,0.142316,0.791889,0.021406,1.169929,99.135777,96117.848893,overload
855,0.0801,235.880013,1.259713,0.960565,0.281125,0.056899,0.171931,0.308722,0.286042,0.172702,0.577599,0.737855,0.585302,0.023766,0.930353,99.010928,81914.197578,overload
856,0.0927,235.714746,1.231437,0.950771,0.313418,0.047905,0.192216,0.316928,0.242031,0.170316,0.587683,-0.128364,0.45995,0.023543,0.881514,100.053026,102097.164986,overload
857,0.1053,236.007926,1.37456,0.955264,0.298081,0.051673,0.188075,0.318431,0.286201,0.185176,0.613908,-0.052277,0.570191,0.020187,1.023453,100.02337,86149.584998,overload
858,0.1148,237.362341,1.366232,0.962298,0.275877,0.040691,0.171244,0.30162,0.283243,0.17645,0.60626,-0.296068,0.562767,0.024601,1.119262,100.801048,83357.877688,overload
859,0.1198,236.386022,1.452621,0.956308,0.295587,0.029387,0.169613,0.345702,0.284026,0.195356,0.694479,0.095577,0.45813,0.023084,1.020643,101.74231,87636.765318,overload
860,0.1233,235.824975,1.433313,0.955702,0.300561,0.031771,0.181299,0.274258,0.241598,0.169692,0.555622,0.389181,0.715889,0.018858,0.740594,100.681468,77870.592848,overload
861,0.1397,235.202823,1.541769,0.973228,0.230897,0.042734,0.184271,0.337898,0.285374,0.202761,0.719884,1.339265,0.756798,0.022438,1.01227,99.064763,107081.737616,overload
862,0.1513,235.267182,1.34409,0.950392,0.314951,0.030731,0.163382,0.309276,0.279436,0.179878,0.595487,0.35271,0.50107,0.0193,0.933775,97.146382,99328.398689,overload
863,0.1654,235.978122,1.329158,0.966643,0.259363,0.049685,0.1633,0.31111,0.263202,0.192335,0.64234,0.238487,0.371075,0.018764,0.816095,99.123488,91874.80986,overload
864,0.1777,235.919787,1.245982,0.948763,0.320471,0.040451,0.164794,0.318074,0.249116,0.181946,0.618758,0.666719,0.71916,0.023788,1.011549,98.317713,95522.451885,overload
865,0.192,236.16557,1.405726,0.963238,0.272003,0.04822,0.185178,0.338753,0.315271,0.199488,0.669599,0.640636,0.112319,0.023054,1.11847,99.177479,98834.390242,overload
866,0.196,234.93669,1.359483,0.963665,0.271875,0.047862,0.184759,0.329104,0.286743,0.184729,0.607119,-0.01074,0.569391,0.024058,1.204523,100.539188,84812.61428,overload
867,0.2052,236.244991,1.402101,0.953917,0.304942,0.050642,0.152744,0.2667,0.268641,0.179286,0.550431,1.223412,0.589615,0.020788,0.774682,100.318147,101846.935835,overload
868,0.2171,236.916638,1.25887,0.94826,0.323267,0.051994,0.166006,0.28998,0.258514,0.167649,0.522676,0.222222,0.310437,0.021025,0.962132,102.801449,93354.769733,overload
869,0.2202,237.273705,1.378128,0.942237,0.341858,0.041873,0.171172,0.313906,0.302304,0.172232,0.57784,0.354419,0.643674,0.015781,1.041957,100.876314,90397.518744,overload
870,0.224,235.163332,1.366416,0.953079,0.305007,0.048208,0.188362,0.282011,0.262537,0.159443,0.562865,0.456622,0.447219,0.017237,0.929752,102.872834,74463.987939,overload
871,0.2353,235.819164,1.361123,0.96221,0.27638,0.048832,0.136133,0.277452,0.218161,0.155276,0.522873,0.358948,0.351672,0.020214,0.749362,101.201195,76941.233611,overload
872,0.2503,235.78746,1.295339,0.949379,0.319783,0.016853,0.139697,0.23451,0.214076,0.138124,0.499751,0.719723,0.570833,0.013344,0.641342,101.719989,63733.733859,overload
873,0.262,236.387433,1.445146,0.958776,0.289474,0.053758,0.149976,0.266892,0.208569,0.147212,0.491481,-0.012846,0.252413,0.018679,0.81254,99.697537,75147.145659,overload
874,0.2641,235.568137,1.514025,0.946189,0.330457,0.047799,0.197378,0.360541,0.302538,0.203039,0.679874,0.735345,0.685829,0.021693,1.147631,98.695687,107950.961375,overload
875,0.2806,237.309358,1.261172,0.956129,0.297004,0.052769,0.164654,0.263086,0.214681,0.17269,0.537869,0.300732,0.1094,0.019662,0.831689,99.571456,79493.793853,overload
876,0.2843,236.326113,1.407636,0.948824,0.322855,0.030558,0.217546,0.369407,0.303768,0.218247,0.712962,0.838471,0.568892,0.029022,1.259992,100.183383,93115.148615,overload
877,0.2894,236.226112,1.119772,0.957376,0.29258,0.042211,0.183213,0.287582,0.281383,0.203461,0.669727,0.160067,0.48743,0.023783,0.948225,99.320578,108604.232376,overload
878,0.306,237.255628,1.403489,0.953991,0.304889,0.032902,0.190743,0.302749,0.257386,0.166886,0.667633,0.091808,0.371926,0.016269,0.755903,98.798401,89462.343384,overload
879,0.016,236.290371,1.200388,0.948477,0.321935,0.054935,0.122607,0.249219,0.198997,0.156737,0.521694,0.484541,0.49796,0.01997,0.785037,100.783573,78447.410974,overload
880,0.03,236.540182,1.308003,0.952729,0.309394,0.029139,0.164975,0.293418,0.229661,0.152172,0.615015,0.411308,0.455784,0.025565,0.998471,98.792444,84661.811192,overload
881,0.0416,235.849521,1.244958,0.950527,0.315304,0.034856,0.225814,0.359345,0.351434,0.218062,0.663914,-0.144151,0.71957,0.031966,1.163954,98.053111,92155.128227,overload
882,0.0475,235.477699,1.332751,0.947489,0.327979,0.052412,0.213203,0.33609,0.307002,0.18478,0.648215,1.003203,0.613676,0.025459,1.131398,98.629079,101040.7991,overload
883,0.0541,235.933783,1.417103,0.966662,0.261966,0.038448,0.186285,0.31591,0.250649,0.167987,0.583158,0.597138,0.558996,0.018165,1.125452,99.871902,87827.524072,overload
884,0.0703,237.612186,1.201415,0.955119,0.302047,0.034859,0.169697,0.266392,0.23937,0.158885,0.570393,0.189402,0.491609,0.019674,0.729397,98.812713,83567.993426,overload
885,0.0851,236.679813,1.321242,0.940382,0.349356,0.056881,0.135251,0.262026,0.278897,0.150792,0.580152,0.035179,0.366121,0.02298,0.816698,99.880674,86825.565549,overload
886,0.0922,236.464721,1.30893,0.953014,0.305454,0.057373,0.169627,0.294495,0.250242,0.150979,0.640813,0.375215,0.397561,0.018742,1.023509,101.040622,86617.427616,overload
887,0.0995,235.714176,1.476484,0.965318,0.262007,0.054665,0.21014,0.341416,0.237491,0.19155,0.638035,0.62463,0.546582,0.026292,0.87469,101.00422,107153.942048,overload
888,0.1056,236.84675,1.384541,0.951909,0.310906,0.056185,0.195651,0.358414,0.355471,0.212311,0.673064,-0.551868,0.473243,0.022328,1.099644,99.274844,116788.466298,overload
889,0.1121,235.485384,1.255823,0.969982,0.245702,0.043221,0.209979,0.327126,0.228108,0.167233,0.568666,0.428095,0.676593,0.022342,1.091502,98.374482,92842.670864,overload
890,0.127,235.359766,1.312296,0.951147,0.31357,0.043545,0.172052,0.31191,0.248,0.169046,0.544157,0.525553,0.479387,0.01414,1.042609,99.394127,94126.618734,overload
891,0.1287,235.964668,1.474488,0.962027,0.273998,0.038223,0.175789,0.355158,0.277598,0.197559,0.663879,-0.6,0.577811,0.021876,1.163139,101.117903,105579.536961,overload
892,0.1369,237.472695,1.407149,0.966293,0.262104,0.048013,0.16245,0.266103,0.219757,0.167714,0.514572,0.302055,0.2066,0.01893,0.925579,101.444875,64188.269641,overload
893,0.153,237.438737,1.276541,0.961602,0.281248,0.039665,0.167269,0.280109,0.267036,0.186082,0.571426,0.565782,0.641437,0.0202,0.850821,100.694046,87219.883021,overload
894,0.1629,236.029258,1.328634,0.947004,0.328941,0.040803,0.197082,0.316989,0.230617,0.161079,0.598011,0.537498,0.373751,0.018721,1.131299,101.88201,85132.408741,overload
895,0.1714,235.895481,1.331191,0.95046,0.317711,0.053199,0.166476,0.290535,0.235762,0.172442,0.592328,0.55336,0.269868,0.017939,0.748028,102.620883,82258.821302,overload
896,0.1778,235.315783,1.306961,0.967361,0.256537,0.060214,0.156696,0.286237,0.266413,0.156542,0.588014,0.095442,0.741548,0.020489,0.775547,99.523481,76075.873577,overload
897,0.1804,236.346818,1.213183,0.951563,0.311251,0.050779,0.180539,0.226919,0.224578,0.165345,0.526584,-0.200908,0.573924,0.019286,0.920982,102.281189,86564.556423,overload
898,0.1854,236.397208,1.29579,0.965805,0.262373,0.067532,0.211066,0.355553,0.269029,0.188526,0.699583,-0.6,0.690114,0.024127,1.035288,99.835231,108315.421118,overload
899,0.1883,236.773734,1.461136,0.954558,0.305782,0.037534,0.198566,0.371404,0.306987,0.212955,0.674919,0.899062,0.602316,0.02685,1.152535,101.627788,114474.992406,overload
900,0.1917,236.846425,1.319508,0.959131,0.286352,0.023944,0.175184,0.298925,0.256218,0.207625,0.566033,0.573535,0.455827,0.020383,1.003982,101.192001,101964.266758,overload
901,0.1958,236.181547,1.34174,0.946911,0.326626,0.054576,0.176509,0.306779,0.241122,0.171832,0.557165,0.752961,0.414005,0.023835,1.10233,97.432118,72231.483761,overload
902,0.202,236.633617,1.361242,0.953134,0.309027,0.036738,0.160132,0.291424,0.220637,0.158985,0.560649,-0.071294,0.591654,0.017267,0.936388,98.847282,73129.39826,overload
903,0.2036,235.879617,1.527451,0.950998,0.316111,0.042716,0.171018,0.28977,0.270429,0.172245,0.56748,0.611844,0.673912,0.025824,0.888312,98.490197,111437.889048,overload
904,0.2199,236.622226,1.35071,0.959805,0.283219,0.024762,0.165812,0.302563,0.2576,0.147743,0.573295,-0.400483,0.444956,0.022627,0.965378,97.705134,91234.238346,overload
905,0.2233,235.995661,1.437516,0.958746,0.287848,0.035209,0.160512,0.278077,0.236164,0.19069,0.567815,-0.139765,0.838958,0.019906,0.857607,101.431041,88941.717636,overload
906,0.2307,236.575675,1.302146,0.961701,0.276901,0.027973,0.155438,0.311538,0.252199,0.185986,0.618586,0.320659,0.443369,0.021144,1.080573,103.096281,91892.748925,overload
907,0.2459,236.527101,1.329248,0.954076,0.304341,0.040788,0.170777,0.285486,0.252192,0.15532,0.543387,0.524042,0.214593,0.020666,0.917958,99.839258,83978.364927,overload
908,0.249,236.341282,1.351004,0.950558,0.317424,0.041265,0.147815,0.281931,0.235771,0.159486,0.575306,0.984605,0.158601,0.022099,0.972044,101.395819,70861.652589,overload
909,0.258,236.776724,1.288069,0.959462,0.284504,0.04708,0.159838,0.298993,0.258751,0.171938,0.557633,0.139078,0.164652,0.023347,0.754316,102.278475,80189.367694,overload
910,0.2726,235.357761,1.333703,0.949763,0.319952,0.060877,0.148184,0.310129,0.281104,0.180627,0.561869,-0.134719,0.389183,0.016982,0.694757,100.491664,84310.661018,overload
911,0.2827,235.66105,1.421044,0.966627,0.259227,0.054123,0.147493,0.305473,0.247326,0.153463,0.639793,-0.154833,0.418678,0.021167,0.75792,100.164562,78388.379679,overload
912,0.2875,236.137964,1.285971,0.957084,0.297519,0.026534,0.193455,0.333721,0.255545,0.201699,0.617512,-0.06454,0.615047,0.017309,1.196986,99.856037,90026.242181,overload
913,0.3004,235.434042,1.350007,0.955391,0.300294,0.053296,0.141344,0.221439,0.221803,0.142913,0.464908,1.008371,0.421691,0.016838,0.666965,100.952582,92887.374321,overload
914,0.0121,236.055881,1.406699,0.961697,0.277522,0.047341,0.199449,0.327189,0.297378,0.191387,0.673959,0.693636,0.668964,0.027941,1.172788,101.424572,99840.438427,overload
915,0.0192,236.075222,1.284043,0.957389,0.293837,0.044826,0.161581,0.306558,0.260521,0.171759,0.595286,0.761838,0.48131,0.017741,0.898685,100.846527,91417.619342,overload
916,0.0214,237.08581,1.437633,0.944736,0.333503,0.045728,0.177805,0.317787,0.285367,0.206658,0.621208,0.152044,0.48663,0.018283,0.983949,100.798448,95308.444949,overload
917,0.023,236.38552,1.355831,0.949509,0.316438,0.048455,0.192206,0.314281,0.292673,0.17103,0.641349,0.269209,0.379086,0.023075,1.01441,100.128316,99096.360481,overload
918,0.0373,236.917658,1.33679,0.966462,0.25936,0.037697,0.161984,0.307338,0.242301,0.153826,0.535725,0.520848,0.699889,0.022982,1.047112,97.969864,77950.817265,overload
919,0.0438,236.481005,1.189348,0.958671,0.288118,0.043812,0.168871,0.274157,0.235013,0.17043,0.554647,0.020149,0.185235,0.019893,0.921586,101.456803,89929.49469,overload
920,0.0474,235.9786,1.320111,0.944547,0.332194,0.060207,0.168516,0.277168,0.274432,0.159533,0.527912,0.105481,0.496441,0.014071,0.890438,98.401525,82464.527844,overload
921,0.057,236.38023,1.379727,0.960817,0.280752,0.037553,0.16765,0.307406,0.277587,0.161181,0.548088,-0.052162,0.431867,0.016273,1.056198,101.06714,75528.486348,overload
922,0.0727,236.737656,1.489628,0.953526,0.302967,0.033641,0.165009,0.321801,0.29485,0.198814,0.648653,0.052381,0.631706,0.022713,0.953105,101.258031,93292.969292,overload
923,0.0744,237.016041,1.395431,0.951004,0.313808,0.04526,0.155704,0.321353,0.247446,0.176932,0.557843,0.254624,0.452437,0.016826,1.001377,98.603395,81485.707613,overload
924,0.0767,236.220614,1.440097,0.948841,0.321617,0.032433,0.184467,0.304132,0.255691,0.189615,0.636443,-0.127803,0.485678,0.022618,1.097884,99.349079,91604.474791,overload
925,0.0847,235.311494,1.253272,0.965999,0.26166,0.025327,0.124244,0.219871,0.220982,0.126213,0.432702,0.281314,0.368671,0.016517,0.814037,103.170064,71236.667692,overload
926,0.0967,235.269319,1.339854,0.942276,0.340816,0.041866,0.155597,0.274291,0.252861,0.162753,0.59138,0.362059,0.706754,0.018966,0.897869,100.088725,89684.810136,overload
927,0.1056,236.104152,1.44766,0.9513,0.313243,0.063383,0.196262,0.358454,0.278802,0.198841,0.747553,0.191201,0.497129,0.027988,1.017147,98.491701,102404.033497,overload
928,0.121,234.897259,1.278981,0.958961,0.286305,0.045537,0.201172,0.306902,0.250692,0.156265,0.552683,-0.120058,0.817458,0.022117,0.846775,101.321231,89206.775521,overload
929,0.1232,237.377063,1.427218,0.970627,0.24299,0.048143,0.154632,0.266963,0.219119,0.176423,0.572867,0.270239,0.497022,0.022288,0.790513,99.118255,81388.637663,overload
930,0.1299,236.65816,1.408665,0.962431,0.275066,0.020438,0.163472,0.267337,0.264069,0.183908,0.553943,0.021152,0.458088,0.021922,0.795899,97.511266,65010.123612,overload
931,0.1369,235.9186,1.371978,0.951232,0.312241,0.051258,0.106265,0.229933,0.194932,0.119178,0.418412,0.182225,0.3706,0.014266,0.699023,100.927677,67576.542477,overload
932,0.1436,235.634211,1.323704,0.970235,0.244999,0.04712,0.172214,0.275071,0.237326,0.161567,0.557417,0.661766,0.541878,0.018389,0.831045,98.916735,83002.975421,overload
933,0.1527,236.916871,1.271096,0.947159,0.326929,0.038021,0.203999,0.352874,0.286633,0.207731,0.666716,-0.350507,0.382852,0.022476,1.093578,100.649664,89425.633865,overload
934,0.1665,235.631818,1.49203,0.960123,0.283106,0.048161,0.174473,0.28162,0.231239,0.188271,0.597775,1.1496,0.481561,0.021479,0.943441,99.062234,85117.753878,overload
935,0.1729,235.689064,1.400549,0.961902,0.280551,0.048041,0.183188,0.293737,0.20532,0.185554,0.537836,0.206283,0.460384,0.018399,0.799893,101.190086,89095.517463,overload
936,0.1859,235.840432,1.377249,0.950951,0.314289,0.033286,0.129065,0.234549,0.171114,0.113367,0.503584,0.325071,0.462837,0.020416,0.619501,100.456898,76850.029276,overload
937,0.1897,236.368452,1.316972,0.963581,0.270293,0.049982,0.142831,0.241713,0.202745,0.142674,0.505845,-0.072955,0.48761,0.015711,0.772204,96.575108,77731.038966,overload
938,0.1999,236.672478,1.35303,0.953889,0.304227,0.060366,0.216344,0.333539,0.273082,0.201834,0.623578,0.864581,0.573724,0.024035,0.985543,100.734818,101045.247226,overload
939,0.2072,237.015603,1.363177,0.963561,0.269329,0.043265,0.193395,0.300754,0.281837,0.179872,0.609725,0.206645,0.501891,0.021724,0.920602,99.794376,101006.36645,overload
940,0.2171,236.926983,1.38199,0.943283,0.33944,0.035589,0.125664,0.268488,0.242496,0.173688,0.519361,0.062349,0.701904,0.017148,0.996312,102.183405,74130.216362,overload
941,0.2202,236.300464,1.408747,0.96068,0.280327,0.043869,0.169423,0.292502,0.241036,0.183517,0.540662,-0.008361,0.528565,0.025107,0.73676,100.753291,85746.988711,overload
942,0.2365,236.912313,1.287402,0.954703,0.301284,0.056255,0.167509,0.313977,0.28742,0.164698,0.580274,0.128764,0.937707,0.019841,1.149535,101.258621,82774.377828,overload
943,0.2521,235.8974,1.232672,0.967198,0.256032,0.031284,0.164846,0.274114,0.213243,0.152119,0.506878,0.380951,0.449416,0.017726,0.865256,99.205243,86356.449618,overload
944,0.2664,235.20748,1.356742,0.957648,0.290599,0.052943,0.144826,0.237953,0.205182,0.130933,0.617837,0.256279,0.574614,0.015131,0.85823,99.093905,57485.844911,overload
945,0.2817,235.897321,1.210223,0.967994,0.25106,0.037864,0.151327,0.318503,0.254841,0.169872,0.596782,0.228002,0.336599,0.020768,1.021708,100.164091,93132.845984,overload
946,0.2855,235.816244,1.324107,0.962061,0.275644,0.048905,0.188247,0.330563,0.296732,0.182315,0.618731,-0.07457,0.74253,0.021949,1.066094,99.695137,93180.627042,overload
947,0.2948,235.920808,1.309265,0.95698,0.295698,0.039228,0.187885,0.338584,0.277506,0.196809,0.59793,-0.102405,0.35324,0.019445,1.17241,102.073213,100931.443059,overload
948,0.3012,235.724375,1.38934,0.964301,0.2683,0.039196,0.194678,0.348026,0.285428,0.179655,0.678096,0.046726,0.57571,0.021777,0.924906,99.985353,89457.73403,overload
949,0.0044,236.023334,1.508608,0.964352,0.270152,0.064277,0.154719,0.251509,0.186511,0.116412,0.515282,0.379643,0.388208,0.019262,0.786774,98.48525,75048.564727,overload
950,0.0093,236.67201,1.194433,0.961775,0.27851,0.029091,0.193965,0.307555,0.243507,0.156759,0.569939,0.551508,0.552955,0.023689,0.870216,99.041387,88994.577524,overload
951,0.0215,237.329154,1.531935,0.939662,0.349943,0.051824,0.175269,0.303565,0.274939,0.157962,0.552089,0.59072,0.421956,0.020496,0.754889,101.551072,89108.696475,overload
952,0.0244,235.264792,1.331354,0.95014,0.319937,0.066776,0.173748,0.280146,0.216225,0.165605,0.577657,0.246949,0.326501,0.020964,0.87559,99.96584,78851.962362,overload
953,0.0372,235.527359,1.377825,0.969073,0.249205,0.054226,0.185069,0.276742,0.281354,0.17354,0.57586,0.412768,0.41663,0.019653,1.117136,99.891004,91226.042329,overload
954,0.0429,235.825132,1.236813,0.947952,0.324148,0.030027,0.190355,0.260697,0.252822,0.150485,0.568329,0.161585,0.722379,0.018357,0.869911,101.684263,67420.902986,overload
955,0.0546,236.759445,1.42975,0.96506,0.265108,0.030621,0.13317,0.207845,0.166587,0.107655,0.418071,-0.359717,0.463012,0.012364,0.861661,98.919332,56100.707546,overload
956,0.0697,236.177032,1.353318,0.963652,0.272762,0.03698,0.197806,0.329855,0.273567,0.184179,0.671719,0.172475,0.251453,0.019548,1.268956,97.070753,85722.255324,overload
957,0.0806,235.865534,1.345083,0.952194,0.310461,0.047895,0.185965,0.288365,0.306499,0.167387,0.593512,0.084052,0.678087,0.019937,1.280862,99.005987,97529.668654,overload
958,0.0854,236.73004,1.195009,0.942038,0.34117,0.048711,0.152097,0.257712,0.249637,0.142371,0.50248,-0.182324,0.285634,0.020143,0.999542,100.538925,78139.29609,overload
959,0.0877,236.873834,1.355904,0.953449,0.307205,0.03074,0.183502,0.31276,0.269913,0.176112,0.657915,-0.005605,0.617924,0.020933,1.230761,99.850684,95811.867722,overload
960,0.0899,236.288744,1.417666,0.974624,0.224536,0.035527,0.193154,0.304314,0.251062,0.175441,0.584981,0.295534,0.556685,0.019196,0.940023,98.015399,95849.232868,overload
961,0.0927,235.810268,1.331098,0.951094,0.314839,0.036262,0.158679,0.317626,0.236183,0.155794,0.562567,-0.248006,0.568636,0.019206,0.93303,101.622483,81785.510262,overload
962,0.1032,236.462168,1.443936,0.951646,0.312867,0.043831,0.175412,0.283794,0.242717,0.157262,0.552157,-0.063972,0.772083,0.022498,0.906485,100.428896,86114.636958,overload
963,0.1101,236.160039,1.440632,0.950019,0.317214,0.069816,0.182886,0.305658,0.260482,0.177856,0.613758,1.002609,0.329346,0.019807,1.001015,100.744621,93253.166937,overload
964,0.1154,236.155392,1.298712,0.967718,0.255631,0.034802,0.143238,0.285706,0.237634,0.17071,0.516935,-0.42993,0.556267,0.020013,0.888983,100.787454,80271.676133,overload
965,0.1203,235.99256,1.477609,0.956057,0.295322,0.034277,0.153546,0.267235,0.267689,0.153954,0.58999,0.147465,0.657407,0.018525,0.921019,98.382066,88800.861419,overload
966,0.1365,236.85499,1.353624,0.952993,0.308076,0.032402,0.188244,0.33035,0.287513,0.207414,0.629935,-0.309242,0.373705,0.023546,1.010934,100.62403,114614.389241,overload
967,0.1398,236.449928,1.35398,0.969308,0.247703,0.053627,0.178801,0.28171,0.234389,0.158041,0.567033,-0.086502,0.332748,0.021235,0.795244,101.470435,82974.110291,overload
968,0.146,236.921421,1.357918,0.962636,0.278516,0.045504,0.173515,0.288612,0.228838,0.171827,0.700865,0.158408,0.41521,0.020833,0.972351,101.796434,93371.8765,overload
969,0.1549,237.101796,1.355545,0.950646,0.31572,0.035245,0.174854,0.318107,0.280546,0.180207,0.602954,-0.209268,0.546442,0.024437,0.946504,101.209769,96646.61956,overload
970,0.1564,236.575388,1.139589,0.948211,0.322345,0.041646,0.180969,0.292034,0.227425,0.148605,0.546082,0.471071,0.208776,0.019525,0.827652,100.918382,84774.136412,overload
971,0.1721,235.996114,1.335159,0.967265,0.254505,0.036502,0.179889,0.293621,0.25276,0.165997,0.609668,0.813937,0.555768,0.024378,0.89125,97.76761,85857.673913,overload
972,0.1752,236.924196,1.240884,0.958134,0.292341,0.049551,0.199383,0.336555,0.235559,0.201145,0.681249,0.649931,0.219775,0.021753,0.941829,100.179091,88025.670442,overload
973,0.1873,236.579399,1.480107,0.945607,0.330814,0.078213,0.150869,0.263874,0.233729,0.137791,0.515464,0.591487,0.64637,0.013504,0.914573,98.860796,45756.032611,overload
974,0.1985,237.862021,1.476887,0.943735,0.335861,0.05261,0.17844,0.312997,0.244545,0.17734,0.6426,-0.379911,0.568662,0.02306,0.95433,101.995035,102224.146208,overload
975,0.2125,236.486062,1.418155,0.949072,0.321025,0.044884,0.170218,0.272735,0.241277,0.146028,0.538819,0.128974,0.78299,0.020393,0.994252,101.782531,75791.878458,overload
976,0.2241,236.718613,1.330923,0.948084,0.324615,0.03802,0.183041,0.310102,0.275476,0.17246,0.599353,0.503839,0.615116,0.022878,1.051872,98.86926,93595.701654,overload
977,0.2376,236.474254,1.269359,0.941631,0.344303,0.029879,0.186127,0.307851,0.308581,0.17512,0.655862,0.680747,0.426339,0.021499,0.99308,100.135631,91048.294076,overload
978,0.2456,236.240541,1.297394,0.949204,0.32013,0.054804,0.180146,0.301939,0.274208,0.176855,0.60782,1.086485,0.332932,0.016584,1.005204,100.547913,85377.598395,overload
979,0.2547,236.144725,1.505411,0.950647,0.315719,0.054152,0.129346,0.213378,0.257129,0.142011,0.48941,0.602933,0.469978,0.012758,0.668176,101.461108,75780.685029,overload
980,0.267,236.476546,1.294624,0.954299,0.303841,0.040407,0.17472,0.281769,0.268527,0.170478,0.57026,0.645992,0.462147,0.024902,0.973985,97.854134,86735.621039,overload
981,0.2774,236.612705,1.161552,0.971543,0.239639,0.06056,0.149106,0.288715,0.257899,0.134618,0.542304,1.250406,0.642012,0.017064,0.923079,97.106529,71907.766438,overload
982,0.2868,236.992633,1.432413,0.955865,0.298843,0.046253,0.171444,0.304423,0.254866,0.166844,0.604577,0.29215,0.30229,0.023337,1.045583,100.253408,88870.013787,overload
983,0.2915,236.48531,1.47004,0.956659,0.297132,0.055297,0.138848,0.224894,0.206713,0.140504,0.458428,0.089763,0.730897,0.01213,0.594831,96.656016,67361.1653,overload
984,0.297,236.022266,1.482737,0.962074,0.276375,0.049554,0.163306,0.259752,0.244311,0.131736,0.513841,0.274363,0.643319,0.015147,0.651723,100.422001,81863.384609,overload
985,0.0071,236.103888,1.433068,0.956101,0.296175,0.043874,0.185623,0.30637,0.309014,0.191546,0.63001,-0.183054,0.458407,0.025194,1.009276,101.029091,87740.433456,overload
986,0.0087,235.506238,1.446122,0.961201,0.279256,0.034541,0.17742,0.315303,0.280215,0.184973,0.601019,0.29184,0.808119,0.021519,1.123526,101.930512,84804.553382,overload
987,0.0167,237.296728,1.354235,0.960245,0.284049,0.044254,0.159627,0.308548,0.244242,0.159421,0.545737,-0.506606,0.323164,0.021601,0.938485,99.328404,90688.801429,overload
988,0.0182,235.975296,1.183896,0.958981,0.284732,0.056105,0.149135,0.270921,0.233197,0.163195,0.514775,0.010551,0.483421,0.019058,0.7862,100.425654,74885.115213,overload
989,0.0285,236.880464,1.35223,0.980132,0.197001,0.039902,0.148891,0.240893,0.254563,0.137772,0.535786,0.174605,0.226838,0.018204,0.701702,101.112114,71231.347425,overload
990,0.0409,236.465931,1.399726,0.965289,0.265626,0.051277,0.176145,0.299796,0.292122,0.189164,0.598178,0.692264,0.810373,0.01972,0.900616,98.553992,85039.043117,overload
991,0.0511,236.482239,1.339178,0.949346,0.321928,0.033007,0.176017,0.30888,0.239208,0.173376,0.556503,0.721691,0.170464,0.017293,0.8422,101.481487,84168.205942,overload
992,0.0633,236.229531,1.335533,0.960962,0.278441,0.055361,0.205912,0.350279,0.285338,0.202734,0.664658,-0.2151,0.22643,0.027755,1.190493,100.584079,100833.063725,overload
993,0.0648,235.827321,1.272871,0.951666,0.312331,0.049755,0.159084,0.273182,0.237113,0.185264,0.58794,1.160169,0.35245,0.02453,1.033702,99.352375,84694.411775,overload
994,0.0673,235.718879,1.269861,0.96157,0.277533,0.031575,0.191558,0.337276,0.278121,0.172075,0.611078,0.318815,0.710094,0.018527,0.850588,100.397933,80288.219144,overload
995,0.0796,237.337079,1.497052,0.946999,0.326645,0.043312,0.162034,0.239538,0.205309,0.143287,0.525305,0.303734,0.595645,0.015324,0.893409,100.004932,81966.440899,overload
996,0.0935,236.368377,1.499948,0.949138,0.320769,0.057177,0.157874,0.285535,0.266974,0.185158,0.537923,-0.459033,0.483015,0.019373,0.980809,101.292104,95435.604917,overload
997,0.1062,236.975161,1.349788,0.960751,0.279159,0.030892,0.192787,0.289749,0.275516,0.200187,0.563372,-0.029591,0.659164,0.022223,0.848846,99.695356,74274.094874,overload
998,0.1179,237.130944,1.372522,0.965981,0.259924,0.033149,0.1724,0.273276,0.239406,0.160155,0.548592,0.692853,0.440773,0.019763,0.906203,100.517927,72291.160802,overload
999,0.1304,236.053492,1.271531,0.962021,0.276032,0.045166,0.164624,0.278649,0.278651,0.165137,0.526987,0.309007,0.532614,0.021229,0.937947,99.330696,91749.324703,overload
1000,0.1434,236.554103,1.401406,0.964833,0.265771,0.0716,0.185018,0.31935,0.239254,0.193261,0.660806,0.309269,0.779752,0.021563,0.99738,98.88702,103435.17543,overload
1001,0.0053,238.516611,0.792826,0.917068,0.408891,0.021454,0.207042,0.401385,0.491527,0.230896,1.133707,0.261275,0.267929,0.02888,1.415314,159.237237,143498.755387,misalignment
1002,0.0217,238.369458,0.790621,0.914739,0.415474,0.032708,0.223674,0.384003,0.47821,0.220245,1.061301,0.155367,0.295836,0.03898,1.510943,152.982286,151239.818105,misalignment
1003,0.0338,238.6641,0.8035,0.903018,0.44419,0.031166,0.17585,0.332416,0.409689,0.250453,1.049992,0.498295,0.245007,0.029497,1.150044,152.294056,138937.748836,misalignment
1004,0.04,238.29108,0.746836,0.924976,0.38953,0.022673,0.206759,0.347523,0.458969,0.230919,1.003792,-0.212626,0.152195,0.029046,1.431908,147.150502,124635.174577,misalignment
1005,0.0474,238.362033,0.797824,0.912793,0.419597,0.042209,0.178598,0.352346,0.413866,0.258691,0.958107,-0.012228,0.411534,0.034171,1.390649,151.174389,155002.934859,misalignment
1006,0.061,238.656105,0.778839,0.911293,0.425101,0.018021,0.223351,0.320883,0.441639,0.23484,1.02465,0.639693,0.369776,0.037003,1.206887,152.486241,139803.853998,misalignment
1007,0.0692,238.685763,0.768002,0.923148,0.394889,0.028784,0.169541,0.354029,0.36241,0.235684,0.965109,-0.195594,0.530863,0.031981,1.312418,132.317166,154375.287696,misalignment
1008,0.0719,238.340855,0.774984,0.920872,0.401074,0.016856,0.196171,0.337053,0.369283,0.229271,0.977023,0.10702,0.342025,0.028463,1.408034,151.772222,138579.892078,misalignment
1009,0.0769,238.546409,0.800735,0.916638,0.412266,0.027223,0.180252,0.317664,0.443136,0.234069,1.000348,0.303218,0.242278,0.03263,1.274067,150.909086,136988.941798,misalignment
1010,0.0918,238.344239,0.794625,0.919616,0.403438,0.018013,0.193666,0.311468,0.425673,0.235653,1.096818,0.142178,0.215718,0.03022,1.151225,165.786119,129505.372346,misalignment
1011,0.1041,238.460532,0.777442,0.90807,0.43189,0.023691,0.18479,0.349315,0.405285,0.225119,0.988409,0.456706,0.302328,0.035571,1.292567,148.814954,145127.281707,misalignment
1012,0.1133,238.528767,0.757218,0.914515,0.418713,0.039121,0.142845,0.28285,0.401944,0.172384,0.846853,0.503091,0.336897,0.032206,1.144297,143.110092,115372.696879,misalignment
1013,0.1186,238.612073,0.758629,0.922769,0.394176,0.027615,0.157922,0.351343,0.4802,0.257197,1.001553,0.265341,0.269233,0.038311,1.193953,152.416789,153112.189713,misalignment
1014,0.1275,238.563512,0.795061,0.910937,0.422436,0.023815,0.212073,0.326133,0.415452,0.261744,0.971839,0.521054,0.106545,0.032486,1.104073,150.669133,156557.634428,misalignment
1015,0.1412,238.554632,0.754445,0.90901,0.430727,0.013802,0.162501,0.271173,0.313605,0.237342,0.899352,-0.141624,0.188085,0.033413,1.178879,148.824594,108915.775675,misalignment
1016,0.144,238.2843,0.777637,0.915472,0.413174,0.021506,0.149357,0.339634,0.40489,0.222214,1.015984,0.071306,0.29808,0.028964,1.378859,138.489101,144667.91873,misalignment
1017,0.1609,238.577655,0.833621,0.915612,0.412152,0.011936,0.187841,0.326082,0.382222,0.218022,1.065142,0.823521,0.390152,0.040095,1.561346,148.595825,143924.902716,misalignment
1018,0.1757,238.610213,0.789191,0.918885,0.406878,0.027096,0.217659,0.374296,0.465534,0.253399,1.060412,0.752338,0.112161,0.033362,1.525827,144.787273,160696.305419,misalignment
1019,0.1821,238.637787,0.794845,0.906731,0.435112,0.026895,0.173223,0.368119,0.373793,0.22613,1.018346,-0.255085,0.327167,0.024413,1.074649,148.051667,127895.83595,misalignment
1020,0.1971,238.356096,0.758779,0.899704,0.449811,0.018563,0.19165,0.373807,0.406551,0.251772,1.1002,0.120482,0.337413,0.041278,1.65502,156.589379,141697.720479,misalignment
1021,0.2092,238.683117,0.755454,0.920527,0.40427,0.033308,0.210781,0.394294,0.398584,0.246591,1.074188,0.173079,0.254292,0.034921,1.591511,143.929371,147313.144054,misalignment
1022,0.221,238.236553,0.795916,0.908502,0.428695,0.032183,0.194884,0.371886,0.403915,0.198346,1.044477,0.236276,0.218008,0.032759,0.953943,148.008908,124513.591605,misalignment
1023,0.2247,238.413836,0.774353,0.91134,0.424139,0.021197,0.190478,0.34563,0.349441,0.240087,0.969007,0.500876,0.203889,0.029748,1.15082,154.870845,127706.288726,misalignment
1024,0.2402,238.444896,0.803472,0.901901,0.443813,0.024524,0.233835,0.389175,0.468477,0.202583,1.174196,0.735503,0.339602,0.048156,1.410966,147.575379,157898.385878,misalignment
1025,0.2487,238.247518,0.782863,0.921137,0.40021,0.015292,0.207055,0.334002,0.448526,0.242383,0.978633,0.132903,0.450557,0.04191,1.441147,173.482674,131955.075982,misalignment
1026,0.2627,238.441858,0.851127,0.917102,0.409085,0.017823,0.192936,0.34202,0.410895,0.228281,1.010318,0.46611,0.462475,0.041203,1.005746,152.239799,150285.009945,misalignment
1027,0.2688,238.544296,0.770554,0.916861,0.41188,0.011376,0.164963,0.292075,0.373771,0.247784,1.013615,0.307252,0.151355,0.033246,1.24097,138.822927,136236.113304,misalignment
1028,0.2751,238.134846,0.787783,0.916821,0.410726,0.016173,0.197723,0.372915,0.441049,0.274144,1.099286,0.117999,0.283168,0.039792,1.4808,142.446275,150062.685391,misalignment
1029,0.2915,238.421062,0.764117,0.902639,0.44696,0.019165,0.195715,0.316117,0.39381,0.260664,1.004987,-0.388582,0.01482,0.03368,0.899101,141.540587,135727.154994,misalignment
1030,0.3007,238.15032,0.802642,0.909089,0.42906,0.006717,0.162871,0.306416,0.364011,0.197895,0.961221,0.380856,0.290257,0.033505,1.214007,142.574763,120445.023207,misalignment
1031,0.3032,238.908308,0.79081,0.91229,0.419549,0.024615,0.192214,0.329563,0.377079,0.210477,1.016211,0.295533,0.372289,0.031391,1.384428,154.832803,132558.880925,misalignment
1032,0.3176,238.542498,0.762776,0.910508,0.426643,0.028177,0.182377,0.310123,0.37711,0.200991,0.979027,0.220949,0.479768,0.037121,1.058418,140.041415,137662.000666,misalignment
1033,0.3226,238.525166,0.775654,0.913371,0.418929,0.019937,0.198076,0.34229,0.413379,0.247907,1.018319,-0.175474,0.068064,0.032462,1.150213,147.019148,135063.64889,misalignment
1034,0.3378,238.546415,0.809437,0.916477,0.408883,0.002,0.17276,0.340011,0.388849,0.189479,0.908717,0.670991,0.152627,0.030117,1.083928,160.284722,134988.744675,misalignment
1035,0.0157,238.620904,0.807034,0.921039,0.398474,0.017976,0.203506,0.374775,0.48512,0.277051,1.014496,0.170154,0.324776,0.033434,0.975632,145.322051,127065.845603,misalignment
1036,0.0183,238.695631,0.753712,0.906119,0.435674,0.008853,0.217506,0.340698,0.427498,0.234247,1.004485,-0.22297,0.08977,0.034892,1.258989,156.043379,150470.397962,misalignment
1037,0.0289,238.187289,0.772681,0.914947,0.417753,0.015123,0.153152,0.289872,0.3932,0.226042,0.888185,-0.251481,0.305871,0.029053,1.200951,134.853268,118192.6467,misalignment
1038,0.0456,238.762036,0.818428,0.919269,0.405637,0.031615,0.188361,0.343233,0.384707,0.194915,0.943898,0.314272,0.373409,0.034609,1.078069,146.664465,121711.773536,misalignment
1039,0.0615,238.749165,0.778656,0.909456,0.428302,0.002,0.221417,0.339337,0.447549,0.233395,1.013443,0.343634,0.136705,0.033764,1.500625,142.026492,131007.107388,misalignment
1040,0.0711,238.486731,0.785668,0.913843,0.418853,0.013469,0.193354,0.343238,0.450328,0.223928,1.0907,-0.020102,0.331484,0.040286,1.433751,152.697939,135806.621749,misalignment
1041,0.0832,238.476254,0.802539,0.917799,0.405235,0.026637,0.188296,0.324424,0.390568,0.243097,0.897349,0.245563,0.137176,0.037619,1.242551,140.686997,123152.28356,misalignment
1042,0.0941,237.879448,0.755357,0.915067,0.414274,0.014385,0.186936,0.332082,0.402594,0.215725,0.919275,0.300329,0.457304,0.031325,1.129587,168.626912,148689.454183,misalignment
1043,0.0987,238.251202,0.763206,0.919045,0.405747,0.013773,0.201933,0.385775,0.470546,0.288885,1.11073,0.179286,0.351448,0.04818,1.606929,135.245536,152844.511336,misalignment
1044,0.1103,238.60377,0.775526,0.915568,0.414126,0.036259,0.1984,0.347016,0.40773,0.241081,0.998506,-0.090353,0.216707,0.038484,1.479663,160.22203,108962.202446,misalignment
1045,0.117,238.740123,0.806092,0.913129,0.419093,0.023027,0.188135,0.335006,0.408481,0.251126,1.048126,0.410496,0.139549,0.042802,1.25246,157.904494,146140.980087,misalignment
1046,0.1237,238.645767,0.802395,0.907964,0.43234,0.027474,0.178036,0.332884,0.379985,0.219055,0.925937,0.355776,0.340063,0.031744,1.329648,152.78875,116119.228587,misalignment
1047,0.1317,238.484857,0.796395,0.916483,0.412104,0.023957,0.189372,0.365565,0.432428,0.240061,1.044355,0.293794,0.480616,0.02794,1.430467,150.489899,153817.772664,misalignment
1048,0.1465,238.885175,0.779217,0.9156,0.413785,0.021294,0.231822,0.381919,0.466708,0.271095,1.155019,-0.142374,0.212965,0.035841,1.536872,166.694628,153313.996954,misalignment
1049,0.1516,238.701035,0.804591,0.909043,0.431106,0.030112,0.192521,0.328422,0.473485,0.252996,1.008613,-0.283276,0.245305,0.032275,1.561242,172.238675,139012.778765,misalignment
1050,0.157,238.421235,0.778947,0.918492,0.407024,0.035243,0.200628,0.34274,0.536158,0.26909,1.046173,0.151378,0.21066,0.033085,1.309048,148.1346,168689.940344,misalignment
1051,0.1586,238.936422,0.793559,0.922608,0.396777,0.006532,0.185084,0.357451,0.403936,0.296785,1.106074,0.399519,0.502796,0.025295,1.243998,151.419924,148972.832344,misalignment
1052,0.1625,238.280767,0.800241,0.911039,0.427569,0.019717,0.170316,0.29164,0.394353,0.253937,0.981769,0.406972,0.049703,0.035308,1.084542,145.028398,111061.72556,misalignment
1053,0.1792,238.205632,0.815936,0.910634,0.427221,0.019654,0.16666,0.328112,0.428183,0.191307,0.937126,0.283921,0.454181,0.024702,1.330446,139.476413,116958.129066,misalignment
1054,0.1874,238.415779,0.780874,0.910415,0.429121,0.016566,0.167344,0.323589,0.374469,0.215676,1.027729,-0.014176,0.23948,0.034675,1.1456,154.168015,102511.196473,misalignment
1055,0.192,238.348272,0.774748,0.904928,0.438578,0.027848,0.194722,0.3369,0.397486,0.236064,1.072849,-0.122737,0.293211,0.043335,1.225245,152.246602,178884.303211,misalignment
1056,0.2084,238.427014,0.807902,0.927027,0.382003,0.022055,0.213456,0.370298,0.513268,0.289101,1.138111,0.122707,0.267944,0.034216,1.660125,135.508008,141629.652497,misalignment
1057,0.2104,238.659618,0.809437,0.912307,0.421704,0.035404,0.206896,0.362362,0.445995,0.236776,0.984501,0.118845,0.333274,0.035988,1.570076,154.104018,158180.704338,misalignment
1058,0.2194,238.493204,0.771133,0.909849,0.427537,0.028802,0.188213,0.317081,0.419219,0.243376,1.022095,0.444366,0.202585,0.031568,1.221974,152.548259,129100.999712,misalignment
1059,0.2333,238.498341,0.759899,0.908239,0.433928,0.030918,0.172304,0.302147,0.436984,0.178098,1.017491,-0.022847,0.423543,0.03516,1.02644,144.588798,116038.057113,misalignment
1060,0.2468,238.511763,0.806381,0.912672,0.419326,0.010407,0.18327,0.345449,0.45505,0.216553,1.044539,0.001025,0.449122,0.030189,1.597859,144.001296,144282.844529,misalignment
1061,0.2512,238.037535,0.749165,0.910829,0.425391,0.013551,0.174714,0.329325,0.376961,0.258074,0.934702,0.684639,0.163408,0.030105,1.237137,153.814018,121559.622368,misalignment
1062,0.2637,238.196948,0.748144,0.923628,0.393962,0.01421,0.171353,0.338146,0.352595,0.21923,0.955347,0.547663,0.368808,0.0354,1.240955,164.479935,138524.313482,misalignment
1063,0.2749,238.422938,0.776634,0.907508,0.433635,0.030585,0.202671,0.362706,0.435446,0.237314,1.154944,-0.152059,0.26263,0.036253,1.408317,153.585561,161483.203402,misalignment
1064,0.2868,238.331414,0.782049,0.905769,0.437349,0.012263,0.188929,0.319627,0.446813,0.239525,1.012431,0.551877,0.303286,0.02673,1.159071,157.024358,128627.393037,misalignment
1065,0.2925,238.453643,0.758801,0.918311,0.407542,0.012497,0.191711,0.351063,0.430468,0.213228,1.01707,-0.212944,0.492305,0.038158,1.211205,142.510232,116509.151191,misalignment
1066,0.3065,238.780826,0.784437,0.914357,0.418499,0.011029,0.190667,0.305354,0.408719,0.231086,1.0134,-0.010121,0.210934,0.028356,1.377298,146.271548,121346.163915,misalignment
1067,0.3167,238.48511,0.785329,0.913662,0.420895,0.042024,0.198987,0.364201,0.497386,0.224884,1.170822,0.024891,0.432487,0.036289,1.312832,155.472151,116175.344461,misalignment
1068,0.3294,238.235566,0.770392,0.918358,0.406935,0.018862,0.182899,0.343711,0.420844,0.227403,1.031335,0.097617,0.361798,0.036781,1.37783,137.774896,138011.194956,misalignment
1069,0.3455,238.34138,0.820669,0.91582,0.412027,0.024239,0.171352,0.343077,0.424658,0.217406,0.982802,0.29308,0.266484,0.032458,1.224591,151.864815,131512.282974,misalignment
1070,0.3602,238.842115,0.788595,0.914719,0.418286,0.010875,0.189431,0.345877,0.402843,0.248838,1.037915,0.145873,0.337783,0.042226,1.078498,154.440807,116080.976313,misalignment
1071,0.3739,238.806499,0.80257,0.906566,0.434104,0.027674,0.181951,0.317727,0.471433,0.245535,0.982174,0.301084,0.32969,0.036405,1.506667,149.653193,120123.643411,misalignment
1072,0.3799,238.619175,0.750876,0.904991,0.442123,0.005811,0.178441,0.351239,0.452746,0.258573,1.157299,-0.000562,0.15121,0.034013,1.414595,152.874348,143159.686821,misalignment
1073,0.3822,238.187503,0.750703,0.910797,0.427601,0.012168,0.203375,0.328763,0.420192,0.238803,0.990978,0.231805,0.220812,0.036314,1.342598,150.520379,130754.923553,misalignment
1074,0.002,238.561361,0.789201,0.908494,0.433365,0.014149,0.176799,0.331334,0.410453,0.254067,0.973028,0.142687,0.163298,0.034501,1.364756,144.400546,135624.70454,misalignment
1075,0.0146,238.576739,0.817097,0.916615,0.412295,0.021751,0.191126,0.352372,0.421094,0.223418,1.044504,-0.297267,0.264528,0.034303,1.053809,139.397039,135377.227976,misalignment
1076,0.0275,238.505108,0.759801,0.904208,0.438107,0.013655,0.195343,0.332987,0.397021,0.22465,0.989332,0.264365,0.474166,0.034877,1.227188,149.18718,143076.510033,misalignment
1077,0.0378,238.385998,0.782868,0.912317,0.42033,0.032192,0.178177,0.322264,0.352778,0.233168,1.051722,0.14225,0.363622,0.030141,1.005018,161.740554,123345.80525,misalignment
1078,0.0419,238.427474,0.755298,0.913962,0.418315,0.024026,0.17709,0.387343,0.466459,0.255672,1.25417,-0.099936,0.118694,0.037863,1.432589,159.219427,145556.551377,misalignment
1079,0.0569,238.372057,0.765628,0.914762,0.414864,0.014483,0.187355,0.354154,0.387789,0.230463,0.946763,-0.00725,0.25931,0.030666,1.295467,146.892009,108252.928728,misalignment
1080,0.0677,238.270985,0.783862,0.917394,0.408842,0.027981,0.207882,0.348711,0.408257,0.239198,0.99086,-9.7e-05,0.332074,0.026767,1.333226,146.70506,140742.614271,misalignment
1081,0.0771,238.773198,0.770148,0.913041,0.421037,0.016854,0.168121,0.286079,0.348108,0.225511,0.823352,0.041013,0.362564,0.032957,1.250728,146.042588,118165.930758,misalignment
1082,0.0874,238.676463,0.75389,0.910995,0.424851,0.015277,0.161241,0.314216,0.414337,0.26198,0.944498,0.639863,0.213538,0.031153,1.067993,146.043745,135102.25568,misalignment
1083,0.0902,238.443014,0.753442,0.922467,0.394546,0.027167,0.198813,0.338636,0.383275,0.206365,0.907641,0.700442,0.132873,0.031575,1.073748,152.589745,154450.277937,misalignment
1084,0.1032,238.570436,0.74228,0.91308,0.421351,0.002,0.159209,0.322293,0.439254,0.186005,0.999702,-0.6,0.28098,0.028295,1.25619,159.517333,131313.858012,misalignment
1085,0.1056,238.57794,0.789532,0.923515,0.394423,0.025879,0.213876,0.408336,0.521257,0.272276,1.228041,0.301624,0.408604,0.037667,1.588858,170.365283,164937.803188,misalignment
1086,0.1161,238.968577,0.791952,0.913049,0.419724,0.014295,0.203175,0.348318,0.491619,0.226852,1.025254,0.412149,0.333813,0.030523,1.14179,142.531372,149782.719651,misalignment
1087,0.1202,238.674514,0.791851,0.914902,0.416597,0.014283,0.21407,0.37984,0.448025,0.280175,1.130258,0.058912,0.193852,0.041128,1.59502,155.860623,183311.537921,misalignment
1088,0.125,238.666954,0.761816,0.914168,0.41749,0.035665,0.203965,0.377156,0.47225,0.274832,1.0387,0.41732,0.545869,0.041085,1.605003,154.88101,153117.522748,misalignment
1089,0.1301,238.507596,0.800119,0.916387,0.413833,0.01575,0.198112,0.382864,0.441535,0.238257,1.093273,0.649795,0.298234,0.036778,1.461839,147.032282,119883.553368,misalignment
1090,0.1318,238.413115,0.794136,0.912481,0.421715,0.027647,0.202944,0.36358,0.396477,0.221088,1.011962,-0.288295,0.322583,0.031312,1.068027,140.765917,143819.217118,misalignment
1091,0.1471,238.776542,0.780146,0.915577,0.415842,0.022234,0.213945,0.388063,0.538341,0.241263,1.146081,0.17427,0.227276,0.031597,1.489427,152.478358,145682.406564,misalignment
1092,0.1611,238.630454,0.776863,0.924185,0.38909,0.023064,0.18408,0.394606,0.425404,0.258944,1.054586,0.740216,0.458632,0.039485,1.435703,169.078918,122568.245143,misalignment
1093,0.1631,238.334092,0.767018,0.921293,0.400092,0.017996,0.205416,0.360163,0.354437,0.239895,0.992259,-0.251911,0.374959,0.031406,1.266241,152.421424,164228.808919,misalignment
1094,0.1655,238.590773,0.783843,0.921334,0.3987,0.017578,0.196633,0.346079,0.407608,0.260838,1.069584,0.086686,0.344478,0.030247,1.515996,142.914916,163689.094799,misalignment
1095,0.1791,238.667477,0.812345,0.906948,0.433525,0.032224,0.201302,0.306268,0.355156,0.247317,1.03522,-0.014408,0.149461,0.033745,1.269548,148.584603,125796.111643,misalignment
1096,0.1807,238.080834,0.802757,0.907919,0.434241,0.027444,0.197665,0.342961,0.393216,0.253207,0.965434,0.436841,0.443147,0.032806,1.600069,139.738434,128004.243206,misalignment
1097,0.1895,238.315523,0.774876,0.916307,0.413372,0.016003,0.218037,0.366867,0.392775,0.208323,0.957935,0.476208,0.397702,0.027809,1.405102,150.166593,141754.012734,misalignment
1098,0.1926,238.572553,0.790772,0.919624,0.400663,0.011633,0.19208,0.336423,0.433878,0.234799,1.188806,0.172286,0.438484,0.029515,1.378331,156.150672,131880.672885,misalignment
1099,0.2033,238.115108,0.757971,0.911885,0.424016,0.015324,0.216641,0.388812,0.416975,0.292385,1.160965,0.142048,0.325338,0.040079,1.609817,143.766599,157596.675565,misalignment
1100,0.2203,238.146774,0.794601,0.910814,0.426435,0.027852,0.180319,0.310192,0.415383,0.206088,0.932553,-0.368631,0.27592,0.028099,1.388982,125.0,116517.053573,misalignment
1101,0.0042,238.445908,0.763383,0.923363,0.392962,0.02943,0.203718,0.38803,0.40211,0.229382,1.071243,0.581425,0.288678,0.039148,1.544672,152.49193,147188.740954,misalignment
1102,0.0205,238.598309,0.793805,0.919115,0.403714,0.02444,0.194034,0.323003,0.403795,0.24909,0.973598,0.013759,0.587421,0.033585,1.251087,145.486027,116214.801048,misalignment
1103,0.0354,238.607557,0.839381,0.921348,0.396877,0.007066,0.17393,0.358886,0.452936,0.252832,1.089203,0.082719,0.240855,0.041644,1.339656,143.243971,165796.803845,misalignment
1104,0.0522,238.81648,0.7686,0.912351,0.421299,0.02603,0.184058,0.34119,0.433557,0.254851,1.049351,0.403765,0.143831,0.029764,1.108227,143.166286,153118.458489,misalignment
1105,0.0656,238.516453,0.838456,0.91188,0.422689,0.030429,0.195038,0.337846,0.444415,0.247557,1.102487,0.183404,0.255595,0.036054,1.001226,153.602267,143219.985329,misalignment
1106,0.0803,238.425469,0.789813,0.920693,0.402139,0.021388,0.185915,0.30264,0.450269,0.231406,1.017511,0.417399,0.229223,0.036121,1.307873,146.328847,137713.549359,misalignment
1107,0.0911,238.238528,0.765007,0.913424,0.419582,0.035838,0.153172,0.326055,0.351009,0.234036,0.890195,0.271205,0.43048,0.026788,1.065745,158.374011,129425.566479,misalignment
1108,0.106,238.423074,0.764091,0.911335,0.422691,0.009432,0.227306,0.403987,0.464487,0.247335,1.170917,0.198428,0.132047,0.043239,1.434076,158.572065,159503.157042,misalignment
1109,0.1092,238.641506,0.827299,0.909521,0.429025,0.025478,0.169617,0.348258,0.400707,0.250584,0.949394,0.201749,0.218303,0.024771,1.345994,147.564312,153655.053412,misalignment
1110,0.1222,238.650544,0.78986,0.911932,0.422447,0.011838,0.193678,0.358014,0.453695,0.228823,1.056011,-0.217849,0.325856,0.030896,1.293034,145.312206,122510.408056,misalignment
1111,0.1335,238.552924,0.768677,0.920251,0.400674,0.028468,0.173557,0.323621,0.409391,0.223041,1.019815,0.07081,0.444878,0.024323,1.455863,151.149377,140266.06343,misalignment
1112,0.1359,238.609423,0.775931,0.905942,0.434813,0.024903,0.175682,0.310285,0.384731,0.217766,0.910504,0.411319,0.371111,0.02742,1.080718,148.691461,123426.748392,misalignment
1113,0.1419,238.755277,0.788616,0.918774,0.406769,0.034411,0.204056,0.331077,0.420094,0.227523,0.969314,-0.147871,0.50627,0.032824,1.142753,134.227377,122007.698884,misalignment
1114,0.1468,238.515054,0.779826,0.910751,0.426368,0.023998,0.18332,0.333074,0.398969,0.213362,0.977113,-0.091416,0.336664,0.035712,1.062206,167.226934,164811.916265,misalignment
1115,0.1546,238.773464,0.786918,0.913738,0.41924,0.016768,0.182331,0.29825,0.393026,0.210162,0.905288,-0.134332,0.260427,0.0302,1.279628,156.429022,160302.076977,misalignment
1116,0.1591,238.354671,0.815472,0.914123,0.416366,0.016071,0.1912,0.31979,0.479857,0.219028,0.966552,0.165685,0.410639,0.031522,1.457523,145.828635,136692.975591,misalignment
1117,0.1649,238.485342,0.757441,0.913676,0.418816,0.017999,0.161403,0.293712,0.362931,0.250787,0.86547,0.495041,0.114793,0.023772,1.062666,132.752551,129628.799574,misalignment
1118,0.171,238.403833,0.792893,0.913277,0.417475,0.015914,0.190209,0.36666,0.413281,0.232786,1.096584,0.286142,0.078104,0.029485,1.164092,148.376113,134808.698867,misalignment
1119,0.1818,238.658541,0.778542,0.912334,0.420368,0.030777,0.184662,0.314353,0.40249,0.260734,1.009908,-0.529282,0.424734,0.034894,1.500997,144.708209,134229.811831,misalignment
1120,0.1854,238.297103,0.770019,0.911571,0.423757,0.030205,0.159116,0.250636,0.34834,0.21292,0.812778,0.269463,0.293099,0.030779,0.838982,149.454841,96364.463803,misalignment
1121,0.1906,238.435647,0.801443,0.922919,0.395596,0.008027,0.183329,0.336415,0.338771,0.237215,0.986957,-0.012255,0.416326,0.0309,1.387027,130.525166,116217.498411,misalignment
1122,0.197,238.128065,0.750771,0.91515,0.412472,0.020307,0.187589,0.345269,0.431687,0.24628,1.032176,0.279931,0.192704,0.040118,1.268777,145.74978,171064.291721,misalignment
1123,0.2055,238.618875,0.732671,0.914244,0.415571,0.0205,0.171171,0.31981,0.410684,0.223456,1.008822,0.070615,0.446712,0.027307,1.244985,146.298103,127545.535715,misalignment
1124,0.2076,238.749358,0.784491,0.911132,0.424225,0.01375,0.179468,0.371738,0.421409,0.26127,1.197287,-0.142072,0.394993,0.03383,1.503995,148.269523,146440.261554,misalignment
1125,0.2246,238.682142,0.777236,0.912552,0.422752,0.023506,0.194361,0.360076,0.440139,0.250317,1.031287,0.100934,0.301033,0.033952,1.411675,147.874131,133498.75208,misalignment
1126,0.2307,238.662526,0.752943,0.911153,0.423503,0.031687,0.174546,0.300938,0.449085,0.189125,0.932758,-0.011723,0.313363,0.037349,1.152821,150.470257,131261.10285,misalignment
1127,0.2367,238.66788,0.745789,0.919592,0.403966,0.027134,0.211515,0.362759,0.429535,0.203398,1.032486,0.212168,0.344931,0.034501,1.494176,163.690596,118809.319797,misalignment
1128,0.2468,238.639939,0.818613,0.910478,0.426725,0.030777,0.218721,0.375798,0.380543,0.28602,1.038424,-0.152473,0.19475,0.02905,1.426273,145.364872,138407.560259,misalignment
1129,0.2615,238.622879,0.78926,0.901523,0.447147,0.014252,0.164269,0.316644,0.348256,0.170478,0.896341,-0.206644,0.241026,0.035423,1.724403,141.799578,113387.225051,misalignment
1130,0.2701,238.635783,0.780393,0.91535,0.414822,0.020292,0.189293,0.334013,0.405555,0.239962,1.064466,0.335701,0.34021,0.040824,1.039874,134.454025,155795.299417,misalignment
1131,0.2754,238.368864,0.823905,0.913324,0.417407,0.013875,0.210115,0.378018,0.434533,0.257385,1.087895,0.481421,0.255745,0.03613,1.178835,145.4,129756.101029,misalignment
1132,0.009,238.459961,0.800441,0.911485,0.422932,0.021915,0.174199,0.311057,0.394285,0.226749,0.932259,0.279747,0.105171,0.028079,1.350003,137.388742,113885.503914,misalignment
1133,0.017,238.514049,0.815386,0.920469,0.403668,0.022636,0.194979,0.323127,0.42659,0.226017,1.072008,-0.07654,0.344493,0.038706,1.343307,158.640867,116476.323,misalignment
1134,0.0338,238.432859,0.756401,0.898599,0.456488,0.027679,0.169349,0.324149,0.418721,0.226293,0.902745,-0.095772,0.390644,0.038922,1.298729,149.135048,115452.886939,misalignment
1135,0.0507,238.186738,0.755652,0.924457,0.39245,0.030508,0.210026,0.348055,0.381852,0.24103,0.984466,-0.083981,0.436074,0.036957,1.129487,158.455185,131763.932951,misalignment
1136,0.0609,238.252998,0.792342,0.921328,0.400964,0.025512,0.191796,0.310732,0.428785,0.303797,1.01005,0.396752,0.37574,0.028723,1.354038,163.191274,158692.264482,misalignment
1137,0.0635,238.545995,0.78829,0.911232,0.421793,0.013119,0.157542,0.283789,0.345726,0.196433,0.782529,-0.109802,0.365208,0.030478,1.113954,142.214479,109961.3302,misalignment
1138,0.0738,238.681155,0.804993,0.912295,0.420519,0.009183,0.15153,0.357083,0.412281,0.256706,0.955579,0.37361,0.419121,0.034163,1.168311,146.873762,128267.364768,misalignment
1139,0.09,238.501868,0.747384,0.918026,0.407256,0.02416,0.206409,0.33138,0.43883,0.218269,1.01713,0.318512,0.31564,0.031349,1.377107,161.985181,149007.231316,misalignment
1140,0.1059,239.052964,0.794072,0.918187,0.41094,0.032004,0.207644,0.344824,0.35525,0.264738,0.998383,0.497515,0.024762,0.03977,1.132874,151.702958,136328.810303,misalignment
1141,0.1107,238.316048,0.799785,0.911197,0.424147,0.019802,0.169435,0.322516,0.404947,0.234496,0.977221,0.426023,0.441252,0.034333,1.300948,154.693589,167888.07217,misalignment
1142,0.1152,238.588988,0.798723,0.905299,0.43983,0.007781,0.167068,0.339843,0.378363,0.224187,0.972599,0.265063,0.175557,0.036255,1.387486,159.296798,119354.633612,misalignment
1143,0.119,238.758241,0.771866,0.927682,0.383208,0.036678,0.204971,0.377271,0.46704,0.257738,1.105526,-0.331804,0.156785,0.031464,1.192099,158.068632,152830.771637,misalignment
1144,0.1332,238.713135,0.790372,0.920737,0.401366,0.023915,0.185333,0.315419,0.430856,0.267937,1.030555,0.297546,0.154525,0.034718,1.084756,153.693236,147959.425507,misalignment
1145,0.1423,238.631013,0.764487,0.915941,0.412914,0.021369,0.203886,0.360992,0.445549,0.255573,1.029873,0.159334,0.63644,0.031903,1.523305,162.567253,137431.892599,misalignment
1146,0.1491,238.714051,0.774141,0.916055,0.410867,0.010656,0.192332,0.39179,0.44217,0.231618,1.041441,0.008194,0.362664,0.036025,1.155354,149.385711,146573.711775,misalignment
1147,0.1556,238.511079,0.759141,0.918728,0.401898,0.02013,0.205558,0.316585,0.445538,0.219091,0.960808,0.515349,0.161617,0.038692,1.371153,154.67473,127977.078877,misalignment
1148,0.1614,238.832576,0.764827,0.919446,0.406049,0.025495,0.198266,0.368973,0.490547,0.276936,1.070287,0.079024,0.220029,0.031212,1.419295,148.409173,155848.982833,misalignment
1149,0.1766,238.756632,0.775181,0.902482,0.444375,0.024024,0.213266,0.333079,0.408292,0.237539,0.945385,-0.037533,0.29269,0.026908,1.1797,159.184965,134757.029442,misalignment
1150,0.1844,238.329554,0.770181,0.912895,0.417675,0.014561,0.222998,0.361399,0.524362,0.232247,1.069739,0.487279,0.387754,0.04106,1.629121,143.693118,151369.122645,misalignment
1151,0.1897,238.564314,0.764824,0.912271,0.422658,0.019543,0.220069,0.407677,0.44555,0.275662,1.127713,-0.001639,0.353636,0.037537,1.567355,134.854293,138620.586552,misalignment
1152,0.2022,238.190541,0.754008,0.914031,0.418311,0.015072,0.193476,0.360055,0.419721,0.238515,1.155689,-0.056976,0.18666,0.041541,1.448372,155.894323,177853.011515,misalignment
1153,0.2136,238.804358,0.819222,0.919625,0.404824,0.033313,0.198172,0.310086,0.413608,0.245298,0.980328,-0.215936,0.338756,0.03028,0.979848,140.818753,146187.304417,misalignment
1154,0.2261,238.544846,0.769989,0.90426,0.442828,0.027159,0.235963,0.399831,0.494368,0.272793,1.184313,-0.143526,0.241974,0.041133,1.664612,139.926816,146286.363481,misalignment
1155,0.2404,238.769755,0.786599,0.906905,0.433538,0.015805,0.166873,0.355885,0.351142,0.237286,0.974165,-0.101168,0.43874,0.037166,1.165871,161.384369,135815.483682,misalignment
1156,0.2435,238.478128,0.744821,0.91091,0.424001,0.010652,0.176809,0.33219,0.408528,0.233732,1.063334,0.310437,0.310268,0.035496,1.294076,158.696516,120728.288156,misalignment
1157,0.245,238.128747,0.807153,0.915926,0.412509,0.022223,0.193956,0.34484,0.429566,0.269955,0.958447,-0.185492,0.201109,0.026785,1.298732,146.917493,150422.052058,misalignment
1158,0.2473,239.027474,0.783343,0.919993,0.403967,0.016057,0.171228,0.319396,0.380299,0.226345,0.933149,-0.409291,0.371543,0.042217,1.448123,125.0,127041.657622,misalignment
1159,0.2597,238.526218,0.771123,0.924788,0.387164,0.016654,0.203487,0.353465,0.440221,0.290088,1.08447,0.226042,0.367497,0.038372,1.399234,154.799161,154561.909111,misalignment
1160,0.2757,238.299958,0.771297,0.913282,0.419719,0.010918,0.194247,0.314284,0.402037,0.286914,0.961067,-0.06792,0.232748,0.027081,1.041282,155.962544,121795.940422,misalignment
1161,0.2823,238.729152,0.797388,0.919983,0.404158,0.011909,0.193373,0.371295,0.454591,0.258593,1.091484,0.120985,0.409181,0.037758,1.60139,154.651302,145881.747684,misalignment
1162,0.296,238.907171,0.720938,0.919261,0.405934,0.021301,0.202162,0.384183,0.480413,0.292303,1.106918,0.53706,0.399101,0.038871,1.522196,154.237681,164007.572222,misalignment
1163,0.3088,238.459512,0.763516,0.91825,0.408221,0.017865,0.191406,0.346712,0.421027,0.237595,1.112467,0.146209,0.467117,0.039617,1.469562,148.367497,161538.849588,misalignment
1164,0.3254,238.480152,0.777618,0.914854,0.417244,0.039972,0.185604,0.32391,0.422966,0.251812,0.908028,0.550498,0.381305,0.035826,1.436414,146.305778,144099.839789,misalignment
1165,0.3342,238.547609,0.777388,0.912603,0.41707,0.024754,0.164182,0.325612,0.37582,0.217301,1.032153,0.097647,0.268448,0.032217,1.505777,140.044543,114449.587435,misalignment
1166,0.3383,238.277806,0.830106,0.908608,0.433279,0.010786,0.143336,0.280285,0.314949,0.188232,0.82013,0.356561,0.071123,0.01983,0.896741,143.72343,107411.122405,misalignment
1167,0.3516,238.361867,0.773248,0.90821,0.432304,0.007715,0.167557,0.346182,0.467056,0.248501,1.065273,-0.043939,0.32275,0.035529,1.093149,152.893362,142241.950651,misalignment
1168,0.0142,238.856385,0.799805,0.917082,0.412098,0.023185,0.198447,0.355111,0.416255,0.269297,1.076881,0.159089,0.355322,0.029614,1.501428,153.041343,138703.495851,misalignment
1169,0.0267,238.473559,0.816233,0.914673,0.414335,0.016825,0.195067,0.342152,0.392257,0.209989,0.952789,-0.157758,0.303728,0.038215,1.238554,157.108421,114113.722938,misalignment
1170,0.0415,238.332489,0.793412,0.912507,0.418794,0.030652,0.189922,0.316523,0.36258,0.21133,0.964914,-0.120124,-0.08923,0.029464,1.214583,137.342119,115378.273079,misalignment
1171,0.0488,238.409592,0.766524,0.918989,0.407968,0.022255,0.176743,0.340134,0.385178,0.246512,1.020614,0.05172,0.383596,0.03573,1.112001,135.066969,157662.081212,misalignment
1172,0.061,238.714565,0.75431,0.913797,0.41687,0.00414,0.214873,0.381541,0.464987,0.255981,1.146151,-0.297254,0.190049,0.034681,1.508144,146.582654,136931.639529,misalignment
1173,0.0666,238.104821,0.794908,0.909521,0.4282,0.011845,0.186952,0.3812,0.43937,0.211009,1.007031,0.167297,0.388297,0.031884,1.350644,140.820471,140056.954062,misalignment
1174,0.075,238.55093,0.812901,0.913401,0.420025,0.014598,0.234573,0.384483,0.481867,0.274252,1.147448,0.032144,0.558474,0.03585,1.471454,151.673887,158619.971246,misalignment
1175,0.0803,238.992444,0.790919,0.919924,0.40407,0.023536,0.179765,0.321933,0.391083,0.226662,0.979403,0.184247,0.260967,0.035312,1.046276,138.21111,131454.841257,misalignment
1176,0.0842,238.906213,0.804669,0.908859,0.431874,0.011578,0.157625,0.334259,0.390016,0.247709,1.080883,-0.277281,0.360092,0.032105,1.491873,160.622089,137954.935458,misalignment
1177,0.0862,238.614641,0.831839,0.916256,0.4125,0.021223,0.194148,0.309621,0.383624,0.242264,0.964013,0.322455,0.29894,0.035895,1.290725,142.601457,146193.816621,misalignment
1178,0.0981,238.763289,0.796747,0.914667,0.41453,0.009311,0.216023,0.38821,0.443322,0.289143,1.191424,0.700689,0.397717,0.037262,1.672245,164.334068,163732.828701,misalignment
1179,0.1132,238.761365,0.757987,0.910435,0.427521,0.020049,0.189441,0.35686,0.448135,0.228087,1.138326,0.571643,0.315693,0.033563,1.024268,154.718717,133253.534247,misalignment
1180,0.1196,238.47483,0.781021,0.91324,0.420713,0.02296,0.226378,0.411158,0.515686,0.272642,1.355663,0.771579,0.25183,0.039931,1.529275,140.502912,164553.266276,misalignment
1181,0.1277,238.684959,0.807404,0.90557,0.435352,0.031692,0.166518,0.333895,0.40467,0.250489,1.032036,0.129591,0.179267,0.033473,1.155941,168.852705,117408.953092,misalignment
1182,0.1293,238.857717,0.775024,0.915658,0.415783,0.021965,0.214115,0.376226,0.48457,0.258466,1.121186,0.015504,0.536833,0.034458,1.463929,152.389071,163772.111131,misalignment
1183,0.1372,238.247248,0.810114,0.906812,0.431408,0.013466,0.198208,0.334329,0.450252,0.234364,0.984669,0.268032,0.358693,0.037136,1.444322,151.495075,131788.101865,misalignment
1184,0.143,238.61533,0.778661,0.921435,0.400591,0.031944,0.207086,0.346254,0.451148,0.225978,1.094555,0.050786,0.421399,0.03519,1.438805,149.413092,140643.34652,misalignment
1185,0.1534,238.572295,0.786687,0.914448,0.415703,0.018535,0.164273,0.2968,0.420826,0.216008,1.008984,-0.374244,0.33427,0.032858,1.175687,154.19898,133521.902567,misalignment
1186,0.169,238.520633,0.772985,0.911569,0.42477,0.026189,0.207199,0.326165,0.400993,0.253595,1.037725,0.372897,0.432758,0.034883,1.338024,154.728786,138199.813427,misalignment
1187,0.1784,238.502927,0.783191,0.921963,0.398442,0.015097,0.161779,0.335361,0.373617,0.179963,0.990901,0.046665,0.1755,0.033438,0.970444,142.215234,123111.624931,misalignment
1188,0.1903,238.546334,0.784249,0.908809,0.43032,0.020726,0.186402,0.380062,0.414606,0.223531,1.085804,-0.324802,0.313994,0.033054,1.199818,148.078037,159226.302982,misalignment
1189,0.2028,238.563114,0.747829,0.910514,0.426948,0.01359,0.165288,0.263854,0.388399,0.182412,0.900335,-0.029669,0.342782,0.026712,1.299068,151.041309,109369.403136,misalignment
1190,0.2066,238.723723,0.771168,0.904025,0.441574,0.022578,0.192116,0.342648,0.373815,0.253961,1.052768,0.056204,0.466282,0.035452,1.21944,155.244664,145923.660205,misalignment
1191,0.2135,238.595303,0.755336,0.922857,0.396433,0.026431,0.202759,0.374709,0.500252,0.222789,1.061274,0.131034,0.67528,0.035005,1.573602,155.397203,165564.191198,misalignment
1192,0.2167,238.464425,0.771858,0.926237,0.38977,0.016042,0.213066,0.358652,0.455251,0.248939,1.048662,0.131027,0.360626,0.041324,1.472638,151.480876,162469.16423,misalignment
1193,0.2251,238.332016,0.764097,0.904958,0.437502,0.015592,0.174787,0.295767,0.431048,0.230665,0.943169,0.493466,0.203217,0.030914,1.294758,145.047093,156651.039708,misalignment
1194,0.2403,238.405511,0.800236,0.910105,0.422476,0.022855,0.162052,0.306769,0.354997,0.207307,0.870413,-0.237532,0.133137,0.023342,1.149176,144.585673,109748.109174,misalignment
1195,0.2493,238.552233,0.800468,0.915419,0.413625,0.0134,0.200675,0.360905,0.420188,0.240742,1.018011,0.076414,0.185964,0.03301,1.290641,139.276604,133414.677635,misalignment
1196,0.2579,238.358786,0.791206,0.911906,0.422166,0.007856,0.222829,0.401623,0.492841,0.277288,1.180163,-0.156183,0.211598,0.034304,1.443283,155.33341,169150.442828,misalignment
1197,0.2626,238.689175,0.754647,0.914812,0.415188,0.022826,0.178237,0.300505,0.418528,0.242232,0.963011,0.469709,-0.074107,0.03567,1.289404,144.456206,142367.179981,misalignment
1198,0.2689,238.586011,0.778037,0.914294,0.415644,0.019138,0.200166,0.372152,0.46904,0.278118,1.182682,-0.053992,0.229275,0.042799,1.220544,148.27421,152420.640607,misalignment
1199,0.0062,238.728705,0.753056,0.917445,0.410494,0.018969,0.202975,0.347652,0.359854,0.195097,1.087477,0.016845,0.393074,0.033738,1.473453,152.139695,146714.53805,misalignment
1200,0.019,238.372236,0.777054,0.909234,0.427284,0.024169,0.161664,0.269391,0.2994,0.225348,0.912539,0.386,0.284496,0.029833,1.026279,150.035408,156201.528473,misalignment
1201,0.0212,238.333786,0.792948,0.916156,0.41309,0.025286,0.174493,0.316527,0.375396,0.218036,0.838665,0.471307,0.249193,0.029404,1.125589,149.949498,123983.441693,misalignment
1202,0.0247,238.727211,0.799842,0.908303,0.432544,0.018712,0.196832,0.322663,0.492076,0.254121,1.082598,0.585792,0.091851,0.039536,1.369202,141.855343,161552.413742,misalignment
1203,0.031,238.525991,0.789457,0.912529,0.421846,0.011019,0.170049,0.335091,0.385328,0.20288,1.032454,-0.375636,0.43881,0.036432,1.307899,152.419763,163525.485456,misalignment
1204,0.0465,238.459497,0.805169,0.904579,0.441135,0.014891,0.185183,0.36923,0.461632,0.262492,1.114376,0.286488,0.387659,0.040832,1.270241,147.184542,191653.320911,misalignment
1205,0.0514,238.639732,0.785195,0.912573,0.422688,0.02468,0.160456,0.301428,0.36929,0.199486,0.869631,0.187344,0.283662,0.029974,1.196637,149.222396,130020.797451,misalignment
1206,0.0641,238.63229,0.775329,0.911564,0.423806,0.021091,0.198009,0.347923,0.481597,0.21795,0.996339,0.105325,0.013737,0.031796,1.395535,160.421716,158869.611381,misalignment
1207,0.0682,238.248847,0.797473,0.920661,0.400505,0.015602,0.205677,0.347316,0.487988,0.237401,0.958929,0.140023,0.236263,0.036679,1.01448,154.547864,129036.80626,misalignment
1208,0.0792,238.776929,0.79813,0.914644,0.416898,0.013725,0.19145,0.347625,0.427928,0.226535,1.150028,0.501675,0.354339,0.039816,1.103016,144.86275,138746.570564,misalignment
1209,0.0898,238.417919,0.769517,0.915735,0.414363,0.024943,0.171558,0.343183,0.434084,0.223252,0.985801,0.422287,0.291717,0.037383,1.38563,148.659775,129464.464391,misalignment
1210,0.101,238.840004,0.78758,0.914865,0.416957,0.018227,0.175077,0.327047,0.433919,0.247829,1.012356,0.381137,0.320203,0.03934,1.361651,164.394932,109542.997654,misalignment
1211,0.1069,238.23329,0.774114,0.902225,0.443326,0.026022,0.208984,0.382707,0.387458,0.248465,0.993141,0.183851,0.391817,0.035123,1.359987,147.233558,119513.560412,misalignment
1212,0.1109,238.56348,0.739828,0.903018,0.443777,0.027035,0.17887,0.373198,0.451122,0.235899,0.984902,0.814704,0.323967,0.030943,1.235968,150.358931,149409.363531,misalignment
1213,0.1262,238.462876,0.788802,0.913088,0.418404,0.017497,0.21906,0.341254,0.397898,0.232402,1.018384,-0.000189,0.388322,0.031162,1.426453,155.97731,149124.460885,misalignment
1214,0.1365,238.104953,0.75411,0.916671,0.411968,0.027597,0.230843,0.370339,0.455375,0.254058,1.086098,-0.389082,0.199309,0.042799,1.257017,151.936723,138924.259979,misalignment
1215,0.1413,238.631642,0.786564,0.913591,0.419858,0.021107,0.197357,0.30133,0.413829,0.211987,0.935331,0.037666,0.134091,0.023285,1.15584,146.644637,148349.075732,misalignment
1216,0.1492,238.115213,0.749294,0.909816,0.427545,0.022142,0.167031,0.297262,0.361555,0.216897,0.863053,0.123066,0.334793,0.035091,0.928676,143.309215,104169.402054,misalignment
1217,0.1517,238.441667,0.765607,0.913558,0.417754,0.00249,0.20136,0.350167,0.487245,0.238675,1.265984,0.539711,0.404216,0.033616,1.383084,149.90911,154991.774042,misalignment
1218,0.1606,238.720855,0.771328,0.913037,0.421022,0.012233,0.179935,0.300124,0.427275,0.251053,1.003796,-0.031514,0.353326,0.039127,1.057619,155.922174,123619.167139,misalignment
1219,0.1687,238.393993,0.804034,0.919674,0.403347,0.012666,0.195135,0.290666,0.354542,0.24441,1.080622,0.261661,0.312256,0.032685,1.366348,161.888102,137247.143171,misalignment
1220,0.1722,238.319253,0.76933,0.919338,0.406541,0.017451,0.172887,0.316175,0.334103,0.173489,0.968629,-0.312013,0.251482,0.035225,1.296987,136.811813,145723.949766,misalignment
1221,0.1806,238.660071,0.758501,0.91168,0.426103,0.020915,0.167156,0.341934,0.433577,0.229544,0.977536,0.428536,0.319023,0.041817,1.154234,165.865059,143507.450221,misalignment
1222,0.192,238.450096,0.787287,0.9147,0.417531,0.021242,0.164427,0.297597,0.407075,0.232816,0.989838,0.128811,0.328302,0.028713,1.300982,147.404319,133577.234465,misalignment
1223,0.2079,238.418988,0.775661,0.916657,0.411511,0.022286,0.172075,0.322778,0.408562,0.236839,0.954719,0.034682,0.348878,0.031063,1.106885,158.32344,141743.469801,misalignment
1224,0.2203,238.754998,0.795811,0.917548,0.411666,0.01452,0.21476,0.362669,0.453584,0.24422,1.086343,0.786902,0.655313,0.032987,1.362591,143.362183,129454.086273,misalignment
1225,0.2296,238.266544,0.759762,0.924916,0.390344,0.025531,0.182543,0.321853,0.446659,0.238703,1.000446,0.440875,0.180267,0.029982,1.213516,135.502445,155839.382714,misalignment
1226,0.243,238.408079,0.784217,0.914831,0.414988,0.034474,0.198816,0.354178,0.463184,0.253253,1.078473,-0.197343,0.733753,0.034053,1.456401,138.183484,130806.440927,misalignment
1227,0.2489,238.673289,0.829391,0.922012,0.396537,0.017173,0.194256,0.342533,0.394206,0.245867,0.935426,0.084746,0.133875,0.030431,1.338489,147.021389,132959.404343,misalignment
1228,0.0119,238.253611,0.775214,0.90804,0.431161,0.014691,0.219081,0.370076,0.479011,0.229033,1.061519,0.987967,0.362561,0.031455,1.57617,154.716838,145193.298198,misalignment
1229,0.0134,238.855069,0.783735,0.911174,0.424662,0.014517,0.184776,0.34378,0.392525,0.218139,0.988113,0.693203,0.141698,0.031775,1.258748,150.280732,139208.073093,misalignment
1230,0.0161,238.456631,0.746779,0.902185,0.446682,0.020684,0.162561,0.305402,0.356459,0.232287,0.872512,0.348743,0.309828,0.030064,0.666366,147.747888,109598.144785,misalignment
1231,0.0272,238.674905,0.76294,0.915908,0.41091,0.015794,0.182609,0.360539,0.436639,0.246738,1.077553,-0.441783,0.433059,0.031278,1.272607,160.06221,141327.037901,misalignment
1232,0.0317,238.674487,0.789194,0.918885,0.404878,0.006157,0.213941,0.348032,0.420001,0.285292,1.03517,0.541776,0.313435,0.035437,1.598944,150.017872,171258.861949,misalignment
1233,0.0439,238.469542,0.773402,0.899668,0.452108,0.008346,0.196662,0.318594,0.37892,0.288974,0.982288,-0.068331,0.416851,0.038105,1.19634,152.518062,115602.975836,misalignment
1234,0.0553,238.404198,0.792289,0.91613,0.413445,0.028162,0.185784,0.407385,0.527317,0.253184,1.059019,0.551299,0.256401,0.031584,1.156262,177.999246,153396.580151,misalignment
1235,0.0578,238.491407,0.788499,0.918625,0.40617,0.030254,0.198225,0.322516,0.36466,0.199721,0.938118,-0.092141,0.032357,0.039413,1.274434,149.927653,114874.467198,misalignment
1236,0.0653,238.642537,0.753639,0.918283,0.40744,0.032799,0.191787,0.361501,0.453635,0.247567,1.067572,0.276586,0.391573,0.033128,1.443124,143.737394,156953.035258,misalignment
1237,0.0763,238.302715,0.800306,0.907825,0.430871,0.02181,0.223656,0.371979,0.496018,0.29548,1.14267,-0.078989,0.324506,0.039549,1.379649,154.328638,149367.287177,misalignment
1238,0.0889,238.259348,0.755146,0.919639,0.402269,0.012073,0.191489,0.339353,0.419608,0.265483,1.124727,0.011039,0.237999,0.039217,1.269275,156.606801,140950.897188,misalignment
1239,0.1031,238.796841,0.764702,0.915056,0.415059,0.016496,0.185833,0.346734,0.432535,0.281091,0.9998,0.302759,0.244383,0.039721,1.157824,152.708851,118918.080361,misalignment
1240,0.1097,238.353029,0.78459,0.918546,0.407175,0.008069,0.185916,0.337393,0.426319,0.237235,1.036394,-0.274036,0.351361,0.035592,1.36217,151.412212,156898.034871,misalignment
1241,0.1241,238.570817,0.81134,0.914245,0.417503,0.007761,0.202839,0.374941,0.448603,0.281024,1.150667,0.906162,0.206367,0.035651,1.477267,163.340079,159255.967171,misalignment
1242,0.1311,238.459559,0.759922,0.917286,0.408312,0.022042,0.202408,0.345783,0.449638,0.233498,1.04477,-0.19239,0.354357,0.031964,1.178681,162.215225,146439.882028,misalignment
1243,0.1327,238.468427,0.782954,0.921655,0.398116,0.024312,0.219159,0.419775,0.475704,0.231029,1.203071,-0.228964,0.491964,0.037533,1.521661,148.94609,175621.932679,misalignment
1244,0.1437,238.786078,0.78312,0.913776,0.42058,0.035667,0.178532,0.359616,0.481603,0.244569,1.043692,0.312334,0.574117,0.042317,1.226419,144.208549,125607.896177,misalignment
1245,0.1489,238.482966,0.793147,0.916705,0.411859,0.019335,0.167642,0.331829,0.410906,0.204372,0.968719,0.488849,0.469798,0.030689,1.436554,153.862826,124067.165087,misalignment
1246,0.1524,238.428635,0.803681,0.922499,0.396048,0.009137,0.165621,0.332064,0.37939,0.241664,0.961799,0.022136,0.313445,0.033707,1.364433,144.1569,135845.480588,misalignment
1247,0.1579,238.446057,0.771918,0.914201,0.415727,0.019025,0.184641,0.320381,0.432339,0.203555,1.002677,-0.202135,0.334317,0.029993,1.289288,157.966455,116022.164569,misalignment
1248,0.1722,238.399308,0.800237,0.908248,0.430649,0.01774,0.164793,0.289378,0.323666,0.18602,0.838242,-0.138326,0.226819,0.023822,1.099051,153.816506,93972.413108,misalignment
1249,0.1879,238.365982,0.806606,0.919056,0.405127,0.01607,0.174247,0.346304,0.411774,0.236234,0.982399,-0.183949,0.234873,0.032814,1.39253,174.030279,123182.441272,misalignment
1250,0.2043,238.400111,0.815679,0.923609,0.393819,0.02275,0.194823,0.322987,0.398015,0.238754,0.980903,0.207037,0.405808,0.031469,1.228604,163.259672,118954.697256,misalignment
1251,0.2105,238.832642,0.790038,0.922733,0.396533,0.010284,0.192214,0.364116,0.403251,0.243655,1.11615,0.10033,0.262506,0.033645,1.431113,140.291336,137871.558404,misalignment
1252,0.219,238.642298,0.783149,0.91929,0.405106,0.021046,0.216043,0.402632,0.460062,0.31463,1.118642,0.274102,0.373617,0.033365,1.708783,145.330902,169062.414051,misalignment
1253,0.233,238.430961,0.770508,0.900935,0.448322,0.025213,0.191034,0.356389,0.49489,0.272442,1.13424,0.230165,0.175257,0.033855,1.236977,132.774447,151112.269249,misalignment
1254,0.2394,238.696331,0.75082,0.911185,0.423878,0.031358,0.177517,0.288621,0.35814,0.189398,0.831326,0.326768,0.439834,0.034967,1.330504,130.760279,143797.967302,misalignment
1255,0.2469,238.182561,0.774441,0.911492,0.426969,0.022483,0.159653,0.3311,0.376341,0.254641,0.944197,-0.002829,0.248467,0.028102,1.39467,151.024442,129447.492106,misalignment
1256,0.2521,238.775136,0.782247,0.915269,0.413786,0.028345,0.213863,0.32077,0.410665,0.28028,1.05325,-0.102947,0.446045,0.038303,1.362076,139.268547,145098.64723,misalignment
1257,0.2624,238.759031,0.77781,0.92513,0.387482,0.016449,0.202935,0.343126,0.43726,0.239307,0.989439,0.167756,0.209277,0.020395,1.247524,164.770672,140693.213438,misalignment
1258,0.2741,238.947267,0.791954,0.908517,0.428618,0.017566,0.214432,0.397019,0.455427,0.272098,1.100397,0.112745,0.214329,0.035209,1.501999,160.421239,162677.657555,misalignment
1259,0.2806,238.70231,0.750917,0.928453,0.38004,0.030783,0.218789,0.371447,0.41942,0.257419,1.081895,0.2063,0.490459,0.02897,1.365618,147.55655,156330.009458,misalignment
1260,0.2825,238.587447,0.776361,0.912706,0.422348,0.009027,0.200268,0.38502,0.450279,0.244958,1.116645,-0.098332,0.226607,0.041475,1.285744,147.045188,163326.941939,misalignment
1261,0.2954,238.758228,0.819895,0.910399,0.425686,0.016775,0.190128,0.331266,0.411505,0.224918,1.045839,0.308853,0.095334,0.036925,1.351937,163.368357,150423.02489,misalignment
1262,0.3064,238.374838,0.799912,0.920071,0.40475,0.029028,0.20021,0.360042,0.444419,0.28749,1.057417,-0.247702,0.171901,0.032852,1.271015,165.431466,159581.241429,misalignment
1263,0.3113,238.420917,0.792324,0.920546,0.40131,0.018311,0.18798,0.286128,0.363158,0.231546,0.939179,-0.011501,0.396356,0.03272,1.159426,141.606619,151108.08049,misalignment
1264,0.3177,238.487151,0.787814,0.9189,0.407179,0.017715,0.196231,0.361424,0.440806,0.247507,1.039008,0.483306,0.414042,0.041441,1.355146,140.449352,151219.495099,misalignment
1265,0.334,238.773776,0.772691,0.910383,0.42545,0.017877,0.185091,0.341622,0.396422,0.216058,0.961504,-0.215913,0.198593,0.038661,1.079492,147.29018,128274.960494,misalignment
1266,0.0107,238.328824,0.744919,0.918012,0.406645,0.020937,0.17614,0.314313,0.353096,0.197036,0.971779,0.399148,0.204869,0.028438,1.241595,153.880725,117509.843124,misalignment
1267,0.0221,238.307588,0.789143,0.908799,0.430537,0.028689,0.211595,0.330951,0.448228,0.248113,1.075393,-0.312717,0.39658,0.026778,1.329729,145.376955,145162.56319,misalignment
1268,0.0384,238.547308,0.731031,0.910217,0.427714,0.027394,0.201389,0.399169,0.533744,0.285096,1.091346,-0.38295,0.496706,0.034207,1.627183,154.069927,140481.597394,misalignment
1269,0.0452,238.643506,0.773489,0.914431,0.416429,0.020092,0.192857,0.311401,0.446291,0.214992,1.043363,-0.32065,0.286283,0.035959,1.223462,167.552688,126858.913185,misalignment
1270,0.0511,238.359384,0.779927,0.91008,0.427757,0.028739,0.20197,0.380326,0.530766,0.288039,1.107771,0.168369,0.394623,0.046646,1.405604,137.345719,141545.204805,misalignment
1271,0.0584,238.634084,0.771056,0.921316,0.400226,0.022734,0.139026,0.28472,0.34733,0.212145,0.886852,0.30679,0.385181,0.029279,1.001132,145.988917,126268.905422,misalignment
1272,0.0723,238.77368,0.823428,0.911531,0.421674,0.026873,0.162832,0.314958,0.430028,0.219878,0.871725,0.473237,0.551432,0.028317,1.180998,137.517073,131549.411136,misalignment
1273,0.0757,238.740092,0.816487,0.913677,0.418043,0.011773,0.197786,0.337702,0.421888,0.257699,0.974081,0.479878,0.148875,0.043198,1.290995,142.470737,113591.857957,misalignment
1274,0.0804,238.570659,0.800656,0.909719,0.427412,0.033908,0.184218,0.342119,0.437133,0.249749,0.9974,0.370909,0.209882,0.034614,1.365288,147.347912,126690.294472,misalignment
1275,0.0854,238.48188,0.761493,0.921226,0.398872,0.021762,0.17344,0.355042,0.411315,0.199101,0.972566,-0.124656,0.227824,0.027274,1.240001,143.4551,158080.749919,misalignment
1276,0.0968,238.847125,0.818428,0.911003,0.425696,0.002,0.192698,0.350797,0.414194,0.220886,1.008089,-0.133139,0.409752,0.033888,1.607051,154.679798,150314.11056,misalignment
1277,0.1082,238.503081,0.792379,0.921852,0.397206,0.033276,0.182234,0.315242,0.423824,0.225261,0.968416,0.345722,0.261539,0.036562,1.308897,151.358607,140440.497915,misalignment
1278,0.1155,238.688071,0.76116,0.921411,0.396092,0.02004,0.192006,0.338535,0.422486,0.240227,1.023219,0.535361,0.335666,0.032742,1.124509,152.691172,126679.938164,misalignment
1279,0.1213,238.891656,0.780654,0.912324,0.421516,0.016836,0.174892,0.382586,0.376309,0.272637,1.026653,-0.192285,0.319338,0.037935,1.17895,147.23972,147140.316544,misalignment
1280,0.1345,238.667054,0.799171,0.915178,0.41325,0.015155,0.178625,0.333657,0.393847,0.228485,0.982704,0.489046,0.292099,0.025764,1.305448,148.068528,132320.448059,misalignment
1281,0.1365,238.300582,0.768022,0.912158,0.423022,0.023516,0.18988,0.354139,0.44261,0.272038,0.984423,-0.45339,0.312627,0.027975,1.146408,146.843785,127658.147582,misalignment
1282,0.1494,238.252195,0.782811,0.918274,0.408305,0.012893,0.163803,0.293757,0.406633,0.213472,0.963073,0.228343,0.422535,0.029305,1.316142,147.76208,125856.90989,misalignment
1283,0.1542,238.440474,0.78633,0.913833,0.414909,0.015385,0.155126,0.314171,0.393575,0.206101,0.870189,0.082768,0.165229,0.029592,1.300005,153.771084,119899.50347,misalignment
1284,0.1697,238.6419,0.757983,0.912495,0.420293,0.015577,0.197232,0.355948,0.423118,0.248549,1.052811,0.061233,0.289148,0.037413,1.508189,132.688584,127712.038702,misalignment
1285,0.1776,238.588957,0.774598,0.915277,0.415131,0.017662,0.216061,0.37421,0.485068,0.256445,1.146721,0.141515,0.151405,0.041192,1.355924,152.591472,140597.356016,misalignment
1286,0.189,238.941416,0.759491,0.905507,0.436111,0.015878,0.206326,0.368555,0.452879,0.283628,1.090655,-0.144134,0.343195,0.04676,1.539721,142.181425,149130.643382,misalignment
1287,0.1924,238.587011,0.797373,0.914545,0.417589,0.026823,0.188366,0.350978,0.425042,0.190972,1.017652,0.25852,0.278201,0.031948,1.379661,146.950281,131843.246837,misalignment
1288,0.1979,238.434512,0.761839,0.918898,0.407093,0.022168,0.173081,0.311311,0.378067,0.217611,0.931243,0.133197,0.427588,0.030999,1.148179,135.946204,128602.027531,misalignment
1289,0.2102,238.273332,0.785836,0.915828,0.412987,0.023144,0.180897,0.335588,0.437805,0.257455,0.996604,0.394135,0.295917,0.030377,1.247844,146.771955,114307.370506,misalignment
1290,0.2202,238.736087,0.752197,0.92071,0.39974,0.024885,0.209649,0.365628,0.46588,0.254048,1.088724,0.63203,0.252338,0.041193,1.475909,152.500956,163057.202216,misalignment
1291,0.2337,238.498788,0.757331,0.912736,0.417398,0.019255,0.170257,0.290587,0.350678,0.217653,0.854823,0.137277,0.242246,0.03233,0.968526,154.113759,143574.060391,misalignment
1292,0.2439,238.198772,0.756362,0.912244,0.423288,0.011838,0.157834,0.334216,0.469318,0.276979,0.960463,-0.123049,0.516374,0.031221,1.304481,139.323016,150315.02388,misalignment
1293,0.2542,238.504452,0.774208,0.908296,0.434607,0.034441,0.208635,0.366735,0.45888,0.255703,1.096734,-0.230392,0.098665,0.04426,1.578732,153.679548,164049.584033,misalignment
1294,0.269,238.300852,0.783608,0.912566,0.423975,0.02742,0.171364,0.326668,0.417769,0.241524,0.889962,0.58878,0.208241,0.028068,1.316587,160.257985,136016.974692,misalignment
1295,0.2771,238.414872,0.787295,0.926795,0.384716,0.032903,0.202744,0.361505,0.442414,0.296512,1.001443,0.605057,0.309798,0.039271,1.35551,145.55679,148460.15056,misalignment
1296,0.2925,238.501238,0.744555,0.916653,0.409532,0.028276,0.209957,0.350145,0.422072,0.25528,1.111175,0.394329,0.220516,0.040844,1.371987,150.008218,145433.600442,misalignment
1297,0.2998,238.318964,0.776627,0.911487,0.425168,0.016317,0.158833,0.262878,0.33936,0.211116,0.867258,0.126514,0.341972,0.024598,1.073421,131.383081,110908.1042,misalignment
1298,0.0066,238.402475,0.764989,0.908963,0.429816,0.002,0.202654,0.351613,0.430164,0.259719,1.025414,0.366323,0.293673,0.036547,1.23766,141.926693,150634.935488,misalignment
1299,0.0202,238.351176,0.790684,0.905409,0.439172,0.010167,0.165566,0.306791,0.319349,0.251829,0.954473,0.493525,0.324943,0.02142,1.020578,152.434682,141914.531286,misalignment
1300,0.0219,238.356542,0.774647,0.910018,0.427924,0.025092,0.197856,0.349766,0.442155,0.247213,1.116093,-0.066903,0.320523,0.038429,1.37843,158.599207,138178.170962,misalignment
1301,0.026,238.298396,0.778383,0.919555,0.403989,0.019186,0.197271,0.364897,0.451967,0.243183,1.094073,0.133737,0.294182,0.031415,1.465208,144.6065,154865.690443,misalignment
1302,0.0286,238.403447,0.765101,0.912438,0.423137,0.016641,0.196619,0.374846,0.426877,0.282008,1.000096,-0.216582,0.134286,0.037355,1.331572,174.024475,134752.881854,misalignment
1303,0.0381,238.32106,0.814493,0.909251,0.430914,0.002,0.179235,0.375136,0.419668,0.235981,1.114323,0.081612,0.323828,0.037217,1.184724,152.825007,131989.458871,misalignment
1304,0.0493,238.617317,0.754328,0.909911,0.426943,0.019895,0.199633,0.331275,0.392171,0.269421,1.085723,0.592685,0.07157,0.039266,1.339301,138.539788,154086.833138,misalignment
1305,0.051,238.54016,0.772005,0.918897,0.404137,0.011346,0.191159,0.284325,0.422052,0.222677,0.907766,0.413921,0.202395,0.034362,1.365536,161.584644,132855.455074,misalignment
1306,0.055,238.738943,0.782152,0.914512,0.412747,0.014205,0.17787,0.345026,0.408849,0.275949,0.973913,0.160226,0.363149,0.03414,1.422519,138.723512,136408.359306,misalignment
1307,0.0612,238.877341,0.774973,0.911237,0.424,0.026801,0.180169,0.322699,0.364075,0.207727,0.961401,-0.6,0.439936,0.030312,1.213039,152.955843,126212.06147,misalignment
1308,0.0672,238.635465,0.764721,0.91315,0.418211,0.011767,0.21595,0.346424,0.471,0.242786,1.102954,-0.081118,0.62991,0.036508,1.69392,141.63683,154000.052529,misalignment
1309,0.0702,238.589917,0.743766,0.928235,0.381785,0.01253,0.196824,0.358285,0.446279,0.270208,1.015643,0.156442,0.250915,0.031394,1.748877,137.78309,121956.659665,misalignment
1310,0.0744,238.648067,0.76617,0.922318,0.396257,0.021485,0.216667,0.369263,0.432111,0.230457,1.070367,0.057313,0.19257,0.035004,1.303542,158.65937,137011.723271,misalignment
1311,0.089,238.593318,0.760812,0.923812,0.392535,0.026979,0.210889,0.364464,0.463652,0.275232,1.188328,0.142048,0.392303,0.037498,1.443779,147.662007,141479.577842,misalignment
1312,0.1014,238.51004,0.813584,0.904487,0.441838,0.016778,0.183589,0.313122,0.408744,0.264633,0.99118,0.1892,0.53588,0.02995,1.362749,165.531048,136470.195341,misalignment
1313,0.1075,238.494135,0.825294,0.914093,0.418126,0.031738,0.169737,0.313472,0.441928,0.193762,0.967631,-0.038863,0.48817,0.025542,1.115087,140.838598,149091.776105,misalignment
1314,0.1131,238.295666,0.778984,0.911131,0.4246,0.009771,0.186144,0.326561,0.422205,0.241254,0.977793,0.115399,0.163083,0.02793,1.382104,135.963234,142719.871651,misalignment
1315,0.1158,238.667784,0.751905,0.918263,0.409655,0.008368,0.165682,0.308911,0.365133,0.233472,0.863034,0.068285,0.263059,0.017041,1.147573,145.683011,114893.980679,misalignment
1316,0.1227,238.493741,0.794761,0.921359,0.400342,0.007686,0.174472,0.292682,0.394381,0.210229,0.955855,-0.08305,0.384715,0.028624,1.193577,176.014579,113043.513234,misalignment
1317,0.1304,238.789904,0.760378,0.916959,0.409783,0.006783,0.191806,0.35789,0.441695,0.233383,1.046209,0.69717,0.42986,0.037131,1.284033,157.50524,136402.224126,misalignment
1318,0.1459,238.683027,0.769017,0.909765,0.427521,0.022692,0.16061,0.342483,0.38517,0.207961,0.915864,-0.021114,0.355284,0.019475,1.044627,154.985037,152369.070263,misalignment
1319,0.1589,238.37481,0.767423,0.911034,0.426194,0.012178,0.179211,0.293549,0.388417,0.202591,0.890702,-0.52233,0.231038,0.032023,0.910244,155.282453,128913.851423,misalignment
1320,0.1678,238.749338,0.76999,0.918723,0.406265,0.008718,0.20522,0.325479,0.434276,0.23943,1.000228,0.651244,0.374253,0.033233,1.49729,145.636409,141657.25054,misalignment
1321,0.1714,237.987852,0.772906,0.91932,0.402765,0.023038,0.191282,0.340993,0.392825,0.226551,1.004658,-0.130777,0.413819,0.028172,1.388931,174.564152,105827.236087,misalignment
1322,0.1831,238.886045,0.75373,0.915846,0.414529,0.026592,0.225631,0.381875,0.415578,0.246739,1.065522,0.409114,0.185064,0.034684,1.486378,154.122769,133386.166226,misalignment
1323,0.1991,238.232311,0.76596,0.915779,0.41524,0.028407,0.197583,0.349111,0.449237,0.250484,1.003774,-0.084551,0.474073,0.038368,1.355054,153.278847,140058.69027,misalignment
1324,0.2018,238.599022,0.800399,0.915301,0.416314,0.027002,0.184095,0.350843,0.438319,0.256252,0.951354,0.277653,0.415028,0.027931,0.894367,158.863767,124082.881819,misalignment
1325,0.2165,238.585483,0.779329,0.916615,0.413582,0.012655,0.21292,0.372143,0.41989,0.265212,1.107679,0.111234,0.211308,0.036958,1.295896,138.540811,152745.102832,misalignment
1326,0.2208,238.724743,0.782506,0.919296,0.407613,0.022209,0.218936,0.324253,0.449866,0.280866,1.073724,0.437098,0.432315,0.037369,1.339943,142.085878,149840.767704,misalignment
1327,0.2331,238.434261,0.735355,0.918781,0.40841,0.023975,0.183404,0.303367,0.359125,0.244486,1.036855,0.051394,0.382122,0.026873,1.001869,147.790375,132603.316957,misalignment
1328,0.2375,238.070896,0.798956,0.915142,0.415449,0.016201,0.180816,0.336584,0.454978,0.233111,1.101786,-0.077675,0.414773,0.038719,1.089143,158.921954,116657.12344,misalignment
1329,0.2483,238.434542,0.76629,0.914706,0.415705,0.021318,0.188738,0.345459,0.403373,0.231768,0.937602,0.189144,0.490223,0.03367,1.088801,138.317523,116517.939791,misalignment
1330,0.0099,238.456168,0.802479,0.914476,0.41384,0.009987,0.181914,0.337196,0.494912,0.217265,1.011249,0.005032,0.289648,0.030976,1.22977,149.39381,130301.324129,misalignment
1331,0.0207,238.090162,0.783085,0.910318,0.426761,0.014979,0.216088,0.362236,0.473773,0.246251,1.105581,-0.505767,0.367861,0.048538,1.501345,148.120354,151874.91929,misalignment
1332,0.0318,238.509074,0.768759,0.910242,0.427707,0.022974,0.170614,0.367686,0.470294,0.249501,1.010657,-0.06087,-0.043248,0.038388,1.439977,135.830528,137047.953349,misalignment
1333,0.0439,238.28483,0.746444,0.918264,0.407189,0.03206,0.168211,0.350992,0.46173,0.21478,0.951933,0.968653,0.441167,0.026664,1.566221,145.419615,139089.952827,misalignment
1334,0.0464,238.629817,0.823497,0.910723,0.422933,0.029212,0.186918,0.33647,0.438862,0.251317,1.046227,-0.428438,0.434014,0.032674,1.404842,154.880269,130522.391203,misalignment
1335,0.0588,238.450784,0.796065,0.919884,0.402583,0.025287,0.185713,0.362367,0.450487,0.225668,1.064667,0.201634,0.492658,0.046245,1.366344,136.650573,152483.27266,misalignment
1336,0.0627,238.892219,0.797261,0.914692,0.417019,0.020638,0.175211,0.345976,0.399271,0.229949,0.921704,0.045263,0.173157,0.028163,1.479079,162.702011,139757.813308,misalignment
1337,0.0747,238.448764,0.816377,0.919918,0.401387,0.019398,0.190503,0.290074,0.40247,0.198393,1.011216,0.650852,0.415942,0.032821,1.023321,154.212408,134965.587296,misalignment
1338,0.0782,238.586078,0.784482,0.918822,0.40596,0.008419,0.19301,0.365879,0.476063,0.266085,1.027722,-0.221095,0.443651,0.04071,1.077256,153.11406,157444.909242,misalignment
1339,0.0871,238.457386,0.807048,0.920058,0.403216,0.013316,0.167952,0.318436,0.34287,0.203018,0.930309,0.137375,0.201895,0.032485,1.018154,150.073693,92595.260575,misalignment
1340,0.0946,238.175346,0.770428,0.912142,0.423994,0.013577,0.19222,0.365352,0.44846,0.249227,1.098663,0.343731,0.454275,0.039881,1.516747,140.169102,142892.15528,misalignment
1341,0.1111,238.459057,0.794752,0.917453,0.411734,0.024598,0.169186,0.308001,0.3576,0.231711,0.882475,0.060138,0.336274,0.032584,1.15666,144.152728,134514.619695,misalignment
1342,0.1224,238.650683,0.767398,0.919427,0.403608,0.02756,0.192362,0.335172,0.359956,0.22885,1.041308,-0.108744,0.078475,0.033433,1.116475,153.256692,125146.468722,misalignment
1343,0.1252,238.620398,0.769923,0.905692,0.438063,0.025893,0.148623,0.282399,0.392047,0.211519,0.860522,0.102987,0.351115,0.026482,1.031928,144.135103,108092.244985,misalignment
1344,0.1376,238.441346,0.78194,0.92521,0.38953,0.029461,0.164922,0.296707,0.416398,0.215748,0.885208,0.025524,0.191615,0.032866,1.016342,151.698742,126402.226728,misalignment
1345,0.1421,238.208649,0.754652,0.928596,0.38116,0.020578,0.194518,0.388111,0.444575,0.275063,1.07511,0.028193,0.086287,0.035919,1.261146,141.910068,154291.402386,misalignment
1346,0.148,238.628892,0.786588,0.920684,0.401774,0.012137,0.211986,0.356967,0.485998,0.280912,1.22197,0.422281,0.361885,0.034916,1.625772,154.062869,144212.171173,misalignment
1347,0.1554,238.583897,0.773761,0.919835,0.405273,0.019601,0.209468,0.343874,0.411175,0.278818,1.072622,0.256209,0.304636,0.043061,1.399657,154.734725,178704.84344,misalignment
1348,0.1689,238.668682,0.740249,0.918533,0.402947,0.014201,0.167379,0.302791,0.372033,0.202846,0.886253,0.261937,0.453669,0.028535,1.397047,135.350802,127782.201778,misalignment
1349,0.1851,238.445178,0.770847,0.913059,0.420699,0.025263,0.172485,0.302176,0.380897,0.244001,1.020888,0.206025,0.309719,0.037966,1.066088,150.605777,115587.810693,misalignment
1350,0.2009,238.163125,0.773099,0.914339,0.417655,0.017127,0.19904,0.327661,0.434052,0.228199,1.022253,0.415698,0.406625,0.035952,1.404104,136.304989,123653.46864,misalignment
1351,0.205,238.606752,0.797057,0.920786,0.400352,0.019212,0.204987,0.360748,0.446511,0.238884,1.095723,0.531587,0.376476,0.035309,1.406185,133.250631,153689.627478,misalignment
1352,0.2075,238.498171,0.785704,0.909161,0.426136,0.025549,0.1719,0.332064,0.390825,0.222093,1.050454,0.032449,0.418657,0.024555,1.340006,144.65497,118073.344332,misalignment
1353,0.2218,238.778337,0.808949,0.908636,0.4307,0.014071,0.173573,0.324616,0.388915,0.249821,0.988262,0.353896,0.180438,0.040905,1.275429,175.172258,163652.750749,misalignment
1354,0.2278,238.505747,0.790402,0.912616,0.420092,0.027712,0.172096,0.290035,0.378726,0.194875,0.925029,-0.251582,0.310716,0.030899,1.320252,156.978492,133320.105623,misalignment
1355,0.2383,238.490907,0.768921,0.918938,0.407935,0.009219,0.212929,0.393777,0.516614,0.289668,1.179642,-0.6,0.299808,0.029427,1.550045,162.528936,166411.954854,misalignment
1356,0.255,238.583451,0.778833,0.909804,0.428547,0.022452,0.207509,0.345714,0.38668,0.229786,0.923512,0.650053,0.377594,0.036659,1.097827,155.475749,138162.11541,misalignment
1357,0.2594,238.380614,0.773039,0.913648,0.417435,0.019273,0.185869,0.380686,0.488712,0.231926,0.998379,0.020027,0.333673,0.033884,1.405834,151.84899,156052.445903,misalignment
1358,0.2667,238.370973,0.789759,0.91436,0.413793,0.026619,0.194747,0.368228,0.403756,0.263562,1.090334,0.196658,0.220911,0.030502,1.294265,158.058525,107401.937823,misalignment
1359,0.2816,238.480421,0.781196,0.908929,0.430975,0.009005,0.212397,0.351976,0.464351,0.245174,1.069479,-0.262697,0.267153,0.040732,1.306244,144.243858,135537.168603,misalignment
1360,0.2932,238.315919,0.767429,0.900361,0.451241,0.007754,0.192329,0.329538,0.405133,0.267426,0.883271,-0.247295,0.494323,0.021214,1.2981,154.234632,143810.306574,misalignment
1361,0.3092,238.454181,0.780172,0.908841,0.429976,0.026,0.198023,0.376394,0.450501,0.258898,1.106909,-0.099942,0.083377,0.034321,1.550517,160.59388,174092.640109,misalignment
1362,0.3205,238.887912,0.789224,0.916565,0.412297,0.016873,0.186639,0.284481,0.418506,0.218445,0.944861,0.290105,0.371615,0.029324,1.099314,156.294795,108384.379619,misalignment
1363,0.3267,238.708527,0.759872,0.917917,0.407476,0.019274,0.20595,0.376816,0.475525,0.29324,1.088905,-0.037215,0.482423,0.04058,1.372156,161.18502,127595.230563,misalignment
1364,0.3407,238.561608,0.78634,0.917966,0.409475,0.014722,0.193944,0.32788,0.356219,0.210585,0.912442,0.017372,0.348553,0.038295,0.927412,151.643401,123133.949665,misalignment
1365,0.354,238.810335,0.748426,0.918657,0.407617,0.027302,0.192762,0.358682,0.457625,0.26177,1.015744,-0.102747,0.5539,0.032737,1.036464,165.228726,145624.750562,misalignment
1366,0.3699,238.335021,0.802111,0.911242,0.422049,0.022394,0.199959,0.36597,0.44415,0.232145,1.359412,0.511704,0.448607,0.040261,1.435122,148.125914,160268.250164,misalignment
1367,0.3788,238.998088,0.790544,0.909956,0.425525,0.021925,0.198232,0.359212,0.426463,0.244535,1.107809,0.395297,0.359563,0.04689,1.483402,169.059232,146974.461349,misalignment
1368,0.3881,238.407899,0.812586,0.91725,0.412722,0.010643,0.212438,0.360308,0.451031,0.256023,1.05575,-0.025837,0.243324,0.035165,1.263552,155.162467,118791.942952,misalignment
1369,0.0065,238.900761,0.757668,0.913729,0.419825,0.024012,0.175043,0.280345,0.408817,0.241499,0.882171,0.305891,0.337247,0.033021,1.390856,146.544484,123007.608467,misalignment
1370,0.0122,238.899881,0.802669,0.920442,0.399692,0.012062,0.178116,0.289496,0.404989,0.241286,0.931797,0.044501,0.377023,0.027052,1.19487,139.387828,128607.611631,misalignment
1371,0.0291,238.149354,0.798716,0.917288,0.407224,0.014732,0.219063,0.379351,0.461356,0.279333,1.080453,0.020124,0.3162,0.045493,1.411676,142.728081,147381.870374,misalignment
1372,0.0458,238.793418,0.776355,0.922703,0.396074,0.009077,0.19304,0.355866,0.428327,0.27029,1.134189,0.107851,0.20724,0.032433,1.30865,141.365745,118427.864326,misalignment
1373,0.0555,238.443218,0.772467,0.912207,0.420445,0.018748,0.201003,0.331116,0.483854,0.266593,1.043205,0.328411,0.148471,0.037496,1.530009,149.201527,158157.103033,misalignment
1374,0.0718,238.386406,0.758297,0.921405,0.39864,0.028516,0.179786,0.348991,0.429691,0.198553,1.005339,-0.14827,0.325058,0.035162,1.173427,138.534375,152947.165442,misalignment
1375,0.0788,238.604928,0.753084,0.927208,0.383837,0.021814,0.206464,0.351902,0.384367,0.263435,1.007981,0.266433,0.10634,0.033575,1.252646,161.634826,125719.583529,misalignment
1376,0.0935,238.298417,0.764975,0.915322,0.414353,0.016465,0.186982,0.356924,0.417863,0.237967,1.051008,0.906335,0.245911,0.034348,1.303101,150.996506,145983.007748,misalignment
1377,0.1048,238.600399,0.754884,0.917996,0.409489,0.020873,0.195976,0.348131,0.474118,0.251252,1.017549,0.177469,-0.016293,0.035671,1.248353,150.631347,135947.992405,misalignment
1378,0.1174,238.311841,0.811914,0.909417,0.431669,0.020829,0.193175,0.345662,0.392726,0.240357,1.010819,0.129469,0.405507,0.040567,1.287246,139.511519,131275.756258,misalignment
1379,0.1301,238.535416,0.749959,0.920364,0.401067,0.020529,0.168343,0.309442,0.380671,0.213798,0.877974,0.087113,0.423809,0.039278,1.137078,143.078661,131067.443365,misalignment
1380,0.1414,238.767073,0.782978,0.921774,0.396468,0.021419,0.189453,0.335911,0.492579,0.236194,1.090391,0.277381,0.321884,0.035894,1.54644,130.016694,157926.238257,misalignment
1381,0.1561,238.577304,0.788714,0.912033,0.423165,0.01168,0.184703,0.335677,0.451048,0.209675,1.084946,-0.372022,0.547479,0.033399,1.344254,164.560246,159975.092021,misalignment
1382,0.1637,238.428042,0.78715,0.918517,0.40893,0.020852,0.187055,0.316384,0.3769,0.208312,0.943456,0.608766,0.463494,0.029116,1.31465,137.24055,147964.87133,misalignment
1383,0.1784,238.608282,0.788906,0.916683,0.410493,0.005958,0.198566,0.356581,0.429152,0.279166,1.067078,0.441347,0.37908,0.047952,1.446828,137.922866,150802.345317,misalignment
1384,0.1827,238.218704,0.798928,0.917345,0.410713,0.024605,0.168842,0.373037,0.484289,0.215749,1.136524,-0.074353,0.288051,0.035179,1.521883,162.718561,182520.162095,misalignment
1385,0.1873,238.332228,0.771082,0.919872,0.401786,0.011178,0.198647,0.358585,0.397615,0.227452,1.139482,0.131368,0.257246,0.039177,1.28506,153.488082,164649.394407,misalignment
1386,0.1999,238.413946,0.781751,0.918113,0.407535,0.029421,0.192965,0.344067,0.433101,0.265332,1.076427,-0.049517,0.386091,0.039191,1.349985,151.086631,140685.671343,misalignment
1387,0.2131,238.65737,0.774129,0.914166,0.415608,0.002,0.207739,0.354331,0.453644,0.232291,1.06737,0.217564,0.289076,0.044652,1.473851,153.062416,149261.89716,misalignment
1388,0.2286,238.58116,0.806051,0.92,0.402733,0.033395,0.192044,0.368335,0.423301,0.234778,1.038476,0.140673,0.375606,0.033808,1.286302,158.585103,115487.767557,misalignment
1389,0.2343,238.607033,0.821997,0.921671,0.398256,0.006886,0.184136,0.323238,0.430878,0.238016,0.981317,0.186594,0.378035,0.029059,1.350162,150.898878,138269.45426,misalignment
1390,0.2367,238.494523,0.756121,0.911675,0.424367,0.010401,0.220779,0.409284,0.442618,0.283739,1.158975,-0.208969,0.290802,0.046833,1.833609,136.108187,185648.765203,misalignment
1391,0.246,238.34238,0.739378,0.914989,0.417982,0.022392,0.165184,0.344938,0.389032,0.204967,0.906291,-0.023449,0.429269,0.035617,1.086631,156.598709,170719.693391,misalignment
1392,0.2611,238.797623,0.791383,0.904388,0.44027,0.02495,0.191433,0.382181,0.465395,0.257142,1.027768,0.483024,0.278237,0.037854,1.592015,153.801095,146656.985144,misalignment
1393,0.0148,238.360441,0.801407,0.918502,0.403523,0.017733,0.185606,0.340966,0.437615,0.246367,0.991669,-0.039949,0.301757,0.039913,1.22237,160.54398,143749.130727,misalignment
1394,0.0239,238.583808,0.81914,0.922339,0.396403,0.027141,0.18318,0.374887,0.418105,0.223266,1.024361,-0.6,0.176039,0.03729,1.534565,138.75811,153567.161032,misalignment
1395,0.0388,238.477579,0.794758,0.913456,0.419547,0.013628,0.217314,0.364149,0.430792,0.267979,1.067441,0.079905,0.277578,0.043635,1.524322,143.435923,181530.191167,misalignment
1396,0.0436,238.612599,0.807916,0.915801,0.413602,0.016802,0.181575,0.376271,0.415942,0.219686,0.984402,0.828675,0.573284,0.034139,1.351642,153.5288,122748.680886,misalignment
1397,0.0594,238.378903,0.813201,0.913679,0.418315,0.017583,0.181755,0.360705,0.400848,0.254034,1.090292,0.387201,0.187302,0.039245,1.341456,141.499396,183917.749714,misalignment
1398,0.0697,238.710535,0.809296,0.912697,0.423193,0.015693,0.187328,0.367865,0.467451,0.25956,1.005663,-0.056063,0.360674,0.036828,1.292547,128.824417,138535.235127,misalignment
1399,0.0772,238.775656,0.797623,0.916393,0.412026,0.004527,0.181467,0.31604,0.403175,0.224162,0.909536,0.101025,0.234655,0.030955,1.132224,151.775975,116435.268119,misalignment
1400,0.0877,238.698265,0.754356,0.910295,0.426644,0.019803,0.20377,0.38321,0.441368,0.282424,1.119375,0.346451,0.012792,0.0366,1.431721,158.055069,149677.051931,misalignment
1401,0.1014,238.531525,0.779833,0.913588,0.417607,0.01908,0.205608,0.369127,0.412261,0.269471,1.052996,-0.422945,0.383121,0.034363,1.348216,148.839614,136630.833232,misalignment
1402,0.1066,238.412975,0.786001,0.909573,0.425922,0.028625,0.190283,0.311461,0.386407,0.249813,1.021589,-0.133471,0.223711,0.03388,1.281549,154.933216,141002.62045,misalignment
1403,0.1097,239.064422,0.778004,0.918534,0.406933,0.009712,0.235595,0.352766,0.410223,0.269251,1.053493,0.254117,0.356231,0.035179,1.217282,153.630308,129226.732378,misalignment
1404,0.1225,238.301675,0.779238,0.916435,0.412084,0.014885,0.19117,0.313704,0.406908,0.246052,0.913255,0.570201,0.414162,0.033482,1.216703,150.094458,132671.060452,misalignment
1405,0.1388,238.676246,0.811345,0.912413,0.420067,0.029628,0.169924,0.359109,0.394942,0.247146,0.994753,-0.011778,0.330115,0.035529,1.473762,151.223668,148971.501407,misalignment
1406,0.1502,238.566557,0.764863,0.915222,0.41467,0.022346,0.179153,0.295359,0.417568,0.198414,0.948411,0.575847,0.336744,0.033653,1.387528,162.142243,155952.368948,misalignment
1407,0.1539,238.487493,0.795981,0.913676,0.418343,0.024395,0.19822,0.353904,0.46137,0.238584,1.132033,-0.11073,0.192711,0.036934,1.381357,141.321745,157943.179504,misalignment
1408,0.1653,238.537033,0.786329,0.921863,0.396998,0.023627,0.18961,0.35053,0.432863,0.226565,0.934159,-0.6,0.384294,0.030431,1.608851,156.957403,154525.389124,misalignment
1409,0.1686,238.397957,0.762849,0.912354,0.420609,0.023663,0.190326,0.338452,0.45304,0.252818,1.053446,0.357589,0.283572,0.034935,1.298053,139.3721,140015.663492,misalignment
1410,0.1749,238.585411,0.758468,0.91881,0.406348,0.034568,0.192661,0.37874,0.473731,0.258568,1.186185,0.291446,0.041149,0.028934,1.34969,142.846978,152176.617184,misalignment
1411,0.1768,238.563365,0.745974,0.910769,0.425316,0.020732,0.169363,0.309493,0.448975,0.216656,0.940737,0.33366,0.401378,0.0325,1.057902,160.763256,104588.031627,misalignment
1412,0.1859,239.035531,0.789712,0.919885,0.402122,0.011909,0.210585,0.373271,0.489225,0.315305,1.151108,0.362159,0.478907,0.035034,1.433782,139.111517,158897.0056,misalignment
1413,0.1924,238.714164,0.778735,0.921224,0.398289,0.02511,0.171893,0.31708,0.404516,0.223642,0.942965,0.170048,0.477638,0.032372,1.47279,147.825679,137067.889877,misalignment
1414,0.1954,238.603177,0.763484,0.921507,0.398658,0.015468,0.164827,0.335397,0.355933,0.212793,0.92387,0.038954,0.548413,0.02731,1.102295,171.252124,130900.297833,misalignment
1415,0.2017,238.615112,0.742478,0.923826,0.394225,0.019121,0.188775,0.351766,0.419136,0.243022,1.09076,0.056347,0.414049,0.028126,1.175138,159.229956,127551.229931,misalignment
1416,0.2132,238.867908,0.788654,0.916755,0.411228,0.022961,0.169113,0.250343,0.386242,0.178664,0.859189,-0.015878,0.333792,0.037163,1.198541,143.365452,110464.308311,misalignment
1417,0.2192,238.305915,0.776525,0.922428,0.39612,0.013429,0.218342,0.355343,0.488297,0.266117,1.172517,-0.000127,0.467528,0.037132,1.509638,144.907573,153197.701443,misalignment
1418,0.2229,238.463453,0.765726,0.924745,0.390894,0.015918,0.174161,0.359543,0.444024,0.242505,1.065115,-0.42572,0.185441,0.040065,1.426873,148.468955,135132.592069,misalignment
1419,0.2329,238.118572,0.760719,0.908268,0.433718,0.023807,0.168622,0.276801,0.354332,0.210864,0.880986,-0.224419,0.077784,0.028011,1.110006,161.807498,134167.849015,misalignment
1420,0.246,238.611755,0.775228,0.911381,0.424906,0.015611,0.1568,0.335585,0.436849,0.254893,0.916254,0.06716,0.228782,0.038213,1.060362,140.985176,126341.613488,misalignment
1421,0.2604,238.669635,0.7894,0.906026,0.437389,0.027787,0.181269,0.296809,0.358236,0.206099,0.917689,-0.500672,0.434513,0.024948,1.104348,140.44048,123088.784283,misalignment
1422,0.2692,238.30088,0.7734,0.921367,0.400172,0.012111,0.215189,0.349834,0.40881,0.245633,1.047322,-0.492647,0.217311,0.035746,1.417498,156.420178,137433.614681,misalignment
1423,0.2817,238.787016,0.756229,0.905949,0.436944,0.012084,0.169162,0.309259,0.358205,0.230829,0.925961,0.018226,0.340857,0.026022,1.151875,134.869767,140046.103471,misalignment
1424,0.0144,238.356224,0.778838,0.904321,0.441286,0.035248,0.1874,0.33924,0.484006,0.246219,1.050837,0.083779,0.381976,0.045769,1.406531,141.800306,161572.675752,misalignment
1425,0.0263,238.431506,0.800911,0.908416,0.430584,0.007758,0.177395,0.33419,0.376426,0.244934,0.970388,0.025548,0.327684,0.032174,1.193144,149.234199,132269.185082,misalignment
1426,0.036,238.523913,0.780805,0.90457,0.4381,0.019786,0.17733,0.305595,0.381494,0.205292,1.002779,-0.578069,0.131337,0.036021,1.310076,149.695618,174584.170894,misalignment
1427,0.0384,238.818839,0.781368,0.916633,0.411736,0.034812,0.19646,0.378134,0.524069,0.224357,1.022951,0.602325,0.351501,0.037188,1.35255,137.718421,134973.985661,misalignment
1428,0.0444,238.32836,0.773487,0.908493,0.431653,0.019771,0.215923,0.338468,0.469181,0.254413,1.190927,-0.321644,0.251239,0.035594,1.266023,153.183664,161084.083686,misalignment
1429,0.0509,238.558249,0.762207,0.904858,0.439318,0.030774,0.218883,0.379066,0.436507,0.257367,1.219299,-0.133391,0.544744,0.039187,1.438757,154.983885,139518.982723,misalignment
1430,0.0585,238.654968,0.761542,0.914749,0.417464,0.02522,0.192019,0.304136,0.366262,0.211651,1.122277,-0.249283,0.436294,0.037713,1.17995,144.037596,143724.02211,misalignment
1431,0.0748,238.613694,0.746763,0.915103,0.413951,0.019942,0.191594,0.329592,0.368817,0.241865,1.018955,0.508858,0.249484,0.036592,1.383303,164.946816,149396.189927,misalignment
1432,0.0795,238.62108,0.803625,0.903781,0.439616,0.018955,0.1665,0.31599,0.401566,0.231984,0.949387,0.23759,0.515913,0.032922,1.356168,153.056455,118720.002473,misalignment
1433,0.0894,238.6523,0.789249,0.910718,0.424732,0.003045,0.183237,0.398098,0.447317,0.228931,1.105637,-0.022173,0.346922,0.036521,1.387166,140.956269,139997.018223,misalignment
1434,0.1063,238.389055,0.78165,0.914552,0.414086,0.017447,0.178899,0.31857,0.439413,0.214681,0.954492,-0.0412,0.080072,0.039543,0.99016,164.587025,157431.507774,misalignment
1435,0.1173,238.837556,0.785912,0.912859,0.42107,0.021858,0.169141,0.313677,0.348931,0.23619,1.022296,0.169727,0.284861,0.031179,1.120826,145.290081,123849.894635,misalignment
1436,0.1221,238.47777,0.786791,0.913023,0.419033,0.021853,0.187279,0.320601,0.36616,0.211534,1.022222,-0.247977,0.503922,0.025445,1.167303,151.609861,140933.31811,misalignment
1437,0.1385,238.45123,0.765309,0.922076,0.398863,0.039727,0.204121,0.320895,0.42627,0.233552,1.00726,0.238056,0.195678,0.030412,1.219026,145.618969,147982.416981,misalignment
1438,0.1452,238.769525,0.773495,0.927879,0.383557,0.022248,0.196589,0.33715,0.503729,0.250735,1.03779,-0.044601,0.291163,0.02992,1.224309,155.617378,139441.134269,misalignment
1439,0.1474,238.373887,0.770516,0.91312,0.418536,0.025041,0.203758,0.387091,0.463589,0.249244,1.089664,0.283667,0.125691,0.031852,1.48219,145.666245,121434.752559,misalignment
1440,0.1556,238.564056,0.830228,0.907069,0.433316,0.02932,0.165978,0.343138,0.427589,0.228402,1.000419,0.264123,0.143236,0.030321,1.386684,146.212293,150402.38876,misalignment
1441,0.1608,238.355433,0.800404,0.913593,0.419565,0.024324,0.197188,0.340492,0.363773,0.210807,0.926822,-0.056184,0.187054,0.032329,1.180367,148.560201,133669.398078,misalignment
1442,0.175,239.003847,0.783358,0.916166,0.413859,0.019312,0.174099,0.328824,0.362828,0.223408,1.109849,-0.501112,0.141509,0.03551,1.402745,145.482448,157596.207867,misalignment
1443,0.1799,238.961731,0.80732,0.91468,0.413061,0.019351,0.174226,0.311392,0.390348,0.219755,1.071209,0.043565,0.211413,0.032452,1.250651,159.646331,132972.153307,misalignment
1444,0.1942,238.477952,0.804794,0.918664,0.406533,0.017195,0.206074,0.359151,0.436143,0.291444,1.059644,-0.32481,0.537818,0.032627,1.354592,138.679861,147277.136779,misalignment
1445,0.1962,238.603971,0.75239,0.928271,0.377762,0.023554,0.189964,0.31918,0.402374,0.245835,0.979145,0.141287,0.291919,0.037199,1.431063,149.665671,142018.364352,misalignment
1446,0.2121,238.50104,0.775543,0.904721,0.439249,0.018637,0.177775,0.352763,0.415459,0.217269,0.983398,0.04352,0.405394,0.036694,1.228689,150.805186,128465.185986,misalignment
1447,0.2143,238.43028,0.779674,0.911958,0.424407,0.024999,0.180164,0.357062,0.404942,0.258369,1.035561,-0.057092,0.445776,0.040924,1.330269,148.878291,164277.756037,misalignment
1448,0.2303,238.523926,0.792231,0.924247,0.396253,0.011927,0.217788,0.393333,0.444483,0.255572,1.117048,-0.292326,0.16559,0.041743,1.31944,158.714688,152681.508626,misalignment
1449,0.233,238.49188,0.77552,0.911868,0.422627,0.021175,0.20193,0.34766,0.474506,0.247229,0.996791,0.486163,0.19481,0.03364,1.199275,136.464468,139197.875978,misalignment
1450,0.248,238.195867,0.778029,0.919737,0.401516,0.032417,0.177826,0.361628,0.395864,0.229629,1.065667,-0.016171,0.400725,0.039421,1.117108,155.111255,158912.200716,misalignment
1451,0.2624,238.552605,0.770773,0.918785,0.405034,0.018203,0.184187,0.31653,0.388452,0.267162,0.987963,0.793706,0.211433,0.033211,1.089973,138.79543,135708.237555,misalignment
1452,0.2731,238.491541,0.800979,0.922421,0.396591,0.034744,0.184013,0.355546,0.445788,0.232724,1.052145,0.136287,0.403299,0.039374,1.395082,145.421011,145676.41329,misalignment
1453,0.2751,238.56244,0.751133,0.92648,0.384842,0.021309,0.193386,0.358598,0.43211,0.241084,1.098231,0.222054,0.512422,0.036147,1.229551,137.870789,142767.179481,misalignment
1454,0.2863,238.484496,0.771453,0.916998,0.40892,0.019548,0.156207,0.278582,0.343189,0.197004,0.894457,0.12029,0.103819,0.029353,1.103568,147.011179,131678.399466,misalignment
1455,0.2973,238.427932,0.743126,0.904525,0.439892,0.020933,0.188001,0.30404,0.442787,0.251031,1.002394,0.220035,0.251612,0.033882,1.237828,144.796099,136158.257136,misalignment
1456,0.3075,238.674982,0.759407,0.910798,0.426178,0.017509,0.191862,0.329588,0.409044,0.249546,1.019256,0.452597,0.276317,0.033995,1.568099,164.744446,155057.306887,misalignment
1457,0.3188,238.606627,0.786344,0.928116,0.381221,0.004156,0.191487,0.324707,0.387641,0.249376,1.007442,0.430374,0.223862,0.028362,1.05567,152.172298,113044.975011,misalignment
1458,0.3353,238.779209,0.786723,0.906515,0.43452,0.027041,0.191109,0.35989,0.465322,0.252093,1.029526,-0.407265,0.219916,0.0251,1.113536,153.958074,142341.71763,misalignment
1459,0.3522,238.598946,0.773736,0.917981,0.406832,0.037542,0.181724,0.326166,0.388521,0.224757,0.956513,0.37514,0.235348,0.03103,1.174207,140.032468,150403.167808,misalignment
1460,0.3618,238.460479,0.80248,0.899913,0.450606,0.023843,0.193465,0.371146,0.439749,0.297251,1.009172,0.268299,0.29735,0.034645,1.28412,156.660694,148078.963053,misalignment
1461,0.3647,238.623354,0.807081,0.906893,0.433447,0.024331,0.234476,0.374072,0.491622,0.274814,1.147292,0.13968,0.336936,0.041701,1.500471,164.744034,122453.296533,misalignment
1462,0.3683,238.103877,0.778615,0.920322,0.400834,0.018539,0.178946,0.302246,0.385229,0.203805,0.868151,0.586449,0.401086,0.033617,1.2502,157.829183,123538.256177,misalignment
1463,0.0167,238.920736,0.785009,0.915216,0.415719,0.029262,0.220204,0.380021,0.48481,0.28316,1.20734,0.717706,0.319965,0.038413,1.643765,138.191887,145782.070768,misalignment
1464,0.025,238.554876,0.770949,0.912741,0.420506,0.019686,0.179498,0.374231,0.482668,0.251986,1.037312,0.390659,0.444777,0.03119,1.281432,145.822723,157633.048275,misalignment
1465,0.028,238.936891,0.792538,0.910114,0.424607,0.022138,0.191421,0.353077,0.43908,0.262996,1.024442,-0.04445,0.228184,0.034859,1.304857,150.976411,141028.931192,misalignment
1466,0.035,238.326131,0.756119,0.903021,0.445584,0.007478,0.200103,0.319501,0.430418,0.252375,1.01313,-0.239444,0.144556,0.030448,1.541979,144.805531,157877.620121,misalignment
1467,0.0424,238.276471,0.815917,0.91916,0.405478,0.015765,0.153135,0.33729,0.35191,0.22619,0.842135,0.312107,0.241737,0.020844,0.730704,172.796918,103629.922212,misalignment
1468,0.0594,238.573167,0.8028,0.913301,0.417405,0.022939,0.173972,0.318347,0.389031,0.237077,0.91129,0.496216,0.344568,0.024946,1.198902,145.659512,133635.329241,misalignment
1469,0.0715,238.572507,0.756021,0.905869,0.436822,0.027258,0.199282,0.340119,0.431308,0.212983,0.962964,-0.47416,0.403131,0.038073,1.305676,149.609838,134239.278577,misalignment
1470,0.0749,238.567649,0.76422,0.915181,0.413651,0.02748,0.206909,0.397297,0.44513,0.301241,1.120527,0.470415,0.508928,0.044132,1.665663,144.597948,189826.631604,misalignment
1471,0.0816,238.537165,0.788425,0.918487,0.407573,0.007367,0.156009,0.313407,0.310231,0.252799,0.951973,0.040106,0.318477,0.03325,0.923551,152.085153,140986.590906,misalignment
1472,0.0838,238.374377,0.773235,0.913796,0.417705,0.008178,0.203127,0.334272,0.406654,0.239589,0.958148,-0.40223,0.384032,0.03144,1.152184,162.44115,146010.120597,misalignment
1473,0.0955,238.202929,0.790892,0.915696,0.413451,0.024673,0.213655,0.345462,0.393189,0.243939,1.013741,0.263222,0.481083,0.028876,1.127079,151.033699,170235.637799,misalignment
1474,0.1074,238.55663,0.772812,0.915229,0.414437,0.014026,0.203202,0.366069,0.458144,0.250197,1.086692,0.40316,0.202421,0.034642,1.097418,148.028881,149268.738493,misalignment
1475,0.1098,238.243482,0.810496,0.910759,0.423457,0.027157,0.212038,0.351427,0.434836,0.242025,1.05103,0.014955,0.277469,0.037652,1.317409,140.334806,143565.386166,misalignment
1476,0.1165,238.224599,0.780166,0.915326,0.416589,0.006959,0.171839,0.312871,0.415231,0.217219,0.953803,-0.186207,0.6337,0.034643,1.314297,160.879527,125989.80841,misalignment
1477,0.132,238.423874,0.828411,0.919411,0.405209,0.019213,0.174404,0.29869,0.337857,0.165583,0.939099,0.575773,0.38414,0.032409,1.302645,148.706755,126691.929973,misalignment
1478,0.1463,238.586132,0.792054,0.921208,0.398502,0.019726,0.193111,0.34752,0.422056,0.280955,1.087923,-0.083008,0.374208,0.040305,1.2816,148.319733,107255.751349,misalignment
1479,0.1567,238.897552,0.753012,0.919744,0.403655,0.023844,0.195519,0.38806,0.457952,0.291065,1.137156,0.504773,0.43939,0.04567,1.542359,128.949565,156083.555053,misalignment
1480,0.1657,238.695852,0.82173,0.910949,0.426678,0.011751,0.215854,0.339641,0.363929,0.199836,1.012208,-0.327431,0.124604,0.031441,1.236408,148.855051,139307.703428,misalignment
1481,0.1826,238.786644,0.801974,0.918817,0.405807,0.004266,0.155722,0.323605,0.414881,0.235822,0.904004,0.228885,0.205789,0.042108,1.258873,146.390055,124997.60469,misalignment
1482,0.1953,238.630732,0.787603,0.917793,0.410646,0.02137,0.187037,0.33982,0.356793,0.231592,0.954385,0.230535,0.16548,0.024751,1.416919,133.56596,113752.635044,misalignment
1483,0.2115,238.573371,0.792933,0.910742,0.430096,0.024211,0.19942,0.386719,0.46616,0.243585,1.169278,0.390416,0.359962,0.031959,1.31379,158.906503,142315.788619,misalignment
1484,0.2142,239.001158,0.756219,0.912214,0.421951,0.02806,0.192648,0.352606,0.424898,0.24538,0.967851,0.56046,0.249673,0.034166,1.42653,145.182818,115917.007714,misalignment
1485,0.2189,238.235429,0.743912,0.919078,0.404188,0.017132,0.210313,0.374545,0.461316,0.232162,1.168205,-0.13371,0.329516,0.040024,1.276524,167.06012,180593.177138,misalignment
1486,0.2209,238.417354,0.779165,0.923261,0.392827,0.026205,0.203109,0.373314,0.461433,0.257534,1.071001,0.290387,0.269,0.035789,1.488108,162.729974,146756.769265,misalignment
1487,0.2359,238.432964,0.807575,0.90413,0.438137,0.023886,0.194463,0.370443,0.435726,0.245129,1.058575,-0.292957,0.089218,0.032518,1.463885,143.520868,113186.729597,misalignment
1488,0.2481,238.678711,0.787914,0.92484,0.392053,0.030579,0.166053,0.269743,0.342322,0.204086,0.812262,-0.260458,0.381223,0.037495,1.22698,162.323823,115220.430202,misalignment
1489,0.2524,238.304245,0.814183,0.921985,0.39709,0.019557,0.179456,0.357427,0.405684,0.199359,0.919281,-0.051409,0.068923,0.029943,1.062102,164.49488,144782.224768,misalignment
1490,0.269,238.652686,0.806424,0.916195,0.41363,0.006161,0.18085,0.31115,0.423522,0.238416,1.023675,0.235297,0.200853,0.028432,1.214192,144.96868,136327.242981,misalignment
1491,0.0163,238.61593,0.780412,0.913556,0.420469,0.019459,0.162798,0.335897,0.366573,0.246861,0.909492,0.59677,0.125077,0.038733,1.264656,140.706059,118843.915958,misalignment
1492,0.0213,238.662669,0.803675,0.917343,0.407822,0.020708,0.217065,0.345309,0.436797,0.25181,1.005949,0.684909,0.187045,0.037916,1.381873,130.601808,132641.723657,misalignment
1493,0.0328,238.659045,0.810452,0.911157,0.423318,0.024146,0.199642,0.344834,0.348315,0.239476,1.113307,0.013692,0.328989,0.038954,1.338213,153.423974,138352.289881,misalignment
1494,0.0447,238.807664,0.778396,0.913934,0.42054,0.007739,0.167061,0.271013,0.305863,0.261639,0.930034,0.191394,0.428605,0.03023,1.325982,141.240067,115095.073485,misalignment
1495,0.0462,238.490158,0.775724,0.90615,0.436601,0.017504,0.194736,0.37822,0.46397,0.236957,1.059943,0.420885,0.100146,0.030685,1.202288,153.694436,131377.572315,misalignment
1496,0.0584,238.606032,0.782809,0.904551,0.439481,0.026945,0.178202,0.317248,0.408007,0.255779,0.986909,0.34993,0.22771,0.034382,1.268042,144.889341,139234.217044,misalignment
1497,0.0633,238.35269,0.731762,0.928994,0.377544,0.019167,0.205756,0.323758,0.406414,0.251732,1.138303,0.070542,0.073656,0.028918,1.100907,142.982416,125333.304548,misalignment
1498,0.0788,238.307041,0.785609,0.915378,0.414137,0.017554,0.199403,0.381134,0.443435,0.294547,1.044642,0.148737,0.227794,0.036995,1.464437,144.946579,161628.682793,misalignment
1499,0.0933,238.852966,0.794409,0.916222,0.414511,0.035251,0.185795,0.351351,0.382351,0.233009,0.968125,0.083176,0.299705,0.034527,1.297882,138.301648,146405.421028,misalignment
1500,0.1088,238.337576,0.78289,0.914816,0.416773,0.01144,0.19291,0.362232,0.432641,0.276194,1.185118,0.061482,0.419366,0.041726,1.899731,144.94242,140055.119606,misalignment
1501,0.0062,239.560893,0.858704,0.907626,0.434216,0.055254,0.094085,0.318032,0.176135,0.163514,1.179892,4.281863,1.236595,0.027674,1.366061,15.837243,85950.468576,splice rupture
1502,0.0175,236.648503,0.886168,0.884384,0.484627,0.078405,0.161127,0.263919,0.233269,0.214534,1.720587,2.28685,0.918876,0.026469,1.498534,15.461394,70260.449795,splice rupture
1503,0.0289,236.949895,0.953602,0.879771,0.494426,0.035352,0.093053,0.163674,0.218179,0.155814,1.759907,0.777034,1.087871,0.019903,1.619918,15.805387,78616.625414,splice rupture
1504,0.0368,237.673452,0.829538,0.899052,0.456131,0.059226,0.126871,0.186799,0.262602,0.077555,1.292745,0.41523,1.171551,0.013745,1.443567,16.497431,93364.860999,splice rupture
1505,0.0388,237.860032,0.719333,0.873073,0.508079,0.072798,0.182054,0.24577,0.198625,0.144986,1.189986,1.909627,0.753058,0.022556,1.937173,15.522918,69722.127284,splice rupture
1506,0.046,240.64207,0.826029,0.885693,0.484937,0.090164,0.214353,0.305151,0.082363,0.175856,1.93719,3.541856,0.627131,0.029222,1.813289,8.731584,132638.206909,splice rupture
1507,0.0554,237.111939,0.7757,0.895116,0.462711,0.052441,0.139422,0.281113,0.367759,0.238511,1.564344,5.483151,0.896434,0.033011,2.277261,4.149705,145585.214426,splice rupture
1508,0.0716,236.695753,0.658684,0.891562,0.468914,0.081332,0.115893,0.343231,0.154945,0.198366,2.304997,3.353036,0.440353,0.022704,1.608168,21.986903,84786.800724,splice rupture
1509,0.0844,237.064165,0.840399,0.914538,0.414655,0.058056,0.178019,0.335647,0.286547,0.263648,1.725492,6.338441,0.68481,0.034089,2.279296,22.306451,111203.41543,splice rupture
1510,0.0876,238.232133,0.867913,0.885243,0.482746,0.081741,0.271411,0.364872,0.297995,0.225301,1.642024,2.83163,0.779849,0.033649,2.162392,17.362314,118192.566186,splice rupture
1511,0.0938,238.492036,0.941869,0.8506,0.554297,0.045973,0.167073,0.222692,0.255159,0.17048,1.703946,7.6664,0.496022,0.040442,1.87967,17.30386,88259.477996,splice rupture
1512,0.1033,237.292913,0.747462,0.866285,0.521716,0.076519,0.231572,0.392147,0.288943,0.190693,1.422582,5.124654,1.6345,0.036775,2.756663,8.593683,122354.189697,splice rupture
1513,0.1118,238.021036,0.857967,0.899644,0.454175,0.060093,0.125431,0.174203,0.170666,0.114796,1.090059,2.760276,0.639599,0.016972,1.252543,3.0,84989.827556,splice rupture
1514,0.1134,239.945202,0.951528,0.888264,0.476933,0.038298,0.106162,0.202564,0.138242,0.174201,1.136103,2.223862,0.252987,0.012218,1.155075,13.259181,55594.299558,splice rupture
1515,0.1294,238.035168,0.798282,0.875267,0.50586,0.058934,0.110267,0.264369,0.368062,0.14636,1.742556,4.906361,1.018127,0.02768,2.025338,3.0,113777.937519,splice rupture
1516,0.1449,238.32099,0.89826,0.939169,0.351523,0.088434,0.148751,0.351194,0.272841,0.160231,1.531367,8.744177,0.657594,0.025212,2.090695,16.290798,120824.216803,splice rupture
1517,0.1607,239.888988,0.993795,0.916575,0.4138,0.041616,0.275242,0.370466,0.298339,0.248321,1.786398,3.022315,2.188007,0.031706,2.296588,24.129674,136029.15544,splice rupture
1518,0.1689,237.301974,0.682383,0.898831,0.453043,0.032314,0.135765,0.171608,0.276146,0.124647,1.126894,1.238301,1.132917,0.029005,0.8369,10.68703,73963.383454,splice rupture
1519,0.1833,237.236591,0.874539,0.904666,0.44036,0.069975,0.174449,0.214485,0.151704,0.171769,2.041006,1.893484,0.439096,0.025551,1.948047,11.089132,97364.324549,splice rupture
1520,0.1958,237.530318,0.95466,0.894697,0.460941,0.028444,0.114733,0.335889,0.26951,0.152511,1.476049,3.243496,1.47168,0.015747,1.789228,7.959207,122952.506825,splice rupture
1521,0.2052,237.472089,0.818436,0.874924,0.505673,0.093267,0.133648,0.230176,0.178385,0.169964,1.061773,2.481918,1.176286,0.029428,1.475406,15.309764,84762.239225,splice rupture
1522,0.2079,236.178987,0.974808,0.920614,0.402855,0.092763,0.150001,0.241719,0.202156,0.119309,1.527762,1.31978,0.961439,0.011087,1.741499,14.767388,76500.999363,splice rupture
1523,0.212,238.137994,0.90708,0.917027,0.410566,0.082766,0.112015,0.284524,0.229301,0.105785,1.133639,3.323069,1.890233,0.030185,0.975816,7.866086,133766.219325,splice rupture
1524,0.2172,238.216941,1.009242,0.860453,0.538107,0.061775,0.150224,0.085802,0.101882,0.19984,1.147543,6.570993,0.694532,0.0233,1.697624,21.388022,98045.255181,splice rupture
1525,0.2326,237.814141,0.902422,0.904529,0.441303,0.095293,0.179928,0.411387,0.225004,0.211235,1.648925,5.55806,1.950417,0.036715,2.094403,33.916589,101632.386368,splice rupture
1526,0.2444,238.247471,1.016728,0.906737,0.434506,0.088909,0.152146,0.17229,0.262391,0.135813,1.190669,2.642513,0.887915,0.022112,1.840563,23.329012,95616.914845,splice rupture
1527,0.2611,238.258109,0.877,0.893565,0.466255,0.051346,0.198041,0.295991,0.25489,0.188612,1.821101,5.966797,1.284232,0.031528,2.108179,14.22577,120494.265235,splice rupture
1528,0.2714,236.683848,0.726898,0.941945,0.340224,0.090777,0.22121,0.415661,0.388597,0.242131,1.866003,7.610368,0.924107,0.036591,1.935851,14.142202,106005.823911,splice rupture
1529,0.2742,238.28864,0.79321,0.939775,0.347627,0.043767,0.169729,0.314666,0.271927,0.171542,1.16291,5.674351,0.811848,0.025703,1.912062,11.405086,61871.234466,splice rupture
1530,0.2831,238.558512,0.941653,0.89245,0.466224,0.058059,0.161486,0.308673,0.230941,0.205619,2.035285,4.858443,1.007178,0.042544,1.103253,11.260789,106239.100449,splice rupture
1531,0.2864,236.402899,0.939882,0.895544,0.461169,0.026131,0.208527,0.337523,0.241067,0.184247,1.544649,4.755972,0.263602,0.032793,2.103948,21.707096,105735.755954,splice rupture
1532,0.3018,239.463116,0.822046,0.893195,0.466305,0.064918,0.155457,0.341092,0.331327,0.193304,1.505348,2.288677,1.428654,0.032032,1.514864,22.011949,76517.793394,splice rupture
1533,0.3077,236.764204,1.012387,0.887773,0.480119,0.05611,0.1814,0.345941,0.33893,0.195468,1.494005,5.624675,1.267734,0.023493,1.640019,6.813293,95630.727135,splice rupture
1534,0.3122,236.861762,0.818143,0.881585,0.491439,0.052956,0.079149,0.311214,0.184444,0.201918,1.071421,1.829804,0.419405,0.026865,1.440208,17.564208,79634.895128,splice rupture
1535,0.3216,238.201955,0.891578,0.910137,0.425678,0.058687,0.158808,0.311158,0.337381,0.213044,2.972043,2.744389,1.628179,0.024545,2.254894,22.777878,107346.047953,splice rupture
1536,0.3357,238.534699,0.889085,0.939229,0.352758,0.050409,0.217491,0.212913,0.264276,0.136419,1.848339,3.872607,1.854911,0.033954,2.279963,12.548726,99625.381391,splice rupture
1537,0.3451,238.777671,0.730258,0.931002,0.369232,0.062833,0.179246,0.25879,0.291445,0.189068,1.26929,7.148101,0.870223,0.01777,1.226162,13.519263,57788.43991,splice rupture
1538,0.3472,238.560992,0.840056,0.915784,0.4134,0.087671,0.183967,0.285854,0.243145,0.18138,2.488105,5.762926,0.821692,0.023079,1.945428,19.871879,74908.88166,splice rupture
1539,0.3602,237.480297,1.06423,0.851858,0.551601,0.040763,0.162675,0.31357,0.235755,0.150854,1.556887,5.054065,1.901141,0.02139,2.710333,20.070925,101722.195815,splice rupture
1540,0.002,238.108561,0.766996,0.862709,0.530179,0.079251,0.188868,0.323498,0.265967,0.194051,1.837409,3.43216,1.649868,0.041734,2.252901,18.003408,162192.411053,splice rupture
1541,0.0129,237.68333,0.906264,0.921283,0.400179,0.066305,0.12846,0.251999,0.130849,0.151445,1.203106,5.456295,1.045186,0.020901,1.301275,16.779601,133925.726076,splice rupture
1542,0.024,238.174259,0.746106,0.932387,0.37,0.069483,0.159669,0.19445,0.327963,0.182427,2.283607,3.952438,1.615709,0.033096,1.839185,17.720113,97115.97967,splice rupture
1543,0.0287,238.068457,0.766058,0.911075,0.425662,0.061386,0.169933,0.194111,0.162264,0.117718,1.803786,1.946335,1.121148,0.012858,1.479105,13.055979,68501.183536,splice rupture
1544,0.0371,237.495091,0.722714,0.893888,0.463948,0.047652,0.237974,0.357473,0.240908,0.259857,1.811996,7.740551,2.179463,0.040016,2.465784,7.175988,70689.649342,splice rupture
1545,0.0387,237.652782,0.934696,0.927046,0.382152,0.070897,0.164671,0.27813,0.282138,0.153524,1.524278,3.147566,1.196837,0.032304,1.657737,4.103699,116740.081359,splice rupture
1546,0.0446,236.147796,0.771575,0.915072,0.415041,0.072377,0.152382,0.296378,0.192271,0.127626,1.838463,2.259162,1.37023,0.027804,1.404352,19.16893,100138.358402,splice rupture
1547,0.0557,238.83013,0.964074,0.922749,0.394103,0.045991,0.184415,0.308751,0.199854,0.157109,1.898191,2.730839,1.758142,0.028509,2.163118,15.75738,103231.728583,splice rupture
1548,0.0616,238.297558,0.802181,0.862869,0.528785,0.03523,0.123725,0.386683,0.338128,0.165406,1.559097,2.769162,-0.024159,0.029536,1.553596,18.188637,70556.368241,splice rupture
1549,0.0638,235.69332,0.86152,0.906867,0.43675,0.063706,0.078941,0.204595,0.1298,0.151909,1.386728,1.354861,1.632685,0.017527,0.919001,9.197845,125506.217499,splice rupture
1550,0.0758,238.79316,0.887024,0.935491,0.363486,0.077094,0.220317,0.348117,0.296399,0.198838,2.203095,2.140839,1.054008,0.027126,1.729771,15.718102,152260.972891,splice rupture
1551,0.0888,237.946972,0.704481,0.910549,0.4279,0.082102,0.182792,0.315578,0.230112,0.138959,1.313087,7.217078,1.540626,0.035418,1.802817,15.55048,114854.783128,splice rupture
1552,0.1037,237.063178,0.868328,0.918965,0.406785,0.086066,0.14573,0.320755,0.228547,0.131151,1.882107,6.73886,2.185611,0.029811,2.472211,23.953051,132879.955256,splice rupture
1553,0.1188,236.974575,0.881491,0.900727,0.449445,0.069428,0.075393,0.170037,0.125527,0.159214,1.529063,1.86338,0.973249,0.027366,1.155488,20.962285,84068.234247,splice rupture
1554,0.1279,237.311778,0.952602,0.902122,0.447658,0.056736,0.163324,0.171184,0.19921,0.119701,2.11688,4.480748,0.898036,0.034746,1.949636,9.820277,99968.71163,splice rupture
1555,0.1358,237.068475,0.763645,0.928051,0.382186,0.061957,0.14072,0.264192,0.181082,0.115752,1.729252,4.451949,1.159237,0.024164,2.102303,18.531871,65060.286489,splice rupture
1556,0.1463,237.202812,0.776468,0.886604,0.483767,0.037136,0.197606,0.234403,0.296367,0.227547,1.987493,4.250942,0.510355,0.028279,2.097555,9.77176,61337.587882,splice rupture
1557,0.1601,239.700634,0.909359,0.884647,0.483682,0.048347,0.168141,0.280381,0.250728,0.244416,1.448714,1.804299,2.412173,0.02854,1.160865,3.0,77703.745931,splice rupture
1558,0.169,238.371126,0.977115,0.890436,0.473504,0.060935,0.134087,0.195628,0.178595,0.14917,1.183836,3.573085,1.083201,0.023918,1.122593,27.081657,63325.837884,splice rupture
1559,0.1859,240.03601,0.796675,0.900469,0.448053,0.056667,0.163601,0.29116,0.21729,0.212093,1.845205,9.447757,2.153638,0.036038,1.793655,12.375492,94662.636738,splice rupture
1560,0.1973,238.225739,0.738832,0.867798,0.52106,0.06384,0.126597,0.274122,0.256818,0.153311,0.921678,2.850906,0.927513,0.022357,1.928968,22.276242,87193.759506,splice rupture
1561,0.2036,238.579266,0.821494,0.914621,0.413648,0.034503,0.15614,0.180356,0.23635,0.086787,1.288704,4.778906,1.133628,0.038845,1.347683,10.370599,77635.470995,splice rupture
1562,0.2174,237.119295,0.758801,0.896715,0.456685,0.038971,0.156775,0.322007,0.203188,0.212338,1.265761,3.75878,1.698301,0.031829,1.573324,9.348561,98397.676587,splice rupture
1563,0.2212,237.831972,0.8858,0.917074,0.408194,0.077512,0.112528,0.178176,0.108152,0.175023,1.109852,3.812276,0.567811,0.026906,1.396475,11.17385,47446.298902,splice rupture
1564,0.2372,237.91832,0.752815,0.857619,0.540553,0.045333,0.147393,0.195632,0.091278,0.200417,0.937626,2.626655,1.032124,0.022346,0.989907,16.768545,49534.599195,splice rupture
1565,0.244,238.620092,0.937561,0.91715,0.410457,0.048476,0.229893,0.377092,0.358265,0.222748,1.589946,-0.6,1.892711,0.043775,2.285856,16.233026,126705.007927,splice rupture
1566,0.2561,237.950516,0.869136,0.926738,0.388837,0.063901,0.169596,0.330071,0.338307,0.195132,2.485177,3.762829,1.23387,0.034214,1.988626,18.483877,110305.99588,splice rupture
1567,0.2673,238.351327,0.940369,0.908771,0.43033,0.043376,0.232404,0.349021,0.387655,0.303186,1.740565,7.795703,1.157299,0.036313,3.357725,11.525418,140062.983238,splice rupture
1568,0.2703,238.315528,0.631902,0.9006,0.450806,0.084127,0.158705,0.275817,0.244712,0.211188,1.394002,7.077926,1.835099,0.036861,1.632413,15.28299,116627.785793,splice rupture
1569,0.283,237.697142,0.691766,0.917304,0.409781,0.036863,0.181044,0.215986,0.29996,0.229451,1.530624,4.483949,2.019384,0.03121,2.554648,9.097802,144448.170319,splice rupture
1570,0.2893,237.594309,0.966341,0.925429,0.389665,0.06203,0.19806,0.280692,0.274232,0.155009,1.781754,3.860207,1.949142,0.028849,1.353715,25.285085,92574.86554,splice rupture
1571,0.2967,237.331007,0.785243,0.910459,0.42662,0.047028,0.159555,0.095984,0.21039,0.175531,1.399514,2.515337,0.831729,0.032911,1.706178,5.801996,129165.069837,splice rupture
1572,0.2997,239.082304,0.718026,0.911953,0.424427,0.065124,0.252829,0.361484,0.252201,0.179787,1.36715,9.210616,0.986528,0.033856,2.205265,9.246206,121678.82401,splice rupture
1573,0.0148,237.697568,0.831757,0.933139,0.36617,0.052051,0.210171,0.37431,0.243837,0.228874,1.44067,10.293876,1.087634,0.034582,2.269221,12.03603,137319.033935,splice rupture
1574,0.0184,238.328898,0.871811,0.915223,0.411064,0.061527,0.180179,0.392551,0.287494,0.197883,1.605822,3.344797,1.677441,0.028657,2.049449,31.722523,134271.619374,splice rupture
1575,0.0325,237.843445,0.835779,0.883995,0.487083,0.086426,0.132535,0.333754,0.219329,0.220073,1.285185,0.720668,0.548757,0.030729,1.714502,20.367819,95709.999348,splice rupture
1576,0.0479,239.062617,0.892121,0.925333,0.386176,0.048251,0.176811,0.337936,0.227688,0.210557,2.069497,0.435052,0.654033,0.027801,2.012279,9.024944,85881.631144,splice rupture
1577,0.0509,236.011912,0.879925,0.897526,0.458638,0.048085,0.145041,0.197042,0.180136,0.087714,1.084467,3.984191,0.775207,0.023329,1.428577,20.755338,105040.319623,splice rupture
1578,0.0679,238.30297,0.875214,0.900666,0.448675,0.055682,0.119857,0.361108,0.204208,0.168271,2.310341,3.83571,0.706774,0.028191,1.434095,18.610809,81539.785746,splice rupture
1579,0.0695,236.74509,0.971353,0.902138,0.44454,0.09148,0.205364,0.29866,0.344828,0.249949,1.536497,3.832414,1.891892,0.039142,2.272957,16.916211,134052.703462,splice rupture
1580,0.084,238.390701,0.848724,0.919377,0.408352,0.060205,0.099882,0.110087,0.106103,0.122596,0.91371,2.929452,1.402323,0.028378,1.27672,19.870698,75890.773111,splice rupture
1581,0.0942,237.853453,0.846078,0.934977,0.362574,0.086684,0.260287,0.479733,0.274497,0.22499,1.900727,2.739616,1.148486,0.039656,2.449714,15.406501,162809.094677,splice rupture
1582,0.1105,236.521639,0.922253,0.900488,0.44959,0.058462,0.119815,0.329753,0.200991,0.219599,2.082236,6.60478,1.162104,0.040712,1.965197,16.195584,115198.53097,splice rupture
1583,0.1173,238.33764,0.899739,0.934625,0.364714,0.085793,0.149791,0.151039,0.201132,0.134378,1.527102,2.766473,-0.06653,0.023648,1.164064,4.129508,56555.103774,splice rupture
1584,0.1244,238.224182,0.768743,0.903292,0.444638,0.070148,0.116638,0.205916,0.248902,0.199719,1.262491,1.877348,0.977889,0.030977,1.465602,25.101693,143326.198209,splice rupture
1585,0.1389,237.768779,0.84171,0.928043,0.38338,0.073091,0.151048,0.260576,0.145048,0.123965,2.733563,2.580092,1.692583,0.022878,1.759795,11.867464,101217.227906,splice rupture
1586,0.1514,237.895434,0.889441,0.903969,0.439835,0.033285,0.130532,0.196968,0.250292,0.144294,1.489511,2.656165,0.890962,0.039589,0.883455,6.33942,73388.413563,splice rupture
1587,0.1622,238.161511,0.797185,0.890152,0.473923,0.030317,0.107842,0.237651,0.306504,0.211323,1.667507,4.841547,0.658519,0.025956,2.134763,11.469735,72386.696991,splice rupture
1588,0.1737,239.17822,0.801474,0.938442,0.352265,0.083404,0.177741,0.350559,0.23556,0.182834,1.825271,5.678794,1.824952,0.024337,1.467201,11.751619,110568.645305,splice rupture
1589,0.1858,237.685673,0.724769,0.888242,0.47591,0.083155,0.054653,0.327029,0.243223,0.147356,1.462001,4.475685,0.579699,0.023579,1.924303,9.391352,55667.562573,splice rupture
1590,0.188,239.013032,0.59055,0.886904,0.480269,0.110429,0.151972,0.265382,0.174057,0.171132,1.327025,4.017327,1.928851,0.024893,2.040371,20.443549,109364.689825,splice rupture
1591,0.1913,237.96255,0.816333,0.874879,0.502893,0.032281,0.138668,0.191486,0.12496,0.13539,2.230261,2.225373,2.269921,0.02284,1.191665,21.819352,94279.21914,splice rupture
1592,0.1956,239.295735,0.861456,0.925345,0.390235,0.071716,0.160604,0.246445,0.197228,0.110468,2.010902,1.789871,0.98898,0.029481,1.23775,3.0,57286.270057,splice rupture
1593,0.1999,237.764858,0.751413,0.930069,0.37576,0.041524,0.07067,0.172689,0.169105,0.088345,2.417412,0.288811,1.571045,0.021852,1.779259,11.396569,55126.857652,splice rupture
1594,0.2145,237.333676,0.974008,0.907463,0.432875,0.047188,0.198002,0.248725,0.26222,0.257243,1.773274,6.284272,0.422229,0.038649,2.716934,11.898267,117744.64985,splice rupture
1595,0.2221,236.902323,0.755797,0.880323,0.494048,0.051955,0.20549,0.153827,0.319911,0.240505,2.56819,2.603437,0.357192,0.028667,2.18379,13.794982,82032.618121,splice rupture
1596,0.0091,237.966185,0.932128,0.899864,0.451086,0.069647,0.213605,0.298496,0.272349,0.219578,1.370231,7.707194,0.848058,0.027801,2.301807,26.944219,112490.963665,splice rupture
1597,0.012,237.206827,0.88768,0.893948,0.46643,0.048719,0.198783,0.314702,0.265627,0.188031,1.546303,3.611535,1.613023,0.028739,1.427685,9.304949,104406.354989,splice rupture
1598,0.027,239.404488,1.04587,0.879391,0.494572,0.062673,0.253048,0.298139,0.219576,0.16197,1.989756,6.410971,1.260204,0.030888,1.988788,25.936885,121725.443964,splice rupture
1599,0.0286,237.128787,0.898586,0.890222,0.47239,0.078641,0.182366,0.373994,0.368084,0.248646,1.463204,4.255174,1.230076,0.042798,1.930433,13.976533,100243.112033,splice rupture
1600,0.0314,237.309977,0.719835,0.910115,0.426911,0.084559,0.184222,0.337514,0.240963,0.209123,2.707433,3.00311,0.576756,0.02357,1.558768,26.002094,122309.238918,splice rupture
1601,0.0455,238.581083,0.944893,0.887897,0.476446,0.075852,0.202115,0.42788,0.356408,0.261856,1.737988,8.202651,1.309521,0.047368,2.373282,12.823301,105765.463427,splice rupture
1602,0.049,239.185792,1.002782,0.905835,0.437689,0.071037,0.099557,0.277305,0.199148,0.209678,2.321785,4.501184,0.874922,0.026764,1.612832,12.003428,113752.671446,splice rupture
1603,0.0628,238.731045,0.690501,0.864474,0.525608,0.059167,0.176465,0.316135,0.265982,0.249141,1.349821,5.566021,0.781746,0.032394,1.909745,14.841539,74792.615435,splice rupture
1604,0.0698,239.058685,0.907522,0.933584,0.364404,0.050621,0.122697,0.306177,0.290276,0.171903,1.689775,4.706955,0.743727,0.024489,1.846394,24.045755,144007.330259,splice rupture
1605,0.0833,237.919784,0.927428,0.892172,0.469455,0.07278,0.11455,0.206749,0.286896,0.107777,1.121857,4.010412,1.168955,0.026714,1.047441,16.108214,66631.371466,splice rupture
1606,0.0856,237.933875,0.830845,0.917405,0.411607,0.040982,0.117323,0.193707,0.20998,0.185983,1.33803,5.362077,0.843418,0.021516,2.273997,16.464767,110000.581455,splice rupture
1607,0.0924,240.011758,0.632024,0.903774,0.442363,0.064383,0.11424,0.229162,0.155423,0.086033,0.830079,-0.169589,0.951177,0.020302,1.152251,19.456884,75570.863933,splice rupture
1608,0.1013,239.690269,0.823364,0.90805,0.432037,0.040486,0.132488,0.243799,0.253619,0.142453,1.195387,3.341386,0.311369,0.029203,1.271886,8.841937,65576.652135,splice rupture
1609,0.1125,238.714202,0.797704,0.87736,0.500277,0.061174,0.097512,0.232875,0.146419,0.206555,1.193,5.50003,1.410472,0.024158,1.7069,17.356817,109013.872289,splice rupture
1610,0.127,239.106607,0.98768,0.884789,0.483982,0.040926,0.175123,0.224616,0.105691,0.137526,1.174307,1.752606,1.274818,0.011645,2.087785,10.602964,77375.735142,splice rupture
1611,0.1323,238.858533,0.842027,0.885243,0.485535,0.053989,0.128847,0.180975,0.161462,0.164997,2.048013,0.536966,1.039189,0.040842,1.894988,25.298857,81442.1134,splice rupture
1612,0.144,236.794026,0.812892,0.900507,0.450003,0.048481,0.16342,0.293369,0.30191,0.149488,2.367256,4.350776,1.344732,0.023488,1.773574,17.930635,91085.015933,splice rupture
1613,0.1478,237.960348,0.797214,0.926523,0.382464,0.046069,0.102321,0.247986,0.275072,0.150001,1.003448,3.690258,1.512215,0.024949,1.291547,19.849085,114495.50401,splice rupture
1614,0.1617,239.496774,0.879317,0.908665,0.432519,0.060253,0.253992,0.335175,0.26941,0.282444,1.859704,5.107173,0.557075,0.033307,2.113874,3.0,105972.368977,splice rupture
1615,0.1776,238.720339,0.855118,0.881993,0.492152,0.013524,0.186275,0.352524,0.195268,0.236822,2.245729,7.821979,1.301457,0.038514,1.725942,19.947123,116361.969519,splice rupture
1616,0.1799,237.93641,0.778905,0.901747,0.447905,0.02595,0.115912,0.208219,0.269801,0.182443,1.630978,5.809339,0.501551,0.020847,1.270696,13.757215,66862.514107,splice rupture
1617,0.1826,239.508758,0.873762,0.898387,0.450579,0.078074,0.12329,0.228317,0.231501,0.200949,1.569217,0.182064,1.321856,0.026361,1.536044,4.939893,132430.136631,splice rupture
1618,0.1963,238.369302,0.799847,0.892983,0.466863,0.06495,0.267154,0.392407,0.257174,0.24916,1.554771,4.320824,1.172251,0.037737,1.965005,15.664855,166170.97505,splice rupture
1619,0.2114,238.75558,0.616697,0.899692,0.453074,0.047533,0.231193,0.299855,0.319936,0.206191,1.281839,-0.6,1.230598,0.021163,1.982385,4.371985,89219.460114,splice rupture
1620,0.223,238.374531,0.910122,0.915274,0.415177,0.081478,0.171107,0.258851,0.248468,0.130623,2.336947,3.715446,1.45168,0.019475,1.273769,19.2772,79769.812039,splice rupture
1621,0.2316,238.541162,0.901587,0.885601,0.483317,0.049216,0.210498,0.435156,0.379618,0.271993,2.151303,4.771123,1.9361,0.045361,2.598256,25.037797,130481.460806,splice rupture
1622,0.2451,238.612669,0.867977,0.893082,0.467989,0.050406,0.165435,0.257226,0.173842,0.229591,1.721006,3.69573,1.851484,0.042129,2.460396,3.0,131115.474903,splice rupture
1623,0.2512,239.299674,0.810178,0.919642,0.403836,0.046332,0.132097,0.176535,0.109689,0.095256,1.005515,3.977625,0.867874,0.014277,1.864047,14.790128,66575.033314,splice rupture
1624,0.2681,239.429957,0.843515,0.909379,0.430812,0.100132,0.139876,0.333007,0.295645,0.155716,1.550118,1.434212,1.583699,0.02489,1.802812,13.845765,119936.502212,splice rupture
1625,0.2827,237.548909,0.923735,0.925582,0.388468,0.066702,0.123268,0.349864,0.23576,0.16776,2.084558,0.782382,1.420939,0.029231,1.936944,3.0,83019.823559,splice rupture
1626,0.298,238.355511,0.793137,0.928717,0.379982,0.065914,0.203962,0.273511,0.191409,0.143579,1.188947,-0.556093,1.015047,0.014054,1.702256,21.415528,145485.628149,splice rupture
1627,0.3127,239.271009,0.927368,0.872789,0.511247,0.071328,0.120147,0.17418,0.157861,0.099945,1.013846,4.227636,1.09813,0.030819,1.185837,19.379973,24867.111169,splice rupture
1628,0.3287,237.868441,0.717264,0.905766,0.437015,0.024946,0.128142,0.35705,0.288048,0.169338,1.223875,6.182417,1.14005,0.021308,1.433967,29.182619,105334.112027,splice rupture
1629,0.3312,236.691104,0.865135,0.889841,0.472154,0.05012,0.16198,0.193781,0.268143,0.179835,2.157328,2.550906,1.732553,0.020283,1.485045,18.473172,79808.037272,splice rupture
1630,0.3468,237.091352,0.852318,0.876026,0.503244,0.0711,0.131598,0.267573,0.213623,0.196611,1.106175,1.29081,1.547987,0.027868,1.952976,8.847002,88260.677704,splice rupture
1631,0.3521,237.160421,0.940242,0.884216,0.486869,0.061918,0.113018,0.269533,0.213477,0.20358,1.721573,6.387121,1.071308,0.030528,1.503279,18.600352,109717.597518,splice rupture
1632,0.0072,237.541821,0.767296,0.893985,0.466024,0.106108,0.110703,0.257715,0.1943,0.16825,1.108592,8.100985,0.948555,0.018586,1.49705,23.99365,88134.199783,splice rupture
1633,0.0123,237.253772,0.777117,0.89411,0.465754,0.051296,0.135212,0.207045,0.283794,0.232169,1.526482,3.206452,1.629322,0.038424,1.54775,11.745911,95242.748127,splice rupture
1634,0.0206,239.029106,0.724496,0.887862,0.478015,0.080864,0.192846,0.295559,0.333907,0.193348,1.389482,2.032793,2.017545,0.014567,2.111145,20.966898,120726.659317,splice rupture
1635,0.03,237.723176,0.798994,0.899727,0.451395,0.07812,0.136717,0.190651,0.198837,0.155243,1.160754,4.740606,1.231219,0.01517,1.517821,3.0,117416.517523,splice rupture
1636,0.0338,239.261102,0.872988,0.948933,0.320072,0.064856,0.176084,0.268097,0.173698,0.138987,2.34631,1.389275,1.426682,0.019911,1.684223,25.325469,22707.563558,splice rupture
1637,0.0409,236.869707,0.688194,0.865496,0.525032,0.068488,0.112742,0.210413,0.226427,0.096212,1.450156,2.057547,1.602521,0.014326,1.879988,20.602716,112547.632774,splice rupture
1638,0.0478,237.646677,0.810138,0.922744,0.393195,0.056196,0.119699,0.269575,0.273296,0.185923,1.387288,-0.6,1.016942,0.031929,1.200849,3.0,136516.578648,splice rupture
1639,0.0597,238.104277,0.904971,0.899633,0.451903,0.022537,0.201483,0.235685,0.163264,0.175492,1.719648,3.534753,1.257667,0.017115,1.517558,17.678592,59955.438755,splice rupture
1640,0.0702,238.810662,0.840741,0.891242,0.474994,0.068984,0.209824,0.294108,0.247794,0.223865,2.715012,1.749939,1.532886,0.042483,2.048022,3.0,109330.547025,splice rupture
1641,0.0828,239.143627,0.856768,0.859636,0.533984,0.070569,0.127799,0.257719,0.250714,0.143594,1.418073,4.919465,0.902563,0.021539,1.903659,10.722405,110690.027923,splice rupture
1642,0.0965,237.461683,0.714451,0.915255,0.414891,0.073713,0.188275,0.345865,0.261735,0.239352,2.215601,2.461696,2.17091,0.021888,1.524721,19.752076,127916.127016,splice rupture
1643,0.1083,238.993419,0.840996,0.871181,0.513761,0.063262,0.149107,0.203392,0.210411,0.153871,2.127856,5.747984,0.991267,0.013883,1.886237,14.047817,134896.743065,splice rupture
1644,0.1135,236.318107,0.852582,0.916558,0.41217,0.081408,0.080892,0.211229,0.17566,0.165144,1.701563,2.258058,1.046755,0.018752,1.205687,23.79629,77636.781373,splice rupture
1645,0.1228,238.871331,0.835264,0.934827,0.361576,0.04468,0.231503,0.238764,0.256565,0.21311,3.375047,4.490647,2.195538,0.024064,2.067383,15.446142,54630.105401,splice rupture
1646,0.1316,236.658935,0.863752,0.874344,0.507487,0.091368,0.181963,0.37996,0.228599,0.169158,2.086706,7.10649,0.299534,0.036344,2.356482,14.737852,147633.507298,splice rupture
1647,0.1342,238.446644,0.822179,0.923367,0.393234,0.042242,0.108301,0.26085,0.147502,0.096377,1.617322,1.819207,1.03121,0.01425,1.102308,22.689463,73651.470625,splice rupture
1648,0.1496,239.129187,0.808957,0.900509,0.447717,0.059843,0.178706,0.247685,0.340606,0.282812,1.802079,4.638643,1.029446,0.04592,2.598079,12.636824,166759.503094,splice rupture
1649,0.1525,238.88723,0.756421,0.858116,0.540635,0.075617,0.162557,0.204235,0.177374,0.207141,1.403373,1.929061,1.124433,0.023584,1.338835,14.823836,50530.269721,splice rupture
1650,0.1691,236.360822,0.937702,0.875904,0.504488,0.051701,0.071053,0.194137,0.115167,0.142097,1.156133,2.645041,0.48878,0.015798,1.41288,15.746683,37585.399187,splice rupture
1651,0.1711,237.552768,0.739601,0.903565,0.441329,0.07698,0.214768,0.277283,0.209473,0.173087,1.306051,0.2053,1.028509,0.035588,2.214405,14.527491,99019.770153,splice rupture
1652,0.1839,238.716933,0.864215,0.908024,0.431439,0.055144,0.240517,0.361861,0.219684,0.180869,1.479382,9.408239,1.309277,0.034251,2.070929,23.121526,141284.938501,splice rupture
1653,0.1899,238.688295,1.013188,0.868386,0.517988,0.064363,0.167995,0.25881,0.259631,0.186904,1.451353,3.887517,1.281633,0.031852,1.529462,10.332388,126070.63955,splice rupture
1654,0.2054,238.275931,0.949129,0.900634,0.447105,0.058377,0.173418,0.260339,0.195152,0.178437,1.685195,3.662921,1.698392,0.037786,1.815514,9.187856,86016.294454,splice rupture
1655,0.2197,235.798393,0.895843,0.916471,0.412771,0.050464,0.222209,0.333449,0.33696,0.244804,3.001227,7.978044,0.045441,0.037814,2.72882,7.568237,127757.294942,splice rupture
1656,0.2216,239.198049,0.872477,0.919972,0.403988,0.107022,0.165155,0.221679,0.22075,0.180679,1.320437,2.998691,1.160214,0.029419,1.809419,3.0,163131.697562,splice rupture
1657,0.2234,239.37626,0.838501,0.891743,0.469115,0.045205,0.267717,0.393917,0.331885,0.313822,1.920885,7.702578,1.405867,0.050609,2.433978,25.386195,141102.617084,splice rupture
1658,0.2343,238.16374,0.768879,0.908769,0.430429,0.016278,0.203161,0.310035,0.356739,0.27972,1.469035,2.490973,1.307235,0.017927,2.478252,8.694493,135138.553937,splice rupture
1659,0.2381,238.228578,0.827155,0.921449,0.399175,0.045927,0.1911,0.291971,0.225831,0.212662,1.922985,4.82875,1.222389,0.027576,1.473187,13.329833,87048.921174,splice rupture
1660,0.2398,238.50306,0.901739,0.917049,0.410546,0.064626,0.14178,0.277907,0.209941,0.190782,2.845418,4.207841,0.807501,0.028059,1.979386,25.905903,112042.222655,splice rupture
1661,0.2563,239.460443,0.885074,0.917829,0.406199,0.054463,0.195621,0.220206,0.17705,0.141525,1.421392,3.936382,0.412653,0.02883,1.078289,14.006791,70807.524676,splice rupture
1662,0.2676,238.250554,0.920985,0.90227,0.446523,0.082372,0.155307,0.233011,0.258434,0.209013,1.692641,7.530918,1.340814,0.02379,1.869798,18.600831,82359.508778,splice rupture
1663,0.0017,237.808825,0.95977,0.89811,0.453581,0.081644,0.155593,0.265193,0.297161,0.250179,1.622872,2.835619,0.741295,0.038813,1.926056,5.055852,98624.685076,splice rupture
1664,0.0108,238.38152,0.835739,0.905442,0.439398,0.055632,0.157946,0.219974,0.274947,0.195557,1.76077,3.270123,1.343541,0.020572,1.018427,24.788481,76245.54057,splice rupture
1665,0.0147,237.98889,0.867267,0.884725,0.483296,0.028355,0.128637,0.158075,0.158139,0.136553,0.935431,0.415839,0.622337,0.017059,1.366854,14.148814,62813.983441,splice rupture
1666,0.0287,238.000249,0.679084,0.922242,0.395006,0.036337,0.150181,0.375005,0.279392,0.212896,2.018533,7.421839,1.738715,0.030748,1.882039,7.87194,132937.282059,splice rupture
1667,0.0306,236.234141,1.053058,0.869392,0.516784,0.061356,0.176718,0.39097,0.281328,0.225401,1.71307,5.270583,1.281865,0.042061,2.116144,7.866832,156279.186306,splice rupture
1668,0.0379,238.522832,0.812754,0.889914,0.473564,0.03071,0.05,0.134674,0.17317,0.163622,1.62303,2.367206,1.022145,0.005465,1.130499,26.829831,55800.781863,splice rupture
1669,0.0431,239.171455,0.908652,0.899275,0.452843,0.054644,0.145201,0.335196,0.199263,0.193125,1.948896,3.888985,1.095086,0.041466,1.36568,10.89676,77536.779874,splice rupture
1670,0.0598,239.020373,0.812693,0.909394,0.427633,0.090426,0.173887,0.360124,0.350366,0.213872,1.89648,3.834334,1.094242,0.044065,1.795758,8.023839,115928.999059,splice rupture
1671,0.0625,238.950991,0.810603,0.913151,0.420153,0.068857,0.198483,0.328875,0.273603,0.192637,1.646201,11.793949,1.179356,0.029219,1.783597,11.968514,95005.966966,splice rupture
1672,0.0751,237.946998,0.82867,0.92978,0.377428,0.062913,0.114159,0.308859,0.224814,0.2327,1.129611,3.209605,1.661907,0.031302,1.801834,15.317607,46702.840092,splice rupture
1673,0.0841,238.145676,0.737939,0.901555,0.449195,0.041185,0.174896,0.314521,0.2964,0.188628,2.113368,6.119493,0.473416,0.03441,2.344486,16.062736,138270.494245,splice rupture
1674,0.0982,239.191403,0.626781,0.88564,0.483203,0.065635,0.1996,0.29091,0.250891,0.151043,1.55356,1.729481,0.877253,0.039655,2.413634,18.110503,98061.006876,splice rupture
1675,0.103,238.867354,0.954372,0.897099,0.456737,0.05683,0.234363,0.297175,0.197674,0.198915,1.627245,6.504461,1.794249,0.036831,1.732474,16.643327,107389.457079,splice rupture
1676,0.1178,239.486356,0.899113,0.893612,0.463446,0.066773,0.102949,0.222815,0.187383,0.14084,1.192287,2.711299,1.454345,0.038203,1.264958,19.529971,35948.142985,splice rupture
1677,0.134,237.327284,0.767573,0.910399,0.424254,0.076542,0.110578,0.15795,0.229037,0.120699,1.819804,1.613635,1.323538,0.005,0.915462,13.090774,35135.230846,splice rupture
1678,0.1388,237.321044,0.890672,0.87866,0.498232,0.079962,0.14676,0.230345,0.273601,0.18373,2.241946,4.429605,1.075561,0.024986,1.371355,29.505256,49926.003627,splice rupture
1679,0.1441,237.667432,0.924154,0.896491,0.4602,0.064578,0.125007,0.322281,0.262533,0.162888,1.535358,4.463994,0.569136,0.018936,1.763033,11.580919,105851.942609,splice rupture
1680,0.1605,237.056967,0.787628,0.932453,0.368316,0.072238,0.129691,0.225416,0.202207,0.149938,1.265151,2.474223,0.632667,0.023219,1.694426,24.466756,95010.848215,splice rupture
1681,0.1688,236.678545,0.887066,0.903597,0.443086,0.05176,0.089971,0.273181,0.14902,0.177145,1.587713,-0.6,1.116869,0.047389,2.188649,10.806913,111422.849289,splice rupture
1682,0.1832,238.468637,0.940612,0.878941,0.496897,0.084651,0.205104,0.296014,0.256016,0.243357,1.571287,4.441112,1.746431,0.037472,1.50351,5.005629,102565.26246,splice rupture
1683,0.1978,238.40055,0.720548,0.893204,0.467452,0.044258,0.11712,0.233912,0.210875,0.180951,1.64367,2.362049,1.036601,0.033041,1.462658,3.330379,70888.648383,splice rupture
1684,0.2041,238.246226,0.898007,0.85534,0.545888,0.057851,0.150291,0.297501,0.194403,0.153413,1.442818,1.484764,0.988805,0.029195,1.17903,17.127655,83513.420508,splice rupture
1685,0.2083,238.353745,0.882795,0.898823,0.450321,0.086732,0.167149,0.1288,0.11702,0.107765,1.386501,2.751645,1.048971,0.018907,0.938451,23.133713,61866.628504,splice rupture
1686,0.2155,236.536288,1.019241,0.932954,0.369812,0.052367,0.158269,0.219049,0.189929,0.090496,1.080502,3.298194,1.008648,0.015677,1.338103,6.94285,53541.943662,splice rupture
1687,0.2262,237.519948,0.900133,0.876268,0.503114,0.035184,0.094112,0.210916,0.118345,0.109486,3.1638,0.206595,0.838215,0.015536,1.616107,8.857539,49650.410023,splice rupture
1688,0.2354,237.706532,0.813021,0.870879,0.513011,0.053785,0.147549,0.277987,0.269238,0.161038,1.319296,5.099937,0.737139,0.027273,1.8147,17.702897,87003.792758,splice rupture
1689,0.2483,238.048506,0.823433,0.886935,0.479375,0.089835,0.188532,0.31815,0.209743,0.172826,1.453169,2.127589,1.618948,0.007092,1.669696,14.982206,75360.370612,splice rupture
1690,0.014,236.540237,1.032105,0.918426,0.40676,0.016585,0.11276,0.277957,0.16131,0.165018,3.013762,3.95068,1.629209,0.024434,1.05838,10.900469,75784.410212,splice rupture
1691,0.0171,237.072209,0.818063,0.934093,0.364331,0.064048,0.168974,0.235057,0.283863,0.127114,1.733787,1.922074,0.626103,0.026046,1.264799,6.045164,59384.092909,splice rupture
1692,0.0254,237.563522,0.902753,0.908964,0.428598,0.04932,0.217149,0.223878,0.231557,0.164593,1.299334,2.228419,0.917607,0.019303,1.539499,17.163529,71242.321751,splice rupture
1693,0.0272,239.058285,0.828546,0.874282,0.50578,0.058647,0.209813,0.324553,0.233159,0.244958,1.892069,7.772062,1.669101,0.032257,1.665507,19.57052,140925.403712,splice rupture
1694,0.0305,238.26187,0.947314,0.899556,0.450485,0.055029,0.198508,0.198564,0.260156,0.152446,1.243757,5.808055,0.637033,0.032198,2.153775,18.442246,91313.117308,splice rupture
1695,0.0372,239.021566,0.95176,0.935789,0.362327,0.08121,0.223763,0.282284,0.206128,0.205898,1.765507,9.374705,1.513455,0.039745,2.254019,15.185595,87778.785162,splice rupture
1696,0.0526,237.877569,0.84796,0.893782,0.465172,0.063076,0.073099,0.174683,0.09593,0.116447,0.737775,1.4155,0.776751,0.007332,0.71094,7.610066,5000.0,splice rupture
1697,0.06,238.000989,0.813391,0.902809,0.447917,0.082211,0.185753,0.219621,0.320884,0.198987,1.274351,1.280119,0.622341,0.02542,1.491808,17.201882,146628.990714,splice rupture
1698,0.0658,238.499076,0.811245,0.904811,0.440417,0.087683,0.115826,0.206494,0.225321,0.121422,2.2016,4.964681,1.985052,0.030561,1.364883,16.678797,111776.214418,splice rupture
1699,0.0777,237.822789,0.694547,0.869083,0.518335,0.062598,0.189691,0.235173,0.230612,0.156643,1.278414,5.335855,0.999892,0.030547,1.381688,5.807494,96857.02293,splice rupture
1700,0.0901,237.375275,0.85905,0.919959,0.401228,0.05481,0.170737,0.488235,0.341578,0.214482,1.508115,7.710725,1.64813,0.044987,1.85839,12.883609,147553.734136,splice rupture
1701,0.099,236.510215,0.857236,0.917075,0.409787,0.069544,0.168554,0.282635,0.242631,0.160853,1.340878,2.206469,0.613981,0.034937,1.191509,17.565012,100121.988933,splice rupture
1702,0.105,237.402083,0.776548,0.860129,0.535382,0.073404,0.209692,0.35143,0.239325,0.193873,1.945421,2.159444,2.071097,0.047659,1.853044,14.452317,103779.668571,splice rupture
1703,0.1112,238.836187,0.684867,0.873387,0.507727,0.038934,0.112676,0.174774,0.229995,0.190334,0.997125,3.523649,1.939844,0.02025,1.613397,3.0,49171.303148,splice rupture
1704,0.1156,239.260674,0.868566,0.880606,0.49296,0.066721,0.139526,0.290053,0.147213,0.175045,1.380676,2.253491,0.450529,0.039252,1.549314,10.517523,138683.252489,splice rupture
1705,0.1227,237.226843,0.879936,0.914967,0.416,0.056929,0.103989,0.096064,0.123429,0.071173,1.561686,1.833319,0.922881,0.012649,1.326529,10.051864,55833.159234,splice rupture
1706,0.1268,236.266263,0.885518,0.884978,0.48501,0.053593,0.131393,0.250374,0.222516,0.180671,1.554033,9.633674,1.853231,0.044437,1.631618,18.915057,86487.045323,splice rupture
1707,0.1382,238.926611,0.760906,0.908027,0.430241,0.048181,0.177025,0.31608,0.275115,0.246307,2.417792,9.299665,1.002315,0.033341,2.068588,33.188684,104223.893203,splice rupture
1708,0.1536,238.069299,0.88571,0.896365,0.459722,0.049486,0.167895,0.258865,0.264643,0.214816,2.165404,7.690494,1.552296,0.03799,1.901288,15.937756,118444.059447,splice rupture
1709,0.1591,236.652953,0.833928,0.901423,0.44858,0.087113,0.108491,0.245491,0.103174,0.137413,1.592513,2.010386,0.329084,0.030349,1.548035,6.614228,92939.992239,splice rupture
1710,0.1643,234.889211,0.927804,0.909919,0.426823,0.05472,0.15948,0.26524,0.109444,0.151804,1.783062,2.136739,0.762031,0.01555,1.600902,13.876458,95954.816387,splice rupture
1711,0.1797,237.036589,0.762266,0.905447,0.437328,0.084875,0.157915,0.205092,0.196966,0.174336,1.051178,4.356076,1.262401,0.01687,1.933253,15.074443,70941.865433,splice rupture
1712,0.19,237.537054,0.953518,0.899621,0.452559,0.064621,0.143066,0.214543,0.194427,0.161574,1.462771,6.434211,0.881975,0.027387,1.828719,20.296168,91692.510721,splice rupture
1713,0.2028,236.848349,0.985899,0.906542,0.431919,0.039346,0.079762,0.182187,0.140161,0.099831,1.186403,2.113126,0.916182,0.025022,1.489435,23.694853,89440.725837,splice rupture
1714,0.2181,238.691906,0.860447,0.904339,0.44097,0.065815,0.126095,0.136163,0.076904,0.082187,1.050849,1.250517,0.33344,0.030497,0.554007,24.737125,40017.60899,splice rupture
1715,0.2299,237.187432,0.886331,0.895807,0.463005,0.038242,0.113181,0.197855,0.188724,0.140522,1.115484,2.872002,1.358508,0.015516,1.227476,18.760604,107806.331457,splice rupture
1716,0.2429,238.012402,0.92055,0.891375,0.466531,0.074143,0.220303,0.292836,0.292861,0.194306,1.33205,1.202977,0.527608,0.038507,1.492744,14.994452,94614.386807,splice rupture
1717,0.2504,240.373489,0.757687,0.937609,0.356343,0.057845,0.151289,0.235282,0.22988,0.157188,1.959989,1.222947,1.940946,0.025312,1.451503,25.383814,128322.933347,splice rupture
1718,0.2665,238.117461,0.806236,0.891146,0.471748,0.079104,0.181741,0.379921,0.321178,0.19099,2.988065,1.948659,0.904821,0.029135,1.947894,12.567485,75973.710156,splice rupture
1719,0.2789,237.884482,0.86658,0.92734,0.381399,0.090671,0.173998,0.395222,0.250041,0.211667,2.641754,6.532326,1.72989,0.031569,2.117014,15.381357,126571.960637,splice rupture
1720,0.2815,237.907072,1.032421,0.886297,0.482289,0.027293,0.152917,0.257534,0.231493,0.140493,1.04962,3.908157,1.47973,0.023346,1.676639,13.29594,67780.469043,splice rupture
1721,0.2922,238.669014,0.74235,0.916203,0.413797,0.052777,0.213553,0.167138,0.224658,0.120161,1.151848,3.407692,0.584609,0.022526,1.573424,3.0,51595.429826,splice rupture
1722,0.2952,238.545085,0.997395,0.935675,0.358864,0.037811,0.162434,0.26511,0.240654,0.208532,1.493203,0.595052,0.948187,0.027493,2.036192,23.9023,123648.535392,splice rupture
1723,0.3048,236.996446,0.83261,0.89325,0.465212,0.105165,0.197976,0.285308,0.230847,0.144052,1.233782,0.963143,0.970328,0.018072,1.378212,19.728634,90785.165729,splice rupture
1724,0.3077,237.588847,0.846901,0.886652,0.480781,0.053194,0.154449,0.28063,0.199387,0.17989,1.965559,4.511601,0.978851,0.024678,1.720307,3.0,148180.957581,splice rupture
1725,0.0112,237.332671,0.959624,0.891415,0.471804,0.035698,0.234267,0.325853,0.315765,0.191226,1.694606,3.199541,0.614762,0.038031,2.352462,22.012279,130828.774325,splice rupture
1726,0.0198,237.717357,1.03193,0.899613,0.451103,0.106807,0.116461,0.274673,0.295839,0.164111,1.354796,2.756572,1.531602,0.020707,2.286348,12.875939,89343.455964,splice rupture
1727,0.0299,239.826621,0.888056,0.906437,0.435962,0.047479,0.222279,0.294274,0.253217,0.16454,1.719777,6.264214,0.866078,0.032761,1.746757,21.919822,109795.282025,splice rupture
1728,0.0414,238.617448,0.954827,0.8992,0.451861,0.029563,0.175475,0.282302,0.226067,0.226862,1.256088,3.047366,1.161492,0.037181,1.764019,15.530531,93928.176836,splice rupture
1729,0.0468,237.920237,0.767172,0.8916,0.469966,0.038832,0.179158,0.287278,0.1941,0.159134,2.37512,4.021176,1.842221,0.043118,2.371066,5.498625,130619.483915,splice rupture
1730,0.0533,239.244532,0.802348,0.939091,0.352391,0.064864,0.165034,0.238416,0.195859,0.141258,2.10144,2.760128,1.379639,0.026502,1.562231,15.184475,76244.476703,splice rupture
1731,0.0622,238.188471,0.72828,0.895991,0.460297,0.062915,0.13615,0.192205,0.179912,0.147519,1.693069,2.656404,0.807278,0.010438,0.962401,8.710833,88046.671602,splice rupture
1732,0.0725,236.36195,0.803597,0.887598,0.478156,0.04528,0.118071,0.219774,0.23103,0.206586,1.698195,4.973231,1.679701,0.031222,1.124191,6.439805,95870.121778,splice rupture
1733,0.0883,239.663965,0.900871,0.91661,0.41123,0.052299,0.05,0.206143,0.181655,0.196033,1.23806,1.027968,1.340112,0.028174,1.889956,21.069203,75109.066473,splice rupture
1734,0.0953,237.843601,0.869093,0.916929,0.409281,0.063062,0.213328,0.238814,0.306531,0.165704,1.650562,3.571244,0.843222,0.02287,1.219985,17.740819,118047.517631,splice rupture
1735,0.106,235.743973,1.005439,0.92825,0.379625,0.088478,0.156417,0.238585,0.199639,0.199671,1.509751,6.522104,0.952074,0.028034,1.733769,25.482981,58189.90796,splice rupture
1736,0.1218,236.400374,1.034924,0.938557,0.354176,0.068666,0.13941,0.31857,0.148072,0.174687,1.172197,8.084278,1.688514,0.031,1.990854,12.239305,96824.238094,splice rupture
1737,0.1344,239.127685,0.837715,0.906925,0.437325,0.050737,0.132378,0.230873,0.156248,0.16396,1.776793,1.141167,1.530819,0.038487,1.094122,8.259676,73634.948984,splice rupture
1738,0.141,236.4166,0.788828,0.894235,0.46139,0.057431,0.25683,0.451431,0.274357,0.247706,2.742374,7.362928,0.517603,0.035466,2.004085,19.471631,98067.479942,splice rupture
1739,0.1489,239.349225,0.954403,0.861955,0.532556,0.077394,0.175398,0.352128,0.327371,0.1663,1.552638,4.769418,0.759962,0.039506,1.705209,9.164226,95628.928916,splice rupture
1740,0.164,238.081048,0.96378,0.881243,0.493599,0.095601,0.176222,0.223719,0.160669,0.175066,1.941233,3.684905,1.532582,0.02967,2.256339,12.828636,80500.329062,splice rupture
1741,0.1723,238.713894,0.889712,0.904171,0.439543,0.039908,0.152938,0.333011,0.176089,0.196872,1.556815,2.493303,0.618487,0.029917,2.388006,18.675668,92608.715513,splice rupture
1742,0.1777,237.743194,0.9135,0.876381,0.501793,0.084282,0.166399,0.308492,0.314007,0.203755,1.668212,8.132821,1.809633,0.045021,2.011469,14.118381,129847.058467,splice rupture
1743,0.1873,238.523365,0.899424,0.868298,0.518171,0.055744,0.168333,0.337101,0.245576,0.172678,1.004765,4.433261,2.037231,0.018907,1.719255,11.578883,96707.008301,splice rupture
1744,0.1917,238.316567,0.761012,0.901317,0.450848,0.029515,0.162191,0.229167,0.108121,0.093385,1.663961,6.417107,1.245575,0.024205,1.504459,5.181365,68461.013022,splice rupture
1745,0.2022,237.96147,0.740329,0.915535,0.416439,0.025555,0.146881,0.309381,0.151835,0.190975,1.804609,1.457765,0.755076,0.029461,1.745176,21.55824,135218.139857,splice rupture
1746,0.2191,236.934561,0.845419,0.89507,0.460825,0.088683,0.172112,0.293899,0.209713,0.235166,1.343094,0.5726,1.340514,0.019769,1.406834,12.421012,95777.728877,splice rupture
1747,0.2356,238.358528,0.831918,0.917936,0.405762,0.091067,0.178542,0.309673,0.285339,0.191028,1.550598,9.413836,1.799243,0.039364,2.613216,19.326651,62557.261846,splice rupture
1748,0.2466,236.182976,0.874925,0.912332,0.423013,0.050618,0.199843,0.303244,0.275239,0.180455,1.71553,4.978468,1.348923,0.038439,1.494918,18.401948,104312.314992,splice rupture
1749,0.2619,238.931501,0.83819,0.922985,0.395847,0.057757,0.195696,0.18415,0.158803,0.110873,1.523708,2.395333,1.332105,0.024135,1.557229,22.639009,82972.04243,splice rupture
1750,0.276,238.196995,0.696706,0.943469,0.339718,0.026353,0.105214,0.210927,0.202183,0.141012,1.794574,2.577652,0.678274,0.018283,1.062763,13.351022,5000.0,splice rupture
1751,0.2922,238.464197,0.659903,0.952281,0.308585,0.077241,0.131393,0.289673,0.209325,0.186796,1.347043,0.991965,0.787646,0.024728,1.84782,12.565969,111337.696859,splice rupture
1752,0.3073,235.383093,0.916369,0.914633,0.417281,0.061432,0.173359,0.241887,0.251385,0.199263,1.298682,5.666865,1.746562,0.03621,2.207428,7.242121,104991.665602,splice rupture
1753,0.3227,236.874266,0.790349,0.890803,0.470589,0.030954,0.102233,0.297241,0.106875,0.132901,1.349315,2.771106,0.762203,0.023208,1.133692,11.201444,52946.875323,splice rupture
1754,0.3278,237.494234,0.829109,0.901237,0.449116,0.066095,0.05,0.19563,0.102518,0.052455,0.97319,2.811276,-0.072907,0.012498,0.83612,17.388144,37747.517962,splice rupture
1755,0.0022,238.673678,0.799782,0.931465,0.372321,0.034211,0.16863,0.255945,0.334483,0.188915,1.336224,5.980096,1.061829,0.025188,1.335449,9.280619,115527.923386,splice rupture
1756,0.0139,237.057189,0.767826,0.882136,0.49327,0.07315,0.157672,0.216639,0.187099,0.138907,1.862648,4.850402,1.277824,0.024739,1.609961,17.210509,104558.253463,splice rupture
1757,0.0299,240.548004,0.765413,0.928953,0.379892,0.040344,0.104807,0.269945,0.102714,0.098872,0.902567,2.224244,1.399076,0.0118,1.358782,25.271044,48567.03243,splice rupture
1758,0.0468,237.736687,0.941785,0.896602,0.458291,0.068741,0.160501,0.320957,0.214312,0.231173,1.223336,7.381201,2.037893,0.03075,1.643559,11.883514,67613.050026,splice rupture
1759,0.0615,236.984004,0.828476,0.904543,0.440698,0.048939,0.120677,0.306144,0.218186,0.112046,1.29238,4.530536,1.193397,0.020286,1.541363,5.799413,91462.93585,splice rupture
1760,0.0759,237.81315,0.907129,0.883846,0.486624,0.014686,0.221204,0.34795,0.351262,0.190303,1.893827,4.659043,1.767127,0.030705,2.908948,12.106192,135095.883045,splice rupture
1761,0.0854,237.049053,0.919218,0.873525,0.506666,0.081923,0.167939,0.302573,0.265141,0.190138,1.596557,2.449619,1.271461,0.050849,2.061967,5.04138,110141.723789,splice rupture
1762,0.0939,236.815659,0.878491,0.894423,0.466544,0.083019,0.193001,0.319117,0.22313,0.18954,2.329735,3.112795,1.455505,0.044861,2.359459,24.339565,94864.022753,splice rupture
1763,0.1053,239.01098,0.922184,0.92606,0.389359,0.051564,0.169159,0.260337,0.292786,0.163816,1.325518,5.149142,1.104662,0.028911,1.071356,15.593959,92983.013167,splice rupture
1764,0.1072,238.513241,0.851288,0.885961,0.48197,0.067489,0.152694,0.243196,0.243248,0.166668,1.751056,1.090475,1.307324,0.030611,1.705022,9.900824,84970.564312,splice rupture
1765,0.121,238.516144,0.972743,0.93225,0.371262,0.070764,0.18396,0.299171,0.185313,0.170123,1.270716,3.657604,0.793277,0.032416,1.654747,11.081007,107907.679544,splice rupture
1766,0.1327,239.276753,0.924107,0.888543,0.479715,0.07141,0.211757,0.408351,0.273314,0.189705,1.380132,3.192648,2.415203,0.033525,1.75274,6.725208,145999.087018,splice rupture
1767,0.1368,238.486672,0.93608,0.878635,0.499655,0.096512,0.198348,0.297806,0.294432,0.189169,2.28597,1.866937,0.004703,0.034167,1.698557,22.077981,145572.738769,splice rupture
1768,0.1482,236.932593,0.765533,0.905073,0.438784,0.070336,0.060089,0.123961,0.215258,0.127896,0.858851,1.032017,1.244828,0.017828,1.163449,27.860373,96072.895566,splice rupture
1769,0.159,238.708644,0.873692,0.913581,0.418659,0.054847,0.15165,0.284755,0.096631,0.140062,1.360815,2.495853,1.177818,0.029797,0.910389,4.54135,111922.906994,splice rupture
1770,0.1727,236.873381,0.684848,0.903762,0.439742,0.070558,0.112886,0.288382,0.178641,0.151547,0.937517,3.573546,1.209074,0.030205,1.092813,22.302827,95382.486472,splice rupture
1771,0.1872,237.521961,0.976092,0.903019,0.445212,0.053401,0.1963,0.347265,0.277208,0.200669,1.960509,3.602089,0.670009,0.04487,1.982557,13.279045,103388.151691,splice rupture
1772,0.1926,237.954282,0.793901,0.932059,0.372605,0.040689,0.066409,0.266137,0.121825,0.128082,0.849796,-0.076974,0.291821,0.020166,1.316075,23.872432,96494.808814,splice rupture
1773,0.2067,237.85282,0.806377,0.901898,0.448527,0.086395,0.247864,0.328851,0.237388,0.236824,1.338994,13.023107,1.616773,0.047579,1.813229,3.0,80819.317999,splice rupture
1774,0.211,236.208817,0.726937,0.890592,0.473203,0.072683,0.098521,0.246058,0.301043,0.195747,1.537239,7.049274,1.943585,0.029696,1.755254,16.577763,155666.687701,splice rupture
1775,0.2187,237.032395,0.846736,0.877341,0.501033,0.024768,0.209341,0.212321,0.263487,0.1822,1.155926,6.142494,1.32921,0.043151,2.108685,12.144704,77363.633891,splice rupture
1776,0.2278,237.977491,0.825857,0.925473,0.387018,0.048327,0.157619,0.178374,0.313574,0.155906,1.37543,6.189113,1.524948,0.022108,1.055174,19.613623,106446.770873,splice rupture
1777,0.014,237.389313,1.014043,0.891486,0.47066,0.077153,0.140877,0.334413,0.256187,0.204269,2.140937,5.886623,1.080186,0.025574,2.234202,15.427993,150595.028743,splice rupture
1778,0.0294,239.126258,0.927331,0.893438,0.464907,0.030724,0.224723,0.252815,0.242076,0.155945,2.935279,3.866352,1.381197,0.04283,1.906535,15.155792,108282.966823,splice rupture
1779,0.0312,239.297486,0.803681,0.921038,0.400848,0.046941,0.129198,0.16307,0.179051,0.119064,1.281129,3.890191,1.528763,0.024535,1.369576,14.258094,23163.4573,splice rupture
1780,0.0441,236.879614,0.700039,0.941083,0.343832,0.11523,0.050488,0.199243,0.219083,0.149916,1.237787,4.297134,0.908108,0.02485,1.175631,25.936092,51887.840138,splice rupture
1781,0.0592,238.059755,0.64447,0.905027,0.440132,0.055378,0.094694,0.224082,0.222262,0.094114,1.79033,2.762733,1.468666,0.016266,0.854876,13.775184,72270.549459,splice rupture
1782,0.0755,239.582717,0.757637,0.89726,0.459257,0.083654,0.214446,0.307468,0.289896,0.22095,1.482028,8.134131,0.426184,0.028806,2.625971,21.049983,133030.075589,splice rupture
1783,0.0812,237.865782,0.730191,0.899887,0.451852,0.092009,0.256973,0.31114,0.240777,0.22553,1.598585,2.273574,1.012792,0.030724,1.991541,19.399593,119412.281674,splice rupture
1784,0.0854,237.593021,0.881375,0.890889,0.47199,0.04383,0.182483,0.304608,0.244425,0.27244,2.103052,4.773325,1.625104,0.035053,1.795088,21.221664,118491.886693,splice rupture
1785,0.0946,238.860221,0.836955,0.892883,0.468458,0.067327,0.076012,0.308317,0.230552,0.196531,1.338906,7.071266,2.120388,0.026147,1.705964,7.896747,60936.000502,splice rupture
1786,0.1101,237.725798,0.851559,0.89299,0.469506,0.103176,0.158126,0.189475,0.220525,0.149847,1.109521,3.277049,1.02053,0.006428,1.029031,19.950211,107649.279152,splice rupture
1787,0.1165,239.27087,0.764597,0.918215,0.407086,0.07119,0.141218,0.227079,0.109195,0.169657,1.317127,0.736704,0.606792,0.033954,1.696337,17.358086,67448.442175,splice rupture
1788,0.1258,237.405253,0.863683,0.898237,0.455837,0.10931,0.061379,0.294252,0.126012,0.12803,1.018529,2.064884,1.91677,0.019524,1.324342,6.673804,94366.326509,splice rupture
1789,0.1427,237.525412,0.722163,0.927186,0.386233,0.049262,0.168819,0.409696,0.265756,0.219658,1.158525,6.978648,1.131722,0.036413,2.08815,13.51323,126001.059909,splice rupture
1790,0.1513,238.790156,0.842053,0.897674,0.457337,0.097942,0.217855,0.376941,0.229141,0.234723,1.578565,7.265929,1.731999,0.03083,2.370237,31.059957,97227.947227,splice rupture
1791,0.1625,238.100544,0.924722,0.892659,0.464581,0.062333,0.194531,0.371778,0.237391,0.228467,1.70218,6.4507,1.16696,0.036832,2.117768,12.257355,125379.88278,splice rupture
1792,0.1795,238.108406,0.817111,0.925558,0.387217,0.05545,0.119555,0.184403,0.264363,0.125978,1.620323,3.753135,1.207469,0.032071,1.913287,12.426452,92739.763643,splice rupture
1793,0.1866,236.090669,0.889928,0.900431,0.451164,0.074801,0.070138,0.167652,0.116052,0.087435,1.027746,1.484203,0.683169,0.021316,0.771953,18.154971,47380.963989,splice rupture
1794,0.1924,237.646587,0.672082,0.897471,0.456193,0.059771,0.112896,0.210082,0.161428,0.08501,1.586113,1.929109,2.039019,0.019589,1.24551,11.213906,93995.594515,splice rupture
1795,0.1983,238.864037,0.664862,0.900671,0.451645,0.060309,0.208677,0.378797,0.35309,0.215344,1.775432,3.28154,1.997674,0.038221,2.324758,15.983172,104141.763087,splice rupture
1796,0.2093,237.21629,0.879453,0.929333,0.380981,0.071704,0.191063,0.262916,0.187506,0.17105,1.985113,6.473071,2.131788,0.034029,1.899057,11.857636,101656.778036,splice rupture
1797,0.2133,238.700668,0.944232,0.906122,0.435887,0.025845,0.084184,0.260831,0.150441,0.155246,1.348336,3.976769,0.776584,0.024973,1.423418,17.816703,81011.905205,splice rupture
1798,0.2174,238.26799,0.828559,0.92499,0.388239,0.046027,0.154067,0.277292,0.291894,0.123108,1.035082,4.696183,0.274988,0.017822,1.140217,14.56679,138994.925419,splice rupture
1799,0.2229,237.800285,1.043069,0.895308,0.461133,0.076453,0.150611,0.324381,0.207127,0.174077,1.159405,3.92588,0.971203,0.019423,1.481609,28.66395,67002.0685,splice rupture
1800,0.0146,239.357755,0.720094,0.921788,0.3975,0.081831,0.126553,0.283185,0.208612,0.15444,1.295088,4.387653,2.141976,0.018604,1.110544,15.322049,89276.36188,splice rupture
1801,0.0243,237.660156,0.788801,0.904754,0.442299,0.069145,0.21416,0.445195,0.309761,0.305288,2.242176,8.549487,1.235749,0.039786,2.484116,13.441724,175309.709803,splice rupture
1802,0.0379,237.729853,0.862608,0.917652,0.407114,0.067517,0.257586,0.399154,0.30372,0.291709,1.726681,9.059758,2.000621,0.04877,2.225177,22.206054,108790.842547,splice rupture
1803,0.0543,237.788864,0.891794,0.919333,0.405528,0.070047,0.174032,0.204053,0.157006,0.155099,1.423211,3.252111,0.628533,0.02975,1.247076,5.262409,82317.492383,splice rupture
1804,0.0672,238.080525,0.797449,0.881168,0.494552,0.081156,0.09289,0.211618,0.165228,0.147563,0.997517,1.05465,0.63291,0.012466,1.055698,26.842058,40624.579383,splice rupture
1805,0.0787,238.766958,0.754666,0.901439,0.448943,0.033475,0.162916,0.240514,0.279343,0.193924,1.3252,3.742642,1.179549,0.041802,1.787129,8.080635,54960.909616,splice rupture
1806,0.0803,236.527445,0.905824,0.919144,0.405549,0.051811,0.178436,0.251726,0.233016,0.161871,1.754132,4.937574,2.221346,0.026622,1.906889,23.347133,75898.228107,splice rupture
1807,0.0888,238.868045,0.861992,0.92233,0.396486,0.060511,0.218579,0.392838,0.31194,0.19427,1.819905,6.471718,1.856797,0.036224,2.096806,25.196268,95512.339172,splice rupture
1808,0.0944,238.068098,0.818984,0.925069,0.392353,0.065916,0.162882,0.343048,0.302432,0.229933,3.53884,8.884293,0.187642,0.026213,2.677439,11.319356,101168.029468,splice rupture
1809,0.1039,238.554035,0.894893,0.902095,0.44583,0.019807,0.091173,0.218169,0.123757,0.260517,1.091679,2.010641,1.342019,0.018282,1.382922,11.99201,66943.35817,splice rupture
1810,0.1201,240.39185,0.837729,0.930804,0.375612,0.036852,0.209192,0.356917,0.281653,0.261094,2.514916,6.41154,0.701167,0.042435,1.996197,14.235754,120714.988303,splice rupture
1811,0.1266,237.48834,0.837423,0.886856,0.480063,0.061667,0.114991,0.246238,0.191335,0.174678,1.108741,3.327882,0.828319,0.01987,1.576505,19.350825,62889.652845,splice rupture
1812,0.1306,236.775329,0.834108,0.870105,0.512619,0.082263,0.121103,0.195036,0.295636,0.216399,2.367677,8.70934,1.541121,0.03179,2.133265,8.013593,115407.514063,splice rupture
1813,0.1449,238.193799,0.776105,0.894448,0.463197,0.053619,0.127022,0.192662,0.241052,0.184833,1.464776,4.36151,1.848893,0.029832,1.959515,14.235417,117673.168023,splice rupture
1814,0.1617,238.352167,0.766953,0.923917,0.392367,0.048662,0.202035,0.350676,0.278804,0.210501,1.601095,6.282004,2.04025,0.026005,2.475313,12.806027,142986.006152,splice rupture
1815,0.1753,238.871609,0.802687,0.878276,0.498337,0.072573,0.131015,0.096409,0.172014,0.117651,1.164302,1.412072,0.991996,0.005,0.618096,6.940813,44920.107245,splice rupture
1816,0.179,237.461623,0.852886,0.870603,0.51338,0.055439,0.162364,0.304491,0.170679,0.201916,1.883496,4.425036,1.470679,0.038486,2.392619,7.68497,129841.535959,splice rupture
1817,0.189,237.169893,0.681585,0.86559,0.525408,0.079618,0.129651,0.163704,0.161575,0.119706,1.946048,0.824115,1.710194,0.043385,1.445022,15.897728,65045.14176,splice rupture
1818,0.1968,236.467029,0.935027,0.914719,0.41709,0.057573,0.167017,0.238035,0.207465,0.197095,1.276563,1.512485,0.415245,0.031623,1.497627,15.773677,89856.513299,splice rupture
1819,0.2081,236.632506,0.85166,0.871048,0.513006,0.039696,0.180373,0.337001,0.299843,0.243269,1.45894,6.219036,2.362162,0.039526,2.124513,9.652159,128665.841237,splice rupture
1820,0.22,237.584038,0.754142,0.910981,0.42467,0.090412,0.112484,0.272823,0.220696,0.146712,1.510397,3.10447,0.762263,0.017314,1.832124,15.554694,73215.856128,splice rupture
1821,0.234,237.883415,0.995494,0.893438,0.464278,0.086745,0.139329,0.274376,0.185774,0.154735,1.445987,3.106153,1.195795,0.032912,1.551178,10.471331,49761.818425,splice rupture
1822,0.2392,240.065134,0.853761,0.884588,0.485568,0.04289,0.112174,0.213181,0.147141,0.195435,2.033742,5.198321,0.915782,0.02328,1.256194,24.149637,107189.626085,splice rupture
1823,0.2556,236.307417,0.729837,0.880026,0.496947,0.069914,0.123055,0.261841,0.230325,0.162783,1.273257,3.618504,0.594318,0.03371,1.236362,14.279127,69417.362453,splice rupture
1824,0.2605,238.335401,0.991455,0.904126,0.443535,0.055467,0.120317,0.14202,0.188096,0.128784,1.088275,2.265337,1.271692,0.02637,1.012754,22.682745,64397.40036,splice rupture
1825,0.2639,237.274064,0.971938,0.884917,0.483582,0.074381,0.173075,0.278559,0.161453,0.162546,1.696286,3.702568,1.332204,0.033017,1.567734,3.151173,121321.318045,splice rupture
1826,0.2782,238.222867,0.76821,0.899901,0.454242,0.044486,0.119604,0.326207,0.222506,0.178081,1.578253,4.717109,1.165309,0.033039,1.828595,17.259361,110853.630641,splice rupture
1827,0.2869,237.446764,0.820932,0.908028,0.4317,0.079437,0.170891,0.291649,0.269999,0.242714,1.876104,3.733197,1.17454,0.034523,1.574192,19.172551,108763.823671,splice rupture
1828,0.296,239.035385,0.808817,0.912253,0.420521,0.085899,0.095048,0.291528,0.27496,0.144545,1.125394,4.602311,1.794898,0.025394,1.334652,14.034816,47939.482034,splice rupture
1829,0.3025,239.02919,0.679948,0.918686,0.404012,0.043053,0.109266,0.26087,0.132122,0.156799,2.018282,2.845832,2.068291,0.029498,1.84021,11.228026,52282.547892,splice rupture
1830,0.0022,237.886899,0.879222,0.903295,0.441794,0.063354,0.179864,0.275662,0.264051,0.165996,1.616273,4.333639,1.80466,0.022254,2.193834,13.922809,102464.076841,splice rupture
1831,0.0067,239.439112,0.926063,0.878998,0.49754,0.086319,0.149943,0.244282,0.164904,0.158871,2.042472,2.184016,1.305488,0.024956,2.129376,20.197256,105155.824056,splice rupture
1832,0.02,238.760109,0.90912,0.909315,0.428776,0.041973,0.202845,0.231088,0.156081,0.145491,1.415721,5.692803,0.372654,0.037012,1.132485,6.526267,97230.317608,splice rupture
1833,0.025,239.392559,0.852948,0.913124,0.418966,0.048623,0.135203,0.158911,0.136888,0.157548,1.139182,5.388726,1.402454,0.02525,2.004586,19.903429,71998.914474,splice rupture
1834,0.0419,237.956863,0.934794,0.896369,0.458016,0.075235,0.199602,0.223064,0.275433,0.176369,1.775161,1.410866,1.585569,0.027567,1.893023,17.22856,91191.448065,splice rupture
1835,0.0556,238.951799,0.747819,0.894242,0.462433,0.058786,0.153684,0.268853,0.193141,0.184281,1.637382,3.437694,1.428424,0.029966,1.443523,13.174453,82652.672943,splice rupture
1836,0.0702,237.231737,1.013645,0.949504,0.317812,0.030495,0.155694,0.339087,0.208645,0.172377,1.14301,3.63732,0.621771,0.033178,2.01591,13.473561,66115.256832,splice rupture
1837,0.0853,237.130341,0.780513,0.874139,0.508659,0.055596,0.110727,0.199404,0.238799,0.167635,2.725573,4.128529,1.574459,0.017186,1.853809,15.433021,92134.884552,splice rupture
1838,0.0979,240.179826,0.790509,0.909873,0.430522,0.096929,0.155776,0.271603,0.230502,0.17339,1.30982,4.851786,1.974155,0.032922,1.177686,26.610337,64804.655713,splice rupture
1839,0.1066,236.914128,0.798231,0.920921,0.403158,0.103258,0.181946,0.255281,0.290048,0.233802,1.845393,-0.6,0.788224,0.035599,1.981105,17.436017,95599.354707,splice rupture
1840,0.1223,237.563894,0.791667,0.893175,0.467471,0.049258,0.100793,0.150178,0.154357,0.177405,1.523325,3.387666,1.324159,0.025622,1.180104,8.401155,74682.310149,splice rupture
1841,0.1305,236.101993,0.832655,0.89663,0.45796,0.043734,0.088152,0.15386,0.068622,0.062719,1.013818,2.198087,0.573597,0.014684,0.513956,11.952913,62917.649577,splice rupture
1842,0.1334,237.154137,0.82917,0.891971,0.468109,0.05284,0.097499,0.211979,0.287233,0.166943,1.433455,5.267717,1.077503,0.027923,1.84118,6.987953,92111.119753,splice rupture
1843,0.1442,237.005764,0.861668,0.900004,0.452151,0.098038,0.096943,0.11202,0.247062,0.09149,1.321201,1.388633,0.636651,0.008736,1.778722,3.0,49375.229089,splice rupture
1844,0.1473,237.329709,0.776317,0.91799,0.407445,0.078842,0.05,0.220943,0.194508,0.126696,0.589222,1.299074,0.724533,0.007735,0.871831,6.865036,6837.605955,splice rupture
1845,0.159,238.299884,0.864994,0.896036,0.460655,0.091282,0.208256,0.361846,0.283366,0.239624,1.985012,4.719147,1.19471,0.04296,2.450801,15.840535,129346.997567,splice rupture
1846,0.1759,238.541035,0.751862,0.962212,0.27868,0.081974,0.154866,0.245004,0.22165,0.155302,1.487508,0.200874,1.482753,0.049484,1.942514,23.917702,64960.107136,splice rupture
1847,0.1879,236.99319,0.915923,0.890945,0.471699,0.035613,0.160276,0.312428,0.239967,0.165744,2.226923,3.371106,1.751503,0.034307,2.013251,21.970414,129586.783734,splice rupture
1848,0.1927,237.210333,0.914806,0.92755,0.38641,0.043023,0.154929,0.250541,0.270574,0.19414,1.884602,1.667339,1.755715,0.021552,1.985391,6.913175,66729.641499,splice rupture
1849,0.1963,239.08351,0.849479,0.910878,0.423698,0.048077,0.160096,0.313815,0.249348,0.14521,1.284241,5.313497,0.910054,0.031304,1.367637,9.41645,153231.853129,splice rupture
1850,0.2033,239.705293,0.791527,0.902169,0.446695,0.051561,0.14662,0.230185,0.183399,0.173134,1.092914,0.639972,1.320325,0.019379,1.747907,8.429213,66721.487388,splice rupture
1851,0.2071,239.255917,0.878002,0.929415,0.378442,0.048434,0.152587,0.329686,0.285652,0.196459,3.024604,2.598177,0.701925,0.041309,2.038568,3.0,121819.941482,splice rupture
1852,0.2174,236.353669,0.770112,0.867998,0.518163,0.050761,0.141197,0.327391,0.201875,0.180964,1.15432,3.142242,1.166097,0.029395,1.602131,13.826513,83424.692315,splice rupture
1853,0.2311,239.189407,0.853109,0.908504,0.43231,0.07481,0.220056,0.202118,0.16055,0.15847,1.319509,5.475707,1.216901,0.035168,1.58621,20.622785,91598.88781,splice rupture
1854,0.2428,239.853689,0.836337,0.885672,0.485152,0.064716,0.140324,0.237439,0.238252,0.152816,1.232256,9.674861,0.741602,0.027144,2.313336,13.233267,100794.837542,splice rupture
1855,0.2538,236.304051,1.086692,0.89128,0.47394,0.086396,0.143702,0.391097,0.271607,0.218133,2.523352,6.949393,1.68246,0.0442,1.864657,6.125284,143063.064897,splice rupture
1856,0.2621,239.082701,0.739565,0.89034,0.473322,0.067037,0.175618,0.251467,0.237012,0.203183,1.516757,2.040467,1.140745,0.017572,1.757999,9.083962,121642.090311,splice rupture
1857,0.2663,238.225217,0.609942,0.880724,0.490559,0.048474,0.105813,0.210317,0.05,0.134157,1.08957,1.826759,1.138113,0.022406,1.878483,12.698072,92232.524898,splice rupture
1858,0.2776,237.672862,0.792618,0.866948,0.522465,0.065769,0.178074,0.264635,0.200861,0.20474,1.623488,5.899465,1.87219,0.03366,1.486628,20.39154,125282.751099,splice rupture
1859,0.2856,238.106183,0.695602,0.907776,0.433959,0.031774,0.172963,0.276007,0.250243,0.190338,2.844523,1.518613,1.033264,0.02886,1.784315,13.720274,91835.07283,splice rupture
1860,0.0117,238.443261,0.784597,0.898683,0.453687,0.015763,0.171866,0.237539,0.147524,0.193128,1.720199,5.909138,1.60141,0.029706,1.712044,19.444365,107495.080829,splice rupture
1861,0.0191,239.157585,0.733216,0.893988,0.464951,0.074864,0.155344,0.204252,0.153484,0.190573,1.729222,4.471248,1.911402,0.030106,1.855562,14.430611,87499.952944,splice rupture
1862,0.0232,239.106015,0.768595,0.915183,0.414108,0.082366,0.119085,0.235384,0.182893,0.125395,0.931382,2.554815,1.677128,0.029371,1.352731,16.657523,97225.656378,splice rupture
1863,0.0322,236.493073,0.754158,0.909039,0.429624,0.063443,0.197544,0.328357,0.269545,0.154884,2.142158,0.649919,1.116617,0.032894,1.515367,8.418816,100406.484623,splice rupture
1864,0.0382,237.351328,0.936666,0.894663,0.464646,0.054174,0.054592,0.195593,0.129548,0.164948,0.990411,3.742131,0.620976,0.023949,1.459152,10.199086,86327.733114,splice rupture
1865,0.051,238.093566,0.845632,0.961018,0.282217,0.035163,0.112211,0.303931,0.205358,0.14657,1.651603,2.281007,0.82357,0.032752,1.632048,6.209332,97597.572347,splice rupture
1866,0.0533,239.572219,0.946791,0.92036,0.399891,0.085339,0.113829,0.209302,0.18726,0.170928,1.147593,3.422559,0.378463,0.01478,1.704064,19.211588,99877.324015,splice rupture
1867,0.068,235.272508,0.853643,0.948896,0.32031,0.071851,0.140668,0.295571,0.197098,0.216317,1.761853,4.911624,1.687873,0.028237,2.371125,12.961704,97103.450681,splice rupture
1868,0.0766,237.389165,0.933573,0.891701,0.467324,0.067823,0.195217,0.374232,0.360492,0.221906,1.865794,1.282213,1.801567,0.026983,1.846608,3.0,91176.790611,splice rupture
1869,0.0784,236.472109,0.822807,0.904994,0.442188,0.061904,0.106039,0.229575,0.168213,0.151688,3.487571,2.334768,1.105318,0.025432,1.659425,18.368081,95786.264711,splice rupture
1870,0.082,236.630622,0.99351,0.875235,0.506182,0.052609,0.189093,0.264113,0.221175,0.22087,1.385818,1.577097,0.511695,0.030871,1.671994,21.818989,125501.163421,splice rupture
1871,0.0981,238.985735,0.892387,0.89339,0.462959,0.039734,0.14742,0.28707,0.234373,0.187592,1.58405,2.43324,0.985277,0.035959,1.888937,9.318026,87491.34578,splice rupture
1872,0.1079,237.468114,0.779816,0.888321,0.477024,0.067054,0.168472,0.230731,0.173364,0.200598,1.577607,5.608589,1.975965,0.033063,2.060715,18.361995,122761.435478,splice rupture
1873,0.1213,235.666302,0.905723,0.95991,0.28369,0.05123,0.151685,0.259998,0.280424,0.232109,1.23667,5.572336,1.519246,0.024117,2.339909,13.531906,62003.007129,splice rupture
1874,0.1365,237.841561,0.852439,0.88615,0.480692,0.053521,0.116044,0.297323,0.264711,0.115826,1.620772,3.48373,1.52863,0.026769,1.616295,3.0,74888.517515,splice rupture
1875,0.143,240.035859,0.831774,0.895319,0.463203,0.096357,0.189724,0.323169,0.241339,0.150009,2.00719,2.299453,2.880662,0.015397,1.661818,28.670773,99603.012129,splice rupture
1876,0.153,236.193309,0.858642,0.870927,0.515232,0.061038,0.189433,0.30021,0.243236,0.158339,1.189012,2.52177,1.334437,0.02394,1.520982,13.573963,53702.81728,splice rupture
1877,0.1646,238.532937,0.917612,0.910674,0.426287,0.012941,0.174487,0.40685,0.286796,0.279789,1.786485,4.152968,0.138529,0.020469,1.995069,16.409911,92862.644084,splice rupture
1878,0.1791,239.567704,0.659424,0.881995,0.489754,0.051291,0.183205,0.208516,0.236657,0.179714,1.382043,-0.207899,0.595681,0.025855,1.714655,10.627863,84236.947458,splice rupture
1879,0.1871,237.950577,0.818415,0.918371,0.405903,0.041971,0.14811,0.198644,0.200697,0.137781,1.969281,4.493419,1.387173,0.027487,1.509695,12.931289,87618.750036,splice rupture
1880,0.2034,239.928,0.91144,0.864234,0.527237,0.059216,0.153733,0.284581,0.251823,0.185256,2.051102,0.780051,1.269508,0.029928,2.16817,16.131637,98158.095922,splice rupture
1881,0.2143,237.340189,0.87234,0.897568,0.45589,0.033511,0.188215,0.325478,0.251533,0.15607,1.256461,4.750179,1.161826,0.023934,1.836418,7.702222,95480.109683,splice rupture
1882,0.015,239.44594,0.748626,0.863084,0.529443,0.070673,0.167329,0.293886,0.214363,0.168062,2.766723,0.979928,1.088824,0.02165,1.116771,26.857753,62041.781624,splice rupture
1883,0.0178,239.209937,0.636901,0.89019,0.473872,0.056079,0.201647,0.317573,0.346397,0.256313,2.056023,2.337729,0.911633,0.040511,2.675377,20.867027,117485.357093,splice rupture
1884,0.0265,237.967467,1.003083,0.894256,0.461731,0.052486,0.082767,0.108799,0.243322,0.13407,1.074662,2.246256,1.05826,0.00625,0.3,18.6178,55591.949623,splice rupture
1885,0.0308,236.512796,0.833163,0.888019,0.476639,0.064992,0.160165,0.167502,0.174187,0.148659,1.666736,2.727681,1.676846,0.025414,1.342595,14.007524,62176.795808,splice rupture
1886,0.0464,236.99827,0.986264,0.889996,0.47341,0.060467,0.162535,0.278649,0.284042,0.191138,2.480307,0.281135,2.199004,0.026037,2.052437,9.671469,97708.084887,splice rupture
1887,0.0516,235.655813,0.921547,0.919423,0.406533,0.059306,0.129773,0.127617,0.149394,0.145454,1.276662,2.114562,1.86266,0.011304,0.750148,22.210627,74614.521924,splice rupture
1888,0.0641,238.59415,0.778575,0.943489,0.339059,0.057516,0.180781,0.192963,0.238425,0.166712,1.224714,3.243824,0.650736,0.031329,1.553898,19.274854,96015.355626,splice rupture
1889,0.0666,238.474301,0.624871,0.906786,0.435194,0.061594,0.104937,0.247165,0.182635,0.2336,1.115237,2.360301,1.132957,0.034688,1.385545,12.204043,84951.679262,splice rupture
1890,0.0712,238.079217,0.808407,0.882799,0.489612,0.068864,0.1211,0.222681,0.351117,0.116164,1.262499,2.520756,0.957631,0.019824,1.400469,7.408345,38536.43446,splice rupture
1891,0.0777,237.877286,0.846648,0.901282,0.447925,0.066359,0.211141,0.287889,0.175769,0.250601,1.933135,5.437543,1.588438,0.027723,2.375884,3.968681,81967.258151,splice rupture
1892,0.0913,239.357592,0.890559,0.892915,0.468634,0.084538,0.204781,0.284375,0.378975,0.21988,1.634771,5.335684,1.259088,0.031309,2.109358,15.200005,133864.479253,splice rupture
1893,0.0967,238.297798,0.750021,0.917788,0.408974,0.051066,0.189647,0.246129,0.283624,0.207787,1.442966,2.072748,1.096746,0.022824,1.675741,13.257531,82612.343883,splice rupture
1894,0.1108,237.445355,0.866021,0.905757,0.439551,0.066763,0.154062,0.299194,0.222401,0.223522,2.805791,5.493686,2.120829,0.029469,2.067981,23.299372,114302.118819,splice rupture
1895,0.1246,238.147228,0.865988,0.868444,0.516708,0.110922,0.125268,0.230407,0.282196,0.172214,1.340335,2.037255,1.061967,0.023386,1.797579,21.945432,111728.060519,splice rupture
1896,0.1414,240.047505,0.938736,0.921959,0.396479,0.061181,0.153872,0.274051,0.18707,0.192622,1.663102,7.629932,1.271633,0.042942,1.897945,15.27226,111356.992002,splice rupture
1897,0.1534,238.622167,0.822387,0.919337,0.404817,0.061956,0.271307,0.501132,0.276289,0.209063,2.098132,5.558279,1.584924,0.033066,1.956655,14.432162,74617.550933,splice rupture
1898,0.1648,237.610082,0.889848,0.929901,0.377394,0.036732,0.215541,0.306133,0.210106,0.22867,2.241373,5.681026,1.681648,0.040632,1.945404,6.935389,146543.604187,splice rupture
1899,0.1756,237.955528,0.875959,0.889671,0.477772,0.047736,0.205292,0.369454,0.288747,0.26551,1.882744,6.769596,1.748354,0.038513,1.895681,22.426843,126869.074175,splice rupture
1900,0.1788,238.463379,0.928803,0.906019,0.434302,0.059873,0.149695,0.222636,0.200223,0.158765,1.152852,2.744642,1.855812,0.01299,1.407971,14.602891,92795.730209,splice rupture
1901,0.1883,237.578914,0.776208,0.876304,0.50261,0.072669,0.190979,0.302811,0.313692,0.150796,1.950378,3.351961,0.606147,0.032965,2.553385,19.236967,120301.787547,splice rupture
1902,0.203,237.490455,0.573623,0.898975,0.453256,0.074983,0.167314,0.325073,0.332284,0.161188,2.02918,4.265088,1.302798,0.02456,1.550728,23.237629,107899.737015,splice rupture
1903,0.2048,237.988678,0.828682,0.90794,0.432811,0.068525,0.153356,0.352016,0.231729,0.204367,1.87111,5.908983,1.21526,0.041585,1.5572,11.040747,105672.624148,splice rupture
1904,0.2083,239.51909,0.829213,0.887279,0.481985,0.078082,0.242905,0.253053,0.152669,0.225844,2.19036,11.851023,1.179145,0.045877,2.338085,9.20459,88574.329441,splice rupture
1905,0.2191,238.790977,0.745823,0.906847,0.43637,0.042013,0.094848,0.175994,0.225898,0.136549,1.248924,4.159019,1.448098,0.026191,1.354303,32.28094,87871.471506,splice rupture
1906,0.2337,237.590471,0.714275,0.90336,0.44085,0.071778,0.106767,0.162977,0.117119,0.152883,0.908381,2.627229,1.465677,0.026108,1.268906,19.161281,29969.357744,splice rupture
1907,0.24,238.869013,0.798277,0.891003,0.473547,0.062267,0.194394,0.343913,0.405911,0.175323,2.021986,8.989656,1.058058,0.037322,2.323928,13.049811,171438.193284,splice rupture
1908,0.0067,238.008573,0.839661,0.927949,0.384182,0.064498,0.176905,0.220943,0.250725,0.200392,1.478232,3.040332,2.140894,0.038569,2.354426,23.67927,97404.941608,splice rupture
1909,0.0154,238.344588,0.858589,0.895311,0.462062,0.054754,0.186214,0.270008,0.18712,0.179385,2.337876,1.433528,0.478964,0.028103,1.439328,12.842201,92805.781069,splice rupture
1910,0.0317,238.253624,0.644323,0.902657,0.442466,0.042939,0.103445,0.167345,0.171899,0.237013,1.730108,1.890511,1.470709,0.034776,1.343749,17.278398,78016.894453,splice rupture
1911,0.0397,235.889743,0.692181,0.870662,0.514022,0.037697,0.087838,0.163143,0.16472,0.104104,0.928738,2.253468,0.575107,0.024657,1.297613,11.022367,63214.797945,splice rupture
1912,0.0505,234.952564,0.95166,0.910384,0.427289,0.068413,0.123487,0.31777,0.22584,0.200883,1.291999,7.306034,0.897276,0.034184,1.221989,14.881206,110003.679725,splice rupture
1913,0.0665,238.226621,0.832935,0.890462,0.473931,0.071957,0.13464,0.284986,0.278979,0.16465,1.980829,4.569631,1.162948,0.019838,1.512722,13.081509,70881.686371,splice rupture
1914,0.0721,237.147139,0.849781,0.919144,0.402238,0.059409,0.118407,0.265618,0.221884,0.184722,1.284195,3.727885,1.005825,0.02535,2.00855,9.736834,106974.921388,splice rupture
1915,0.075,236.360737,0.730007,0.873777,0.506727,0.061704,0.165823,0.347177,0.302124,0.233979,1.552055,7.42476,-0.232339,0.033435,1.102284,16.700037,98071.60038,splice rupture
1916,0.0914,237.177991,0.849604,0.908614,0.43249,0.047596,0.067215,0.151581,0.05,0.05665,1.101097,1.026805,1.064715,0.020254,0.894393,10.529834,45890.883001,splice rupture
1917,0.1015,238.924643,0.81619,0.856359,0.544872,0.072061,0.198093,0.338749,0.165607,0.177623,1.382941,1.978567,1.665959,0.031853,1.472703,19.031909,88873.503284,splice rupture
1918,0.118,238.357826,0.794332,0.912317,0.422534,0.063213,0.202904,0.243391,0.280152,0.209428,1.529872,4.781536,1.140427,0.026872,1.262686,12.86819,150544.756816,splice rupture
1919,0.1329,238.771761,0.718435,0.896504,0.460705,0.054688,0.170664,0.363538,0.221649,0.199343,2.29254,7.277882,1.114553,0.03115,1.543362,3.0,128228.205153,splice rupture
1920,0.1437,238.453096,0.771836,0.907987,0.433025,0.079322,0.18094,0.259947,0.208385,0.1649,1.152706,2.178176,0.994791,0.025024,1.630785,19.345937,108502.326882,splice rupture
1921,0.1525,237.081168,1.027482,0.887997,0.479271,0.0749,0.203039,0.35148,0.181641,0.179645,2.103468,0.599683,0.345948,0.026364,1.555361,19.463182,121721.9752,splice rupture
1922,0.1614,238.776545,0.818548,0.881014,0.493013,0.031283,0.137867,0.347239,0.183674,0.213639,1.657827,4.3031,0.296348,0.042688,2.142603,30.774864,105915.90713,splice rupture
1923,0.1655,238.58574,0.921066,0.89131,0.47129,0.062983,0.211826,0.297692,0.274399,0.204426,1.402462,6.037287,1.645161,0.026207,1.870708,15.124053,93580.542833,splice rupture
1924,0.174,237.882517,0.832324,0.90384,0.440302,0.042835,0.174111,0.315966,0.250935,0.175732,1.290097,-0.6,1.812867,0.034218,1.769768,16.283252,46983.820551,splice rupture
1925,0.1882,238.05884,0.82191,0.911531,0.424887,0.06479,0.139697,0.276272,0.189997,0.197313,1.56081,6.502619,1.540202,0.030654,1.455996,18.35013,74611.336487,splice rupture
1926,0.2051,238.792466,0.79276,0.906077,0.435,0.002,0.228145,0.328926,0.354615,0.245096,1.762439,2.095551,1.626484,0.029773,2.464638,22.137915,179145.354362,splice rupture
1927,0.2215,237.250551,0.971107,0.881265,0.493346,0.065943,0.134605,0.260555,0.255349,0.167976,1.334394,4.239847,1.471295,0.015107,2.113564,21.700395,107584.936276,splice rupture
1928,0.2379,239.087883,0.883576,0.936754,0.356902,0.07624,0.105791,0.276955,0.20731,0.156869,1.729974,0.005824,1.498497,0.025332,1.407891,17.231498,93251.882309,splice rupture
1929,0.2397,238.565094,0.778935,0.906656,0.436062,0.059784,0.181143,0.280486,0.358036,0.204697,1.549826,1.674745,0.934168,0.023812,2.166869,14.769173,93798.960001,splice rupture
1930,0.2492,238.002258,0.81453,0.887553,0.477361,0.038706,0.204172,0.257513,0.172798,0.194605,1.560918,4.98074,1.290799,0.039947,1.377675,20.898633,106996.695018,splice rupture
1931,0.2538,239.531236,0.946832,0.908484,0.430398,0.101127,0.19817,0.363709,0.301716,0.229998,2.838473,8.453612,1.145785,0.030686,2.431327,14.477805,107770.473455,splice rupture
1932,0.2648,236.705668,0.594532,0.90512,0.439687,0.085119,0.20879,0.350604,0.244321,0.227337,1.420729,4.15577,1.072817,0.025656,2.075528,5.975824,113956.767652,splice rupture
1933,0.281,237.539815,0.877945,0.896493,0.460138,0.051379,0.140213,0.293964,0.179943,0.132312,1.682898,8.158663,1.729307,0.035286,1.536385,4.491426,67163.824952,splice rupture
1934,0.296,237.317749,0.898384,0.894144,0.465921,0.05678,0.167511,0.247394,0.37802,0.213393,1.393656,2.607352,2.174515,0.032538,1.915474,12.947146,104157.084195,splice rupture
1935,0.311,238.358091,0.782523,0.919697,0.401762,0.022379,0.12609,0.245273,0.265486,0.191751,1.438639,2.259143,0.028185,0.03546,1.648292,15.839783,125426.196327,splice rupture
1936,0.3181,239.182413,0.863913,0.934557,0.361533,0.071468,0.139951,0.169864,0.129895,0.112889,1.925825,1.889227,0.892917,0.015401,1.126303,32.304205,108958.887249,splice rupture
1937,0.3274,237.016978,0.895208,0.85928,0.535473,0.034615,0.177871,0.349309,0.238962,0.140015,1.401306,3.485513,1.064279,0.02929,2.116686,14.159821,84845.387315,splice rupture
1938,0.3333,241.305498,0.739197,0.924611,0.389186,0.075327,0.115932,0.185913,0.140742,0.112189,1.5306,3.202056,1.593721,0.029207,1.414186,15.326204,54903.351185,splice rupture
1939,0.0101,237.337244,0.925774,0.900399,0.452462,0.082519,0.176897,0.391572,0.230629,0.233877,1.639797,3.612593,0.531754,0.029086,2.581198,12.16967,142909.623135,splice rupture
1940,0.0163,238.360683,0.876761,0.904734,0.442052,0.060595,0.249921,0.333537,0.288194,0.228137,1.606037,8.307029,-0.342605,0.041514,2.147708,19.331642,101950.721288,splice rupture
1941,0.0303,238.002686,0.836232,0.927033,0.38288,0.040711,0.214649,0.397825,0.297117,0.222671,1.865923,8.465659,1.888299,0.021579,1.712075,16.962402,105843.686044,splice rupture
1942,0.039,238.046157,0.859444,0.846904,0.563226,0.08698,0.166445,0.242304,0.206237,0.235782,1.876248,8.071105,1.740544,0.038861,2.65673,10.531644,108714.841626,splice rupture
1943,0.0514,237.207589,0.913647,0.916296,0.413986,0.062043,0.127207,0.235385,0.271324,0.234595,1.998011,2.585691,0.293437,0.02152,1.652826,7.919776,133022.980956,splice rupture
1944,0.0664,239.067546,1.05845,0.92565,0.385602,0.063865,0.158072,0.230794,0.206512,0.18989,1.570208,5.164396,1.173838,0.029202,2.096173,12.183432,83504.459782,splice rupture
1945,0.0725,237.146079,0.904895,0.886228,0.480114,0.043369,0.146432,0.29141,0.140161,0.101105,1.541203,3.735209,1.770824,0.022052,1.184842,9.096402,69822.65858,splice rupture
1946,0.0837,236.231071,0.922952,0.872121,0.508787,0.065861,0.192563,0.361914,0.278607,0.27633,2.078208,7.375125,0.801148,0.034311,2.162162,13.381873,143482.257927,splice rupture
1947,0.0983,236.878003,0.867417,0.932799,0.368565,0.057942,0.200642,0.257138,0.220841,0.160436,1.862941,5.038723,1.391893,0.027327,2.214449,15.990359,108531.880727,splice rupture
1948,0.1145,239.445316,1.021149,0.864872,0.525927,0.03543,0.198412,0.205129,0.295381,0.150458,1.345693,-0.140173,1.497604,0.033355,1.259077,11.491645,62976.546704,splice rupture
1949,0.1186,239.25047,0.718061,0.908373,0.431443,0.0888,0.189363,0.319569,0.288773,0.228303,1.518414,5.573775,0.532457,0.037562,2.018849,25.181492,132786.402371,splice rupture
1950,0.1306,235.992764,0.693634,0.920462,0.398495,0.097183,0.175892,0.220543,0.241897,0.120786,1.126496,4.398611,0.871767,0.019049,1.88459,23.115764,90658.047557,splice rupture
1951,0.1389,238.81373,0.863773,0.907932,0.430332,0.082364,0.164763,0.242606,0.229954,0.131232,1.134421,2.601671,0.312839,0.025583,1.496756,13.393096,82798.244475,splice rupture
1952,0.1448,236.018067,0.909413,0.911293,0.424774,0.079377,0.116283,0.138728,0.111525,0.055814,1.5036,0.955835,0.834454,0.019511,1.051832,8.250836,50388.04993,splice rupture
1953,0.1487,237.972772,0.618285,0.8947,0.463971,0.097302,0.14654,0.332783,0.307433,0.184678,2.499315,0.658706,0.811158,0.025818,2.302192,14.791444,130884.545162,splice rupture
1954,0.1593,236.792248,0.849691,0.909254,0.426277,0.04105,0.152276,0.239489,0.18908,0.206204,1.943437,4.583427,1.276414,0.01778,1.789749,14.063972,80903.5831,splice rupture
1955,0.166,238.890782,0.833756,0.885831,0.480594,0.04081,0.18699,0.349366,0.199101,0.180309,1.837,4.762733,1.594264,0.030645,1.360423,14.560523,82275.247896,splice rupture
1956,0.1778,238.554661,0.916974,0.888421,0.478436,0.053712,0.146326,0.223078,0.249282,0.179888,1.553924,6.808287,1.896789,0.030629,1.709854,12.213824,132852.548218,splice rupture
1957,0.1837,238.979579,0.888586,0.900711,0.447557,0.067957,0.160071,0.220423,0.259026,0.172584,2.091525,1.272886,2.47573,0.030242,2.493455,7.654227,56728.968343,splice rupture
1958,0.1852,237.70476,0.68726,0.869203,0.517186,0.056148,0.169055,0.272632,0.274458,0.186825,4.0,3.891286,1.40563,0.028395,1.941048,15.244227,108189.24319,splice rupture
1959,0.1986,237.808671,0.752795,0.911541,0.421801,0.0416,0.189581,0.134713,0.213598,0.102492,1.320332,0.781126,0.876505,0.023092,1.798165,12.543947,66303.355833,splice rupture
1960,0.2026,236.500754,0.777389,0.850385,0.555327,0.062113,0.179672,0.254889,0.27528,0.234858,1.982028,7.818796,1.097135,0.041723,2.361208,13.166453,110162.723479,splice rupture
1961,0.208,236.969515,0.916505,0.907256,0.431057,0.060112,0.17905,0.268727,0.22695,0.122958,1.556104,5.656029,0.687773,0.020331,1.485154,15.657728,54066.999156,splice rupture
1962,0.2132,238.948533,0.883718,0.909137,0.429131,0.078826,0.15048,0.284733,0.321789,0.188677,2.880094,9.184338,1.49597,0.028812,1.607004,14.514491,79866.524784,splice rupture
1963,0.22,238.367265,0.794135,0.88411,0.487622,0.062891,0.243765,0.332289,0.290356,0.229095,1.712435,6.791025,1.045411,0.052926,2.209748,15.50554,136702.543138,splice rupture
1964,0.229,238.104335,0.863009,0.875321,0.505613,0.023909,0.181574,0.351949,0.302051,0.244341,1.523313,7.52613,1.602153,0.035799,2.491333,12.219715,146236.093767,splice rupture
1965,0.2431,239.262114,0.754779,0.891837,0.468711,0.069709,0.165722,0.192689,0.165055,0.197868,1.892674,5.075084,0.7429,0.019856,1.321612,17.521014,89298.910425,splice rupture
1966,0.2547,236.699858,1.034467,0.912794,0.419676,0.093636,0.11073,0.308134,0.424167,0.184246,1.336892,5.443256,0.984068,0.025656,1.848583,9.975406,78952.134058,splice rupture
1967,0.2584,238.720148,0.901692,0.906914,0.434546,0.062579,0.222039,0.257903,0.191486,0.195042,1.870588,5.329006,1.537307,0.027696,1.449753,7.384409,73859.311937,splice rupture
1968,0.2628,236.820843,0.920756,0.877769,0.497676,0.081739,0.151959,0.160095,0.133979,0.153717,1.223499,2.958423,0.95158,0.022256,1.122711,8.770147,87869.952572,splice rupture
1969,0.2774,239.477874,0.973913,0.902114,0.446003,0.051898,0.093931,0.124008,0.157749,0.119726,1.528479,5.906561,0.215813,0.024825,0.920527,10.263173,99721.911657,splice rupture
1970,0.2828,238.544474,0.941462,0.905239,0.43873,0.073315,0.186308,0.287649,0.322555,0.144381,1.510121,4.047521,1.158627,0.021981,1.820931,5.985389,28800.843719,splice rupture
1971,0.2877,238.964501,0.852837,0.904391,0.440218,0.047108,0.077232,0.113576,0.138662,0.172594,0.862173,2.465054,0.68437,0.033531,1.076823,3.151053,17084.294278,splice rupture
1972,0.2892,237.298353,0.833353,0.880268,0.49587,0.05707,0.170267,0.195322,0.239595,0.181026,1.750703,4.020185,1.741378,0.027074,2.00231,18.524226,93793.024543,splice rupture
1973,0.3027,240.182098,0.965946,0.903114,0.442223,0.057227,0.140918,0.195998,0.18685,0.18012,1.618469,3.322867,1.62962,0.022982,1.47363,23.919702,95590.083175,splice rupture
1974,0.3157,239.998558,0.852388,0.918355,0.404336,0.071534,0.202875,0.268266,0.182002,0.201092,2.178034,4.618731,0.059042,0.01994,1.591016,18.903929,87171.235226,splice rupture
1975,0.3226,238.430379,0.782588,0.910739,0.424938,0.045517,0.165655,0.258965,0.255901,0.175107,1.306247,3.568082,1.591618,0.021418,1.245541,11.618322,94182.958983,splice rupture
1976,0.0137,239.175262,1.026997,0.90823,0.431949,0.032702,0.222163,0.36834,0.243242,0.175366,1.380097,8.574039,1.536566,0.025266,2.241587,3.0,111092.232122,splice rupture
1977,0.0167,237.698113,0.765766,0.932854,0.368382,0.071402,0.215469,0.295714,0.266738,0.208163,1.984543,7.242262,0.483509,0.029875,2.098182,16.343608,107583.108772,splice rupture
1978,0.0254,236.731519,0.693877,0.903356,0.443039,0.070651,0.148996,0.314453,0.258067,0.176896,1.817399,8.143295,1.627477,0.021407,2.007062,3.748852,74816.190944,splice rupture
1979,0.0399,238.795791,0.93935,0.883162,0.486546,0.06425,0.148469,0.27097,0.310008,0.14223,1.724431,3.539871,0.541071,0.031622,1.829919,14.393385,89331.828302,splice rupture
1980,0.0452,237.08069,0.784188,0.883225,0.486627,0.080658,0.125143,0.220158,0.164704,0.145616,2.961684,4.507814,1.764238,0.023643,1.853736,9.402943,80250.81274,splice rupture
1981,0.0525,239.31022,0.889159,0.903521,0.442149,0.057947,0.150044,0.235028,0.220986,0.177529,1.100619,4.451081,0.874283,0.033714,1.918304,3.0,78757.028569,splice rupture
1982,0.0643,239.047858,1.013549,0.871249,0.512204,0.067627,0.298412,0.481542,0.340289,0.229941,1.698009,8.449946,0.540758,0.045545,2.840614,25.363739,103288.483197,splice rupture
1983,0.0762,238.235223,0.726264,0.89378,0.466739,0.055002,0.136033,0.252665,0.163,0.123227,0.894185,3.606715,1.902605,0.024356,1.512163,6.209373,64153.575858,splice rupture
1984,0.0849,238.179296,0.846318,0.909283,0.429633,0.056828,0.099021,0.261185,0.315831,0.138733,1.722364,0.540399,0.385276,0.02909,0.967532,12.509463,95880.937642,splice rupture
1985,0.0931,238.989288,0.983507,0.923423,0.393092,0.068804,0.17461,0.259836,0.171979,0.1378,1.986979,3.343865,0.70632,0.035945,1.235931,14.097206,68236.954394,splice rupture
1986,0.1011,238.274564,0.91137,0.86912,0.519019,0.107332,0.180287,0.307797,0.116357,0.201773,1.632181,8.691192,0.918825,0.023565,1.357328,11.706845,93393.387276,splice rupture
1987,0.1102,237.595538,0.833816,0.901982,0.447129,0.076846,0.192262,0.299158,0.230643,0.206927,1.866685,7.226986,0.994243,0.035208,1.930026,18.252061,128035.549194,splice rupture
1988,0.117,236.485493,1.065044,0.898635,0.452111,0.072972,0.156378,0.24154,0.19772,0.138025,1.178436,5.34729,1.457898,0.027578,2.038413,9.813207,107546.634463,splice rupture
1989,0.1225,238.9589,0.841421,0.90075,0.44444,0.077469,0.201269,0.403333,0.259169,0.238354,1.45114,7.399753,1.334549,0.040461,2.332544,17.673358,151366.279067,splice rupture
1990,0.1289,238.366439,0.885719,0.902831,0.442498,0.015044,0.111898,0.266729,0.211072,0.186727,1.250553,3.147945,1.763951,0.030846,1.697264,17.229535,152753.286744,splice rupture
1991,0.1378,240.75566,0.998442,0.899367,0.45337,0.068384,0.223228,0.332672,0.207088,0.266371,2.020285,3.292143,1.51039,0.041485,2.229959,5.355738,115320.244008,splice rupture
1992,0.1452,237.904089,0.938278,0.927844,0.383543,0.080209,0.13088,0.249573,0.393333,0.205762,2.427535,3.552729,0.404889,0.025698,2.275891,16.650884,93648.637104,splice rupture
1993,0.1558,238.302036,0.968955,0.92488,0.387586,0.063689,0.122286,0.083388,0.147887,0.054942,0.731199,0.708458,1.117244,0.009036,1.074073,7.622194,43618.890982,splice rupture
1994,0.1671,238.325504,0.769041,0.942866,0.340655,0.061136,0.184927,0.397781,0.251926,0.229691,1.442697,7.238433,1.404293,0.027855,1.598962,6.840515,121769.885267,splice rupture
1995,0.184,238.650756,0.960536,0.899789,0.452443,0.043201,0.143782,0.231176,0.277039,0.146326,1.08865,4.30318,0.764641,0.020252,1.69302,17.033938,102913.154334,splice rupture
1996,0.1951,237.033121,0.865263,0.891786,0.471611,0.053332,0.172733,0.272833,0.19804,0.225029,1.275515,5.263224,2.291974,0.029721,1.483867,12.141524,77713.742995,splice rupture
1997,0.208,237.922785,0.78288,0.880645,0.495001,0.04533,0.18898,0.26998,0.256767,0.186665,1.667977,5.479291,1.493169,0.022412,1.614463,17.610564,100216.517862,splice rupture
1998,0.211,238.827659,0.869975,0.889611,0.476331,0.08199,0.159518,0.200462,0.166157,0.249113,1.408133,4.54267,1.665807,0.020895,2.027168,17.672168,77976.936957,splice rupture
1999,0.2243,237.667237,0.867122,0.914291,0.417774,0.092033,0.12988,0.183544,0.212125,0.130967,2.038975,3.30529,1.470919,0.016667,1.216358,5.003962,69644.876331,splice rupture
2000,0.2336,238.790189,1.018128,0.917371,0.410056,0.100701,0.205118,0.252739,0.220678,0.248487,1.534586,-0.315946,1.087213,0.021806,2.134461,20.184325,112229.846642,splice rupture
